ISO-10303-21;
HEADER;
FILE_DESCRIPTION (( 'STEP AP214' ),
    '1' );
FILE_NAME ('Bellcrank_project.STEP',
    '2026-04-20T12:59:48',
    ( '' ),
    ( '' ),
    'SwSTEP 2.0',
    'SolidWorks 2024',
    '' );
FILE_SCHEMA (( 'AUTOMOTIVE_DESIGN' ));
ENDSEC;

DATA;
#1 = CARTESIAN_POINT ( 'NONE',  ( -0.1689050956732617015, 0.1499999999999992173, 0.5543386317546399322 ) ) ;
#2 = CARTESIAN_POINT ( 'NONE',  ( -0.2701665551121645303, -0.1575179065247276355, -0.5128000003758383940 ) ) ;
#3 = CARTESIAN_POINT ( 'NONE',  ( -2.400625468830792027E-17, -0.1499999999999992173, -1.303836960240157203E-17 ) ) ;
#4 = LINE ( 'NONE', #776, #2569 ) ;
#5 = DIRECTION ( 'NONE',  ( 0.000000000000000000, 1.000000000000000000, 0.000000000000000000 ) ) ;
#6 = VERTEX_POINT ( 'NONE', #2647 ) ;
#7 = LINE ( 'NONE', #219, #2174 ) ;
#8 = EDGE_CURVE ( 'NONE', #1184, #1814, #2463, .T. ) ;
#9 = CARTESIAN_POINT ( 'NONE',  ( -0.2498315730365157639, -0.1595833634175730653, -0.5234042012309962910 ) ) ;
#10 = ADVANCED_FACE ( 'NONE', ( #1305 ), #2193, .F. ) ;
#11 = ORIENTED_EDGE ( 'NONE', *, *, #2696, .F. ) ;
#12 = ORIENTED_EDGE ( 'NONE', *, *, #1583, .T. ) ;
#13 = CYLINDRICAL_SURFACE ( 'NONE', #2526, 0.4064999999999999725 ) ;
#14 = DIRECTION ( 'NONE',  ( -0.4772728802129689862, 0.000000000000000000, 0.8787551409882146114 ) ) ;
#15 = DIRECTION ( 'NONE',  ( 0.5294852423891349691, 0.000000000000000000, 0.8483191487241810158 ) ) ;
#16 = AXIS2_PLACEMENT_3D ( 'NONE', #398, #3051, #3117 ) ;
#17 = CYLINDRICAL_SURFACE ( 'NONE', #3073, 0.3564999999999998725 ) ;
#18 = CARTESIAN_POINT ( 'NONE',  ( -0.9142730227309474600, -0.2750000000000000777, -0.3187551409882143361 ) ) ;
#19 = CARTESIAN_POINT ( 'NONE',  ( 2.400625468830792027E-17, 0.1499999999999992173, 1.303836960240157203E-17 ) ) ;
#20 = AXIS2_PLACEMENT_3D ( 'NONE', #795, #2650, #1845 ) ;
#21 = ORIENTED_EDGE ( 'NONE', *, *, #459, .F. ) ;
#22 = FACE_OUTER_BOUND ( 'NONE', #2568, .T. ) ;
#23 = CARTESIAN_POINT ( 'NONE',  ( 0.5143030373689009283, -0.1681439479571601170, -0.2296003893208343472 ) ) ;
#24 = AXIS2_PLACEMENT_3D ( 'NONE', #2498, #1628, #3015 ) ;
#25 = AXIS2_PLACEMENT_3D ( 'NONE', #2689, #2669, #3203 ) ;
#26 = B_SPLINE_CURVE_WITH_KNOTS ( 'NONE', 3,
 ( #3166, #235, #2145, #1087, #1864, #1880 ),
 .UNSPECIFIED., .F., .F.,
 ( 4, 2, 4 ),
 ( 0.000000000000000000, 0.001782262475763276817, 0.003564524951526553635 ),
 .UNSPECIFIED. ) ;
#27 = ADVANCED_FACE ( 'NONE', ( #1342 ), #1859, .F. ) ;
#28 = DIRECTION ( 'NONE',  ( 0.000000000000000000, 0.000000000000000000, 1.000000000000000000 ) ) ;
#29 = CIRCLE ( 'NONE', #3351, 0.5795000000000000151 ) ;
#30 = VERTEX_POINT ( 'NONE', #2949 ) ;
#31 = CARTESIAN_POINT ( 'NONE',  ( 0.5172485120181743445, -0.4154999999999999805, -2.673520720741374035 ) ) ;
#32 = EDGE_CURVE ( 'NONE', #1975, #1414, #1231, .T. ) ;
#33 = DIRECTION ( 'NONE',  ( 1.000000000000000000, 1.600416979220540672E-16, 4.021603506636084879E-34 ) ) ;
#34 = DIRECTION ( 'NONE',  ( -0.000000000000000000, 1.000000000000000000, -0.000000000000000000 ) ) ;
#35 = ORIENTED_EDGE ( 'NONE', *, *, #1895, .F. ) ;
#36 = DIRECTION ( 'NONE',  ( 0.000000000000000000, 0.000000000000000000, 1.000000000000000000 ) ) ;
#37 = AXIS2_PLACEMENT_3D ( 'NONE', #2408, #1297, #3446 ) ;
#38 = CARTESIAN_POINT ( 'NONE',  ( -1.072962970312259845, -0.4154999999999999805, 0.06456772281790244816 ) ) ;
#39 = CARTESIAN_POINT ( 'NONE',  ( 0.2410416673718445146, 0.2749999999888641522, -0.6107764590246594905 ) ) ;
#40 = EDGE_LOOP ( 'NONE', ( #1756, #2818, #520, #2180, #137 ) ) ;
#41 = LINE ( 'NONE', #2986, #1777 ) ;
#42 = CARTESIAN_POINT ( 'NONE',  ( 0.5170901962687332043, -0.4154999999999999805, -2.523520804287652908 ) ) ;
#43 = CARTESIAN_POINT ( 'NONE',  ( 0.2667485807973626333, -0.1505563555585260060, -0.5145050724675885867 ) ) ;
#44 = CARTESIAN_POINT ( 'NONE',  ( -0.5163539419941622910, -0.1518510101791365752, 0.2631544298947307015 ) ) ;
#45 = VERTEX_POINT ( 'NONE', #546 ) ;
#46 = VERTEX_POINT ( 'NONE', #1612 ) ;
#47 = LINE ( 'NONE', #1943, #2727 ) ;
#48 = DIRECTION ( 'NONE',  ( 0.000000000000000000, -1.000000000000000000, 0.000000000000000000 ) ) ;
#49 = ORIENTED_EDGE ( 'NONE', *, *, #2040, .F. ) ;
#50 = EDGE_CURVE ( 'NONE', #483, #559, #267, .T. ) ;
#51 = EDGE_CURVE ( 'NONE', #46, #3012, #451, .T. ) ;
#52 = CARTESIAN_POINT ( 'NONE',  ( 0.2817055503725376386, -0.4154999999999999805, -0.6057011531612913613 ) ) ;
#53 = DIRECTION ( 'NONE',  ( -0.000000000000000000, 1.000000000000000000, -0.000000000000000000 ) ) ;
#54 = EDGE_CURVE ( 'NONE', #2060, #1018, #3307, .T. ) ;
#55 = ORIENTED_EDGE ( 'NONE', *, *, #2940, .F. ) ;
#56 = DIRECTION ( 'NONE',  ( -1.000000000000000000, 1.600416979220540672E-16, -4.021603506636084879E-34 ) ) ;
#57 = DIRECTION ( 'NONE',  ( 1.600416979220540672E-16, 1.000000000000000000, 8.692246401601097529E-17 ) ) ;
#58 = CARTESIAN_POINT ( 'NONE',  ( -0.5316192378543964647, 0.1511113479966840756, 0.2306539311243376855 ) ) ;
#59 = ORIENTED_EDGE ( 'NONE', *, *, #2037, .F. ) ;
#60 = CARTESIAN_POINT ( 'NONE',  ( -1.026561506110902577, 0.4154999999999999805, 0.08377905330777313253 ) ) ;
#61 = VERTEX_POINT ( 'NONE', #360 ) ;
#62 = ORIENTED_EDGE ( 'NONE', *, *, #73, .F. ) ;
#63 = CARTESIAN_POINT ( 'NONE',  ( -0.4846763118865892728, 0.4154999999999999805, 0.4428104816916754727 ) ) ;
#64 = EDGE_CURVE ( 'NONE', #3471, #1741, #2787, .T. ) ;
#65 = CARTESIAN_POINT ( 'NONE',  ( -1.391545902943916557, 0.4154999999999999805, 0.5600000000000000533 ) ) ;
#66 = ORIENTED_EDGE ( 'NONE', *, *, #742, .F. ) ;
#67 = CARTESIAN_POINT ( 'NONE',  ( 0.5953873286343739357, 0.1499999999999991618, -0.3766087876054197148 ) ) ;
#68 = EDGE_CURVE ( 'NONE', #171, #2523, #381, .T. ) ;
#69 = DIRECTION ( 'NONE',  ( 0.000000000000000000, 0.000000000000000000, 1.000000000000000000 ) ) ;
#70 = CARTESIAN_POINT ( 'NONE',  ( -0.5385431610557043225, 0.2648177741200379853, 0.2144289810869049462 ) ) ;
#71 = ORIENTED_EDGE ( 'NONE', *, *, #2163, .F. ) ;
#72 = DIRECTION ( 'NONE',  ( 0.000000000000000000, 0.000000000000000000, -1.000000000000000000 ) ) ;
#73 = EDGE_CURVE ( 'NONE', #3367, #418, #332, .T. ) ;
#74 = DIRECTION ( 'NONE',  ( -0.000000000000000000, 1.000000000000000000, -0.000000000000000000 ) ) ;
#75 = CARTESIAN_POINT ( 'NONE',  ( 0.2730271362425082393, -0.1500000003208691868, -0.5112018427456096470 ) ) ;
#76 = AXIS2_PLACEMENT_3D ( 'NONE', #507, #2641, #2391 ) ;
#77 = ORIENTED_EDGE ( 'NONE', *, *, #1321, .F. ) ;
#78 = CIRCLE ( 'NONE', #2496, 0.1250000000000000000 ) ;
#79 = CARTESIAN_POINT ( 'NONE',  ( -0.8531120060896512092, -0.4154999999999999805, 0.2952568438687595553 ) ) ;
#80 = CIRCLE ( 'NONE', #3345, 0.2500000000000000000 ) ;
#81 = ORIENTED_EDGE ( 'NONE', *, *, #1223, .T. ) ;
#82 = ORIENTED_EDGE ( 'NONE', *, *, #2224, .F. ) ;
#83 = AXIS2_PLACEMENT_3D ( 'NONE', #3378, #447, #732 ) ;
#84 = CARTESIAN_POINT ( 'NONE',  ( 0.8709268602295540118, 0.4154999999999999805, -2.907967959612122399 ) ) ;
#85 = CARTESIAN_POINT ( 'NONE',  ( 0.000000000000000000, -0.4154999999999999805, 0.000000000000000000 ) ) ;
#86 = EDGE_LOOP ( 'NONE', ( #2827, #177, #1217, #1105 ) ) ;
#87 = VECTOR ( 'NONE', #3276, 39.37007874015748854 ) ;
#88 = CARTESIAN_POINT ( 'NONE',  ( -0.4983372385741207666, 0.4154999999999999805, 0.4273783413444346979 ) ) ;
#89 = DIRECTION ( 'NONE',  ( 1.600416979220540672E-16, -1.000000000000000000, 8.692246401601097529E-17 ) ) ;
#90 = FACE_OUTER_BOUND ( 'NONE', #40, .T. ) ;
#91 = ORIENTED_EDGE ( 'NONE', *, *, #604, .F. ) ;
#92 = VECTOR ( 'NONE', #2798, 39.37007874015748143 ) ;
#93 = CARTESIAN_POINT ( 'NONE',  ( -0.5467842266487041858, 0.1499999999999993006, 0.1919563999667076859 ) ) ;
#94 = AXIS2_PLACEMENT_3D ( 'NONE', #2978, #2394, #527 ) ;
#95 = FACE_BOUND ( 'NONE', #487, .T. ) ;
#96 = CARTESIAN_POINT ( 'NONE',  ( -0.4954110960021159693, -0.1500000003387186309, 0.3007322358078984847 ) ) ;
#97 = ORIENTED_EDGE ( 'NONE', *, *, #1872, .T. ) ;
#98 = EDGE_CURVE ( 'NONE', #2426, #1444, #106, .T. ) ;
#99 = VECTOR ( 'NONE', #1427, 39.37007874015748143 ) ;
#100 = PLANE ( 'NONE',  #263 ) ;
#101 = ORIENTED_EDGE ( 'NONE', *, *, #692, .F. ) ;
#102 = EDGE_CURVE ( 'NONE', #171, #904, #2863, .T. ) ;
#103 = ORIENTED_EDGE ( 'NONE', *, *, #1671, .T. ) ;
#104 = SURFACE_STYLE_USAGE ( .BOTH. , #697 ) ;
#105 = ORIENTED_EDGE ( 'NONE', *, *, #1473, .F. ) ;
#106 = LINE ( 'NONE', #1467, #897 ) ;
#107 = FACE_OUTER_BOUND ( 'NONE', #3153, .T. ) ;
#108 = CARTESIAN_POINT ( 'NONE',  ( 0.2664992289209335841, 0.2586584436193681280, -0.5147836650213228893 ) ) ;
#109 = ORIENTED_EDGE ( 'NONE', *, *, #3206, .F. ) ;
#110 = DIRECTION ( 'NONE',  ( 0.000000000000000000, 0.000000000000000000, 1.000000000000000000 ) ) ;
#111 = CARTESIAN_POINT ( 'NONE',  ( 0.3395189715325500068, -0.2749999999999999112, -0.6172901408328822503 ) ) ;
#112 = VERTEX_POINT ( 'NONE', #472 ) ;
#113 = CARTESIAN_POINT ( 'NONE',  ( -0.7031281906319325481, -0.4154999999999999805, 0.5105070313505869484 ) ) ;
#114 = ADVANCED_FACE ( 'NONE', ( #2292, #3157, #1007, #975 ), #961, .F. ) ;
#115 = VERTEX_POINT ( 'NONE', #1815 ) ;
#116 = ORIENTED_EDGE ( 'NONE', *, *, #2817, .F. ) ;
#117 = EDGE_CURVE ( 'NONE', #400, #3065, #2030, .T. ) ;
#118 = DIRECTION ( 'NONE',  ( 0.000000000000000000, 1.000000000000000000, 0.000000000000000000 ) ) ;
#119 = CARTESIAN_POINT ( 'NONE',  ( -1.391545902943916557, -0.4154999999999999805, 0.5600000000000000533 ) ) ;
#120 = ORIENTED_EDGE ( 'NONE', *, *, #3095, .T. ) ;
#121 = CARTESIAN_POINT ( 'NONE',  ( 0.5175456179079590546, 0.2750000000000001332, -2.798520563952858531 ) ) ;
#122 = DIRECTION ( 'NONE',  ( 0.000000000000000000, 0.000000000000000000, 1.000000000000000000 ) ) ;
#123 = VERTEX_POINT ( 'NONE', #3121 ) ;
#124 = CARTESIAN_POINT ( 'NONE',  ( -0.5997072566145582595, 0.2750000000281014878, 0.3402880121495718835 ) ) ;
#125 = CARTESIAN_POINT ( 'NONE',  ( -0.5155246869971223944, -0.2569608096911156214, 0.2648112297509765956 ) ) ;
#126 = ORIENTED_EDGE ( 'NONE', *, *, #604, .T. ) ;
#127 = ORIENTED_EDGE ( 'NONE', *, *, #2707, .F. ) ;
#128 = B_SPLINE_CURVE_WITH_KNOTS ( 'NONE', 3,
 ( #1944, #1642, #614, #1395, #3245, #3037, #1118, #358 ),
 .UNSPECIFIED., .F., .F.,
 ( 4, 2, 2, 4 ),
 ( 0.001209740434316483766, 0.001964938665851984935, 0.002720136897387486104, 0.004230533360458492778 ),
 .UNSPECIFIED. ) ;
#129 = VECTOR ( 'NONE', #750, 39.37007874015748143 ) ;
#130 = CARTESIAN_POINT ( 'NONE',  ( -0.3510751116643409664, -0.2749999999999999112, 0.6107917124272975729 ) ) ;
#131 = CARTESIAN_POINT ( 'NONE',  ( 0.5282201337055527635, -0.2464805120425569152, -0.3341225695882836799 ) ) ;
#132 = VECTOR ( 'NONE', #3093, 39.37007874015748143 ) ;
#133 = ORIENTED_EDGE ( 'NONE', *, *, #503, .F. ) ;
#134 = AXIS2_PLACEMENT_3D ( 'NONE', #3107, #402, #923 ) ;
#135 = AXIS2_PLACEMENT_3D ( 'NONE', #65, #342, #283 ) ;
#136 = FACE_BOUND ( 'NONE', #1855, .T. ) ;
#137 = ORIENTED_EDGE ( 'NONE', *, *, #710, .F. ) ;
#138 = DIRECTION ( 'NONE',  ( 0.000000000000000000, 0.000000000000000000, 1.000000000000000000 ) ) ;
#139 = VECTOR ( 'NONE', #2570, 39.37007874015748143 ) ;
#140 = ADVANCED_FACE ( 'NONE', ( #2064 ), #3311, .F. ) ;
#141 = DIRECTION ( 'NONE',  ( -0.000000000000000000, 1.000000000000000000, -0.000000000000000000 ) ) ;
#142 = CARTESIAN_POINT ( 'NONE',  ( -0.3483687536793194095, -0.1499999999999991063, -0.4630976802575433315 ) ) ;
#143 = ORIENTED_EDGE ( 'NONE', *, *, #3304, .T. ) ;
#144 = CIRCLE ( 'NONE', #3019, 0.4794999999999999818 ) ;
#145 = LINE ( 'NONE', #2005, #1001 ) ;
#146 = CARTESIAN_POINT ( 'NONE',  ( -0.4969599384247781471, 0.2673624093506015154, 0.2981877165774572402 ) ) ;
#147 = CARTESIAN_POINT ( 'NONE',  ( -0.5097029312265334289, -0.1513634640782974827, 0.2758162362770955611 ) ) ;
#148 = ORIENTED_EDGE ( 'NONE', *, *, #1542, .F. ) ;
#149 = CIRCLE ( 'NONE', #2126, 0.5795000000000000151 ) ;
#150 = CARTESIAN_POINT ( 'NONE',  ( 0.5175456179079590546, 0.2750000000000001332, -2.955020563952858392 ) ) ;
#151 = DIRECTION ( 'NONE',  ( 1.600416979220540672E-16, -1.000000000000000000, 8.692246401601097529E-17 ) ) ;
#152 = AXIS2_PLACEMENT_3D ( 'NONE', #3256, #852, #2941 ) ;
#153 = ORIENTED_EDGE ( 'NONE', *, *, #715, .F. ) ;
#154 = AXIS2_PLACEMENT_3D ( 'NONE', #482, #151, #1017 ) ;
#155 = CARTESIAN_POINT ( 'NONE',  ( 0.3266174455679263788, -0.4154999999999999805, 0.04348901298814159683 ) ) ;
#156 =( NAMED_UNIT ( * ) PLANE_ANGLE_UNIT ( ) SI_UNIT ( $, .RADIAN. ) );
#157 = ORIENTED_EDGE ( 'NONE', *, *, #691, .T. ) ;
#158 = CARTESIAN_POINT ( 'NONE',  ( -0.6726316554399787151, -0.4154999999999999805, -0.7772844286458566732 ) ) ;
#159 = CIRCLE ( 'NONE', #336, 0.09499999999999994560 ) ;
#160 = AXIS2_PLACEMENT_3D ( 'NONE', #827, #757, #2897 ) ;
#161 = DIRECTION ( 'NONE',  ( 0.000000000000000000, 0.000000000000000000, 1.000000000000000000 ) ) ;
#162 = EDGE_CURVE ( 'NONE', #1396, #2203, #1519, .T. ) ;
#163 = CARTESIAN_POINT ( 'NONE',  ( 0.2817055503725376386, -0.2749999999999999112, -0.6057011531612913613 ) ) ;
#164 = ORIENTED_EDGE ( 'NONE', *, *, #178, .T. ) ;
#165 = CARTESIAN_POINT ( 'NONE',  ( -0.4991043007494260775, 0.1502900495684391102, 0.2945618880013037288 ) ) ;
#166 = CARTESIAN_POINT ( 'NONE',  ( 0.3059138289139928801, -0.4154999999999999805, -2.578983018105089453 ) ) ;
#167 = EDGE_CURVE ( 'NONE', #1300, #858, #1749, .T. ) ;
#168 = VERTEX_POINT ( 'NONE', #992 ) ;
#169 = CARTESIAN_POINT ( 'NONE',  ( -0.1689050956732617292, -0.1499999999999992173, 0.5543386317546399322 ) ) ;
#170 = DIRECTION ( 'NONE',  ( -0.000000000000000000, 1.000000000000000000, -0.000000000000000000 ) ) ;
#171 = VERTEX_POINT ( 'NONE', #1239 ) ;
#172 = DIRECTION ( 'NONE',  ( -0.9191088434246635908, 3.907825744270928160E-16, 0.3940037232547144441 ) ) ;
#173 = ORIENTED_EDGE ( 'NONE', *, *, #2622, .T. ) ;
#174 = DIRECTION ( 'NONE',  ( 0.000000000000000000, -1.000000000000000000, 0.000000000000000000 ) ) ;
#175 = CARTESIAN_POINT ( 'NONE',  ( -0.2586634443167199482, -0.2750000000000000222, -0.6033949557082914916 ) ) ;
#176 = CARTESIAN_POINT ( 'NONE',  ( 0.2749054852454646536, 0.2665540209058067656, -0.5102427747274453917 ) ) ;
#177 = ORIENTED_EDGE ( 'NONE', *, *, #369, .T. ) ;
#178 = EDGE_CURVE ( 'NONE', #2426, #2212, #435, .T. ) ;
#179 = PLANE ( 'NONE',  #561 ) ;
#180 = CARTESIAN_POINT ( 'NONE',  ( -0.4991043007494311845, -0.1502900495684390270, 0.2945618880012951801 ) ) ;
#181 = ORIENTED_EDGE ( 'NONE', *, *, #2603, .T. ) ;
#182 = ADVANCED_FACE ( 'NONE', ( #2824 ), #752, .F. ) ;
#183 = CARTESIAN_POINT ( 'NONE',  ( -0.2548801007075729985, -0.2545265185824507892, 0.5809816216486060059 ) ) ;
#184 = CARTESIAN_POINT ( 'NONE',  ( -0.6647273298947579123, -0.2750000000000000222, 0.2333620082425282571 ) ) ;
#185 = EDGE_LOOP ( 'NONE', ( #252, #2999, #440, #297 ) ) ;
#186 = MECHANICAL_DESIGN_GEOMETRIC_PRESENTATION_REPRESENTATION (  '', ( #707 ), #1093 ) ;
#187 = DIRECTION ( 'NONE',  ( -1.000000000000000000, 2.276539994720219349E-16, 0.000000000000000000 ) ) ;
#188 = ORIENTED_EDGE ( 'NONE', *, *, #1851, .F. ) ;
#189 = DIRECTION ( 'NONE',  ( 0.000000000000000000, 1.000000000000000000, -0.000000000000000000 ) ) ;
#190 = AXIS2_PLACEMENT_3D ( 'NONE', #2363, #1025, #1840 ) ;
#191 = DIRECTION ( 'NONE',  ( -0.000000000000000000, 1.000000000000000000, -0.000000000000000000 ) ) ;
#192 = VECTOR ( 'NONE', #2430, 39.37007874015748143 ) ;
#193 = FACE_OUTER_BOUND ( 'NONE', #1426, .T. ) ;
#194 = ORIENTED_EDGE ( 'NONE', *, *, #2357, .F. ) ;
#195 = EDGE_CURVE ( 'NONE', #1558, #2026, #3369, .T. ) ;
#196 = VECTOR ( 'NONE', #3485, 39.37007874015748143 ) ;
#197 = CARTESIAN_POINT ( 'NONE',  ( 0.1741005577657608883, 0.4154999999999999805, -2.650573950137034895 ) ) ;
#198 = CARTESIAN_POINT ( 'NONE',  ( -0.6275631228514503279, -0.2749999999345112967, 0.2766966983750143716 ) ) ;
#199 = ORIENTED_EDGE ( 'NONE', *, *, #738, .T. ) ;
#200 = CIRCLE ( 'NONE', #1109, 0.5178653734296587707 ) ;
#201 = DIRECTION ( 'NONE',  ( -1.000000000000000000, 2.181987215386795158E-16, 0.000000000000000000 ) ) ;
#202 = CARTESIAN_POINT ( 'NONE',  ( -0.5316192378543964647, -0.1511113479966842699, 0.2306539311243376855 ) ) ;
#203 = EDGE_CURVE ( 'NONE', #2036, #1741, #2874, .T. ) ;
#204 = VERTEX_POINT ( 'NONE', #456 ) ;
#205 = CIRCLE ( 'NONE', #3136, 0.4064999999999999725 ) ;
#206 = CIRCLE ( 'NONE', #840, 0.1499999999999999667 ) ;
#207 = EDGE_CURVE ( 'NONE', #1580, #1674, #2429, .T. ) ;
#208 = CARTESIAN_POINT ( 'NONE',  ( 0.000000000000000000, 0.2924999999999999822, 0.4064999999999999725 ) ) ;
#209 = ORIENTED_EDGE ( 'NONE', *, *, #2797, .F. ) ;
#210 = CARTESIAN_POINT ( 'NONE',  ( 0.5305766515757027735, -0.2551866234404784883, -0.3518208293163997968 ) ) ;
#211 = AXIS2_PLACEMENT_3D ( 'NONE', #1046, #2378, #3457 ) ;
#212 = CARTESIAN_POINT ( 'NONE',  ( -1.077459463112261817, -0.4154999999999999805, 0.4055664922567763786 ) ) ;
#213 = CARTESIAN_POINT ( 'NONE',  ( -0.3989228892913379565, -0.2749999999933956940, -0.5652745971417038051 ) ) ;
#214 = ORIENTED_EDGE ( 'NONE', *, *, #1367, .F. ) ;
#215 = DIRECTION ( 'NONE',  ( -0.8451204097010273086, 0.000000000000000000, 0.5345759937621288316 ) ) ;
#216 = CARTESIAN_POINT ( 'NONE',  ( 0.000000000000000000, 0.2924999999999999822, 0.4064999999999999725 ) ) ;
#217 = DIRECTION ( 'NONE',  ( 0.000000000000000000, 0.000000000000000000, -1.000000000000000000 ) ) ;
#218 = ORIENTED_EDGE ( 'NONE', *, *, #630, .T. ) ;
#219 = CARTESIAN_POINT ( 'NONE',  ( -0.1689050956732633391, -10.17333010605798549, 0.5543386317546390440 ) ) ;
#220 = DIRECTION ( 'NONE',  ( -0.000000000000000000, -1.000000000000000000, 0.000000000000000000 ) ) ;
#221 = ADVANCED_FACE ( 'NONE', ( #2594 ), #2360, .F. ) ;
#222 = CARTESIAN_POINT ( 'NONE',  ( 0.000000000000000000, -0.4154999999999999805, -0.4064999999999999725 ) ) ;
#223 = ORIENTED_EDGE ( 'NONE', *, *, #1504, .T. ) ;
#224 = VERTEX_POINT ( 'NONE', #1484 ) ;
#225 = DIRECTION ( 'NONE',  ( 0.000000000000000000, 1.000000000000000000, 0.000000000000000000 ) ) ;
#226 = EDGE_CURVE ( 'NONE', #1814, #2693, #2976, .T. ) ;
#227 = CARTESIAN_POINT ( 'NONE',  ( -0.9211465990787121028, -0.2750000000000000222, -0.06563131491079049473 ) ) ;
#228 = DIRECTION ( 'NONE',  ( -0.4772728802129689862, -6.162975822039154730E-32, 0.8787551409882146114 ) ) ;
#229 = ORIENTED_EDGE ( 'NONE', *, *, #523, .F. ) ;
#230 = B_SPLINE_CURVE_WITH_KNOTS ( 'NONE', 3,
 ( #2409, #799, #536, #2134, #2062, #3207 ),
 .UNSPECIFIED., .F., .F.,
 ( 4, 2, 4 ),
 ( 0.000000000000000000, 0.001081285984595160799, 0.002162571969190321165 ),
 .UNSPECIFIED. ) ;
#231 = FACE_OUTER_BOUND ( 'NONE', #2167, .T. ) ;
#232 = DIRECTION ( 'NONE',  ( -0.000000000000000000, 1.000000000000000000, -0.000000000000000000 ) ) ;
#233 = DIRECTION ( 'NONE',  ( 0.3312448662065697880, -2.062096831803318181E-15, 0.9435448259684284800 ) ) ;
#234 = EDGE_LOOP ( 'NONE', ( #3052, #105, #2372, #1812 ) ) ;
#235 = CARTESIAN_POINT ( 'NONE',  ( -0.3296775431979314663, 0.1499999999999993283, -0.4771582855633992315 ) ) ;
#236 = DIRECTION ( 'NONE',  ( -0.000000000000000000, -1.000000000000000000, -0.000000000000000000 ) ) ;
#237 = DIRECTION ( 'NONE',  ( 0.000000000000000000, 0.000000000000000000, 1.000000000000000000 ) ) ;
#238 = CARTESIAN_POINT ( 'NONE',  ( 0.000000000000000000, 0.2924999999999999822, 0.000000000000000000 ) ) ;
#239 = VERTEX_POINT ( 'NONE', #1220 ) ;
#240 = ORIENTED_EDGE ( 'NONE', *, *, #3046, .F. ) ;
#241 = DIRECTION ( 'NONE',  ( -0.4772728802129689307, -6.162975822039154730E-32, 0.8787551409882146114 ) ) ;
#242 = CIRCLE ( 'NONE', #763, 0.1499999999999999944 ) ;
#243 = DIRECTION ( 'NONE',  ( -0.000000000000000000, -1.000000000000000000, -0.000000000000000000 ) ) ;
#244 = CARTESIAN_POINT ( 'NONE',  ( -0.2875057122153081846, -0.2750000000075606410, -0.5918028428470294422 ) ) ;
#245 = EDGE_CURVE ( 'NONE', #1507, #2261, #1393, .T. ) ;
#246 = DIRECTION ( 'NONE',  ( -0.000000000000000000, 1.000000000000000000, -0.000000000000000000 ) ) ;
#247 = AXIS2_PLACEMENT_3D ( 'NONE', #2813, #403, #2544 ) ;
#248 = AXIS2_PLACEMENT_3D ( 'NONE', #2249, #647, #1713 ) ;
#249 = DIRECTION ( 'NONE',  ( 0.000000000000000000, 0.000000000000000000, -1.000000000000000000 ) ) ;
#250 = CYLINDRICAL_SURFACE ( 'NONE', #1779, 0.1499999999999999667 ) ;
#251 = DIRECTION ( 'NONE',  ( -0.000000000000000000, 1.000000000000000000, -0.000000000000000000 ) ) ;
#252 = ORIENTED_EDGE ( 'NONE', *, *, #2532, .T. ) ;
#253 = CIRCLE ( 'NONE', #2448, 0.1250000000000000000 ) ;
#254 = CARTESIAN_POINT ( 'NONE',  ( -0.3725951665236171828, 0.2750000000066062378, -0.5692303222136286811 ) ) ;
#255 = CARTESIAN_POINT ( 'NONE',  ( 0.5170901962687332043, 0.2750000000000000777, -2.523520804287652908 ) ) ;
#256 = VECTOR ( 'NONE', #1898, 39.37007874015748143 ) ;
#257 = EDGE_CURVE ( 'NONE', #391, #1993, #2579, .T. ) ;
#258 = CARTESIAN_POINT ( 'NONE',  ( 0.000000000000000000, 0.2924999999999999822, 0.000000000000000000 ) ) ;
#259 = CARTESIAN_POINT ( 'NONE',  ( 0.4753052053105329966, 0.4154999999999999805, 0.06328674272477663454 ) ) ;
#260 = ORIENTED_EDGE ( 'NONE', *, *, #1236, .T. ) ;
#261 = ORIENTED_EDGE ( 'NONE', *, *, #1350, .T. ) ;
#262 = DIRECTION ( 'NONE',  ( 1.600416979220540672E-16, -1.000000000000000000, 8.692246401601097529E-17 ) ) ;
#263 = AXIS2_PLACEMENT_3D ( 'NONE', #1403, #627, #1744 ) ;
#264 = VECTOR ( 'NONE', #2833, 39.37007874015748143 ) ;
#265 = DIRECTION ( 'NONE',  ( -0.000000000000000000, -1.000000000000000000, -0.000000000000000000 ) ) ;
#266 = DIRECTION ( 'NONE',  ( 0.000000000000000000, 0.000000000000000000, 1.000000000000000000 ) ) ;
#267 = LINE ( 'NONE', #1410, #2019 ) ;
#268 = CIRCLE ( 'NONE', #1064, 0.09499999999999994560 ) ;
#269 = EDGE_CURVE ( 'NONE', #559, #1831, #821, .T. ) ;
#270 = CARTESIAN_POINT ( 'NONE',  ( -0.8531120060896512092, -0.4154999999999999805, 0.2952568438687595553 ) ) ;
#271 = CARTESIAN_POINT ( 'NONE',  ( 0.5175456179079590546, 0.4154999999999999805, -2.955020563952858392 ) ) ;
#272 = AXIS2_PLACEMENT_3D ( 'NONE', #737, #189, #3368 ) ;
#273 = CARTESIAN_POINT ( 'NONE',  ( 0.1741005577657605830, -0.2750000000000001332, -2.650573950137034895 ) ) ;
#274 = VERTEX_POINT ( 'NONE', #3191 ) ;
#275 = CARTESIAN_POINT ( 'NONE',  ( -0.4235130059828827176, 0.2750000000000000222, -0.5629893282854860903 ) ) ;
#276 = EDGE_CURVE ( 'NONE', #1381, #820, #1904, .T. ) ;
#277 = LINE ( 'NONE', #1881, #3192 ) ;
#278 = DIRECTION ( 'NONE',  ( -1.000000000000000000, 2.276539994720219842E-16, 0.000000000000000000 ) ) ;
#279 = ORIENTED_EDGE ( 'NONE', *, *, #3034, .F. ) ;
#280 = VERTEX_POINT ( 'NONE', #839 ) ;
#281 = CARTESIAN_POINT ( 'NONE',  ( 4.978189238533990241E-17, -0.2924999999999999822, 0.4064999999999999725 ) ) ;
#282 = CARTESIAN_POINT ( 'NONE',  ( -0.9142730227309474600, 0.4154999999999999805, -0.3187551409882143361 ) ) ;
#283 = DIRECTION ( 'NONE',  ( 0.000000000000000000, 0.000000000000000000, -1.000000000000000000 ) ) ;
#284 = ORIENTED_EDGE ( 'NONE', *, *, #2762, .T. ) ;
#285 = CARTESIAN_POINT ( 'NONE',  ( -1.248713998509903167, 0.4154999999999999805, -0.03088685322469148301 ) ) ;
#286 = CARTESIAN_POINT ( 'NONE',  ( 0.2817055503725376386, -0.4154999999999999805, -0.7557011531612913835 ) ) ;
#287 = FACE_OUTER_BOUND ( 'NONE', #428, .T. ) ;
#288 = ORIENTED_EDGE ( 'NONE', *, *, #738, .F. ) ;
#289 = EDGE_CURVE ( 'NONE', #1330, #3396, #1042, .T. ) ;
#290 = CARTESIAN_POINT ( 'NONE',  ( -0.2729745293709252563, 0.2750000000032150616, -0.5972600775295210385 ) ) ;
#291 = PLANE ( 'NONE',  #37 ) ;
#292 = PRODUCT_DEFINITION_SHAPE ( 'NONE', 'NONE',  #294 ) ;
#293 = EDGE_CURVE ( 'NONE', #1061, #2426, #1458, .T. ) ;
#294 = PRODUCT_DEFINITION ( 'UNKNOWN', '', #714, #2964 ) ;
#295 = CYLINDRICAL_SURFACE ( 'NONE', #506, 0.3564999999999993174 ) ;
#296 = AXIS2_PLACEMENT_3D ( 'NONE', #1049, #2918, #249 ) ;
#297 = ORIENTED_EDGE ( 'NONE', *, *, #590, .T. ) ;
#298 = DIRECTION ( 'NONE',  ( -0.1319848649109000849, 0.000000000000000000, 0.9912517316173784510 ) ) ;
#299 =( BOUNDED_SURFACE ( )  B_SPLINE_SURFACE ( 3, 2, ( 
 ( #1402, #2216, #625 ),
 ( #367, #2511, #96 ),
 ( #478, #2006, #180 ),
 ( #950, #1808, #463 ),
 ( #1246, #1278, #147 ),
 ( #1525, #125, #2350 ),
 ( #1228, #1755, #1259 ),
 ( #1539, #2600, #2849 ),
 ( #198, #2330, #3359 ),
 ( #2315, #927, #2299 ) ),
 .UNSPECIFIED., .F., .F., .F. ) 
 B_SPLINE_SURFACE_WITH_KNOTS ( ( 4, 2, 2, 2, 4 ),
 ( 3, 3 ),
 ( 0.005620628093112616484, 0.006283431760755592982, 0.006946235428398570347, 0.007609039096041546844, 0.008271842763684523342 ),
 ( 0.000000000000000000, 1.000000000000000000 ),
 .UNSPECIFIED. ) 
 GEOMETRIC_REPRESENTATION_ITEM ( )  RATIONAL_B_SPLINE_SURFACE ( (
 ( 1.000000000000000000, 0.7071067811865450192, 1.000000000000000000),
 ( 1.000000000000000000, 0.7185993206645323594, 1.000000000000000000),
 ( 1.000000000000000000, 0.7297223596797968170, 1.000000000000000000),
 ( 1.000000000000000000, 0.7485051079109455996, 1.000000000000000000),
 ( 1.000000000000000000, 0.7561248479778752696, 1.000000000000000000),
 ( 1.000000000000000000, 0.7653593966560554573, 1.000000000000000000),
 ( 1.000000000000000000, 0.7669233503731880397, 1.000000000000000000),
 ( 1.000000000000000000, 0.7633565094686349806, 1.000000000000000000),
 ( 1.000000000000000000, 0.7582766096635217279, 1.000000000000000000),
 ( 1.000000000000000000, 0.7507085281311765002, 1.000000000000000000) ) ) 
 REPRESENTATION_ITEM ( '' )  SURFACE ( )  );
#300 = DIRECTION ( 'NONE',  ( 1.000000000000000000, 2.181987215386794418E-16, 0.000000000000000000 ) ) ;
#301 = LINE ( 'NONE', #891, #2955 ) ;
#302 = CIRCLE ( 'NONE', #484, 0.1250000000000000000 ) ;
#303 = ADVANCED_FACE ( 'NONE', ( #2446 ), #2428, .F. ) ;
#304 = CARTESIAN_POINT ( 'NONE',  ( -1.391545902943916557, 0.2750000000000000777, 0.5600000000000000533 ) ) ;
#305 = CARTESIAN_POINT ( 'NONE',  ( -0.8531120060896512092, -0.4154999999999999805, 0.2952568438687595553 ) ) ;
#306 = CARTESIAN_POINT ( 'NONE',  ( 0.2349254691250029781, 0.1560061582548042947, -0.5297924489092812328 ) ) ;
#307 = AXIS2_PLACEMENT_3D ( 'NONE', #571, #2367, #1862 ) ;
#308 = ORIENTED_EDGE ( 'NONE', *, *, #1392, .F. ) ;
#309 = AXIS2_PLACEMENT_3D ( 'NONE', #770, #2415, #1340 ) ;
#310 = CARTESIAN_POINT ( 'NONE',  ( -2.400625468830792027E-17, -0.1499999999999992173, -1.303836960240157203E-17 ) ) ;
#311 = CYLINDRICAL_SURFACE ( 'NONE', #2345, 0.5178653734296587707 ) ;
#312 = CARTESIAN_POINT ( 'NONE',  ( 0.2792778481236515842, -0.2749999999999999112, -0.5077638560860963102 ) ) ;
#313 = CIRCLE ( 'NONE', #2621, 0.2500000000000000000 ) ;
#314 = ORIENTED_EDGE ( 'NONE', *, *, #1115, .T. ) ;
#315 = DIRECTION ( 'NONE',  ( 9.106159978880879367E-16, 0.000000000000000000, 1.000000000000000000 ) ) ;
#316 = AXIS2_PLACEMENT_3D ( 'NONE', #2989, #1385, #2200 ) ;
#317 = EDGE_CURVE ( 'NONE', #3298, #2589, #1589, .T. ) ;
#318 = EDGE_LOOP ( 'NONE', ( #101, #2781, #3305, #2937, #1752, #1908, #1140, #1745 ) ) ;
#319 = VERTEX_POINT ( 'NONE', #1318 ) ;
#320 = VECTOR ( 'NONE', #141, 39.37007874015748143 ) ;
#321 = ADVANCED_FACE ( 'NONE', ( #3224 ), #2644, .T. ) ;
#322 = FACE_OUTER_BOUND ( 'NONE', #1835, .T. ) ;
#323 = CARTESIAN_POINT ( 'NONE',  ( -1.391545902943916557, 0.2750000000000000777, 0.5600000000000000533 ) ) ;
#324 = ORIENTED_EDGE ( 'NONE', *, *, #2972, .T. ) ;
#325 =( BOUNDED_SURFACE ( )  B_SPLINE_SURFACE ( 3, 2, ( 
 ( #1486, #2563, #142 ),
 ( #3371, #3108, #702 ),
 ( #213, #2914, #2139 ),
 ( #2416, #3194, #2376 ),
 ( #514, #474, #2681 ),
 ( #491, #1874, #3456 ),
 ( #3421, #3174, #2 ),
 ( #244, #1858, #1010 ),
 ( #1275, #1082, #2083 ),
 ( #824, #1574, #2100 ) ),
 .UNSPECIFIED., .F., .F., .F. ) 
 B_SPLINE_SURFACE_WITH_KNOTS ( ( 4, 2, 2, 2, 4 ),
 ( 3, 3 ),
 ( 0.006075833246253660794, 0.007155686659514533775, 0.008235540072775406756, 0.009315393486036280604, 0.01039524689929715445 ),
 ( 0.000000000000000000, 1.000000000000000000 ),
 .UNSPECIFIED. ) 
 GEOMETRIC_REPRESENTATION_ITEM ( )  RATIONAL_B_SPLINE_SURFACE ( (
 ( 1.000000000000000000, 0.7071067811865452413, 1.000000000000000000),
 ( 1.000000000000000000, 0.7254002031193582667, 1.000000000000000000),
 ( 1.000000000000000000, 0.7425148275279479515, 1.000000000000000000),
 ( 1.000000000000000000, 0.7730688011777756552, 1.000000000000000000),
 ( 1.000000000000000000, 0.7865043070044978046, 1.000000000000000000),
 ( 1.000000000000000000, 0.8085771248678627066, 1.000000000000000000),
 ( 1.000000000000000000, 0.8172105470626463974, 1.000000000000000000),
 ( 1.000000000000000000, 0.8288567934493283884, 1.000000000000000000),
 ( 1.000000000000000000, 0.8318730315001017228, 1.000000000000000000),
 ( 1.000000000000000000, 0.8318653737234148471, 1.000000000000000000) ) ) 
 REPRESENTATION_ITEM ( '' )  SURFACE ( )  );
#326 = AXIS2_PLACEMENT_3D ( 'NONE', #2988, #1455, #3301 ) ;
#327 = DIRECTION ( 'NONE',  ( 0.000000000000000000, 1.000000000000000000, 0.000000000000000000 ) ) ;
#328 = AXIS2_PLACEMENT_3D ( 'NONE', #2113, #1652, #2691 ) ;
#329 = CARTESIAN_POINT ( 'NONE',  ( -0.5421962757204917827, 0.1500000001004807293, 0.2050250926522333983 ) ) ;
#330 = ORIENTED_EDGE ( 'NONE', *, *, #2001, .F. ) ;
#331 = CIRCLE ( 'NONE', #2747, 0.2500000000000000000 ) ;
#332 = CIRCLE ( 'NONE', #1965, 0.7045000000000001261 ) ;
#333 = DIRECTION ( 'NONE',  ( 1.600416979220540672E-16, 1.000000000000000000, 8.692246401601097529E-17 ) ) ;
#334 = FACE_OUTER_BOUND ( 'NONE', #3161, .T. ) ;
#335 = CARTESIAN_POINT ( 'NONE',  ( 0.2777056303162587225, -0.2708447344227576381, -0.5086286000873657676 ) ) ;
#336 = AXIS2_PLACEMENT_3D ( 'NONE', #1631, #1860, #567 ) ;
#337 = ADVANCED_FACE ( 'NONE', ( #2676 ), #13, .F. ) ;
#338 = PLANE ( 'NONE',  #1283 ) ;
#339 = ORIENTED_EDGE ( 'NONE', *, *, #3246, .T. ) ;
#340 = ORIENTED_EDGE ( 'NONE', *, *, #3318, .F. ) ;
#341 = DIRECTION ( 'NONE',  ( 1.600416979220540672E-16, -1.000000000000000000, 8.692246401601097529E-17 ) ) ;
#342 = DIRECTION ( 'NONE',  ( -0.000000000000000000, -1.000000000000000000, -0.000000000000000000 ) ) ;
#343 = VERTEX_POINT ( 'NONE', #2710 ) ;
#344 = ADVANCED_FACE ( 'NONE', ( #1910 ), #562, .T. ) ;
#345 = CYLINDRICAL_SURFACE ( 'NONE', #1839, 0.2000000000000000389 ) ;
#346 = CARTESIAN_POINT ( 'NONE',  ( -1.391545902943916557, 0.4154999999999999805, 0.5600000000000000533 ) ) ;
#347 = ORIENTED_EDGE ( 'NONE', *, *, #1413, .F. ) ;
#348 = CARTESIAN_POINT ( 'NONE',  ( -1.391545902943916557, 0.4154999999999999805, 0.5600000000000000533 ) ) ;
#349 = CARTESIAN_POINT ( 'NONE',  ( -0.4627043295926986377, -0.4154999999999999805, -1.079369600130906770 ) ) ;
#350 = CARTESIAN_POINT ( 'NONE',  ( 0.2393460200024918050, -0.2468108390607758607, -0.5279761094471444594 ) ) ;
#351 = ORIENTED_EDGE ( 'NONE', *, *, #293, .T. ) ;
#352 = ORIENTED_EDGE ( 'NONE', *, *, #1647, .F. ) ;
#353 = ADVANCED_FACE ( 'NONE', ( #1370 ), #1836, .F. ) ;
#354 = CARTESIAN_POINT ( 'NONE',  ( 2.400625468830792027E-17, 0.1499999999999992173, 1.303836960240157203E-17 ) ) ;
#355 = ORIENTED_EDGE ( 'NONE', *, *, #2147, .T. ) ;
#356 = EDGE_LOOP ( 'NONE', ( #748, #2794, #1736, #434, #3209 ) ) ;
#357 = CARTESIAN_POINT ( 'NONE',  ( 0.2042694101456607736, -0.4154999999999999805, -3.125168345748781551 ) ) ;
#358 = CARTESIAN_POINT ( 'NONE',  ( 0.5434278096079476761, 0.2749999999999999112, -0.4483374462887394496 ) ) ;
#359 = ORIENTED_EDGE ( 'NONE', *, *, #800, .F. ) ;
#360 = CARTESIAN_POINT ( 'NONE',  ( 0.2042694101456608013, 0.2750000000000001332, -3.125168345748781551 ) ) ;
#361 = CARTESIAN_POINT ( 'NONE',  ( 0.2817055503725376386, -0.2749999999999999112, -0.7557011531612913835 ) ) ;
#362 = EDGE_CURVE ( 'NONE', #858, #1247, #1622, .T. ) ;
#363 = CARTESIAN_POINT ( 'NONE',  ( -0.6545124000254912700, 0.2749999999999999667, 0.2452729533018469799 ) ) ;
#364 = ORIENTED_EDGE ( 'NONE', *, *, #1036, .T. ) ;
#365 = CARTESIAN_POINT ( 'NONE',  ( -0.7475289246740444149, -0.2750000000000000222, 0.3672290678791527152 ) ) ;
#366 = FACE_BOUND ( 'NONE', #1346, .T. ) ;
#367 = CARTESIAN_POINT ( 'NONE',  ( -0.5973617570414855305, -0.2750000000000000222, 0.3658017233196694806 ) ) ;
#368 = CIRCLE ( 'NONE', #1205, 0.09499999999999994560 ) ;
#369 = EDGE_CURVE ( 'NONE', #661, #554, #806, .T. ) ;
#370 = ORIENTED_EDGE ( 'NONE', *, *, #2053, .F. ) ;
#371 = VERTEX_POINT ( 'NONE', #1871 ) ;
#372 = AXIS2_PLACEMENT_3D ( 'NONE', #1931, #2486, #1149 ) ;
#373 = CARTESIAN_POINT ( 'NONE',  ( -1.077459463112261817, 0.4154999999999999805, 0.4055664922567763786 ) ) ;
#374 = VECTOR ( 'NONE', #2732, 39.37007874015748143 ) ;
#375 = ORIENTED_EDGE ( 'NONE', *, *, #3331, .F. ) ;
#376 = VERTEX_POINT ( 'NONE', #1338 ) ;
#377 = CIRCLE ( 'NONE', #492, 0.1499999999999999667 ) ;
#378 = FACE_OUTER_BOUND ( 'NONE', #2332, .T. ) ;
#379 = ORIENTED_EDGE ( 'NONE', *, *, #1671, .F. ) ;
#380 = CIRCLE ( 'NONE', #1274, 0.1500000000000000500 ) ;
#381 = LINE ( 'NONE', #2810, #512 ) ;
#382 = LINE ( 'NONE', #2433, #713 ) ;
#383 = CARTESIAN_POINT ( 'NONE',  ( -0.5371419163893591531, 0.1504431588559623501, 0.2179250687140585896 ) ) ;
#384 = ORIENTED_EDGE ( 'NONE', *, *, #2308, .T. ) ;
#385 = CIRCLE ( 'NONE', #2242, 0.2499999999999999167 ) ;
#386 = EDGE_CURVE ( 'NONE', #115, #1501, #1116, .T. ) ;
#387 = AXIS2_PLACEMENT_3D ( 'NONE', #1089, #1638, #237 ) ;
#388 = DIRECTION ( 'NONE',  ( -0.000000000000000000, 1.000000000000000000, -0.000000000000000000 ) ) ;
#389 = CARTESIAN_POINT ( 'NONE',  ( 0.6107455982037994779, -0.2750000000000001332, -3.454525085807507168 ) ) ;
#390 = ORIENTED_EDGE ( 'NONE', *, *, #3350, .T. ) ;
#391 = VERTEX_POINT ( 'NONE', #2414 ) ;
#392 = EDGE_CURVE ( 'NONE', #921, #3444, #3300, .T. ) ;
#393 = CARTESIAN_POINT ( 'NONE',  ( -0.4992172830648111681, -0.1500000000000000500, 0.2946341218088355252 ) ) ;
#394 = AXIS2_PLACEMENT_3D ( 'NONE', #1533, #3384, #3106 ) ;
#395 = ORIENTED_EDGE ( 'NONE', *, *, #1266, .T. ) ;
#396 = ORIENTED_EDGE ( 'NONE', *, *, #1244, .F. ) ;
#397 = CIRCLE ( 'NONE', #1847, 0.3564999999999995950 ) ;
#398 = CARTESIAN_POINT ( 'NONE',  ( -1.391545902943916557, -0.4154999999999999805, 0.5600000000000000533 ) ) ;
#399 = FACE_BOUND ( 'NONE', #1052, .T. ) ;
#400 = VERTEX_POINT ( 'NONE', #3128 ) ;
#401 = CARTESIAN_POINT ( 'NONE',  ( 4.401146692856478960E-17, 0.2749999999999999112, 2.390367760440300249E-17 ) ) ;
#402 = DIRECTION ( 'NONE',  ( -0.000000000000000000, -1.000000000000000000, -0.000000000000000000 ) ) ;
#403 = DIRECTION ( 'NONE',  ( 1.600416979220540672E-16, 1.000000000000000000, 8.692246401601097529E-17 ) ) ;
#404 = VERTEX_POINT ( 'NONE', #2828 ) ;
#405 = LINE ( 'NONE', #197, #1790 ) ;
#406 = DIRECTION ( 'NONE',  ( 0.000000000000000000, 0.000000000000000000, 1.000000000000000000 ) ) ;
#407 = EDGE_CURVE ( 'NONE', #1993, #224, #145, .T. ) ;
#408 = ORIENTED_EDGE ( 'NONE', *, *, #2770, .T. ) ;
#409 = ORIENTED_EDGE ( 'NONE', *, *, #548, .F. ) ;
#410 = CARTESIAN_POINT ( 'NONE',  ( -0.2290198636048381697, -0.2395955754583624919, 0.5729677339435828021 ) ) ;
#411 = DIRECTION ( 'NONE',  ( -0.000000000000000000, -1.000000000000000000, -0.000000000000000000 ) ) ;
#412 = EDGE_CURVE ( 'NONE', #2500, #952, #1449, .T. ) ;
#413 = ORIENTED_EDGE ( 'NONE', *, *, #2536, .T. ) ;
#414 = ORIENTED_EDGE ( 'NONE', *, *, #2495, .F. ) ;
#415 = DIRECTION ( 'NONE',  ( 0.000000000000000000, 0.000000000000000000, -1.000000000000000000 ) ) ;
#416 = DIRECTION ( 'NONE',  ( -0.000000000000000000, 1.000000000000000000, -0.000000000000000000 ) ) ;
#417 = DIRECTION ( 'NONE',  ( 0.000000000000000000, 1.000000000000000000, 0.000000000000000000 ) ) ;
#418 = VERTEX_POINT ( 'NONE', #3388 ) ;
#419 = EDGE_CURVE ( 'NONE', #888, #2283, #3436, .T. ) ;
#420 = CARTESIAN_POINT ( 'NONE',  ( -0.5195878495352473925, 0.1519457595842990116, 0.2567102559020764119 ) ) ;
#421 = CYLINDRICAL_SURFACE ( 'NONE', #494, 0.1564999999999998059 ) ;
#422 = B_SPLINE_CURVE_WITH_KNOTS ( 'NONE', 3,
 ( #1141, #2462, #2218, #1442, #44, #607, #393, #3270 ),
 .UNSPECIFIED., .F., .F.,
 ( 4, 2, 2, 4 ),
 ( 0.000000000000000000, 0.0005464879758746065070, 0.001092975951749213014, 0.002185951903498425594 ),
 .UNSPECIFIED. ) ;
#423 = ORIENTED_EDGE ( 'NONE', *, *, #2743, .F. ) ;
#424 = AXIS2_PLACEMENT_3D ( 'NONE', #1868, #2673, #538 ) ;
#425 = CARTESIAN_POINT ( 'NONE',  ( 0.5172485120181743445, 0.2750000000000001887, -2.673520720741374479 ) ) ;
#426 = CARTESIAN_POINT ( 'NONE',  ( 0.5143030373689009283, -0.1681439479571601170, -0.2296003893208343472 ) ) ;
#427 = VECTOR ( 'NONE', #740, 39.37007874015748143 ) ;
#428 = EDGE_LOOP ( 'NONE', ( #2549, #2854, #3082, #284 ) ) ;
#429 = EDGE_CURVE ( 'NONE', #1831, #1975, #206, .T. ) ;
#430 = AXIS2_PLACEMENT_3D ( 'NONE', #890, #1371, #2753 ) ;
#431 = CIRCLE ( 'NONE', #829, 0.3499999999999999778 ) ;
#432 = CARTESIAN_POINT ( 'NONE',  ( -0.7031281906319325481, 0.4154999999999999805, 0.5105070313505869484 ) ) ;
#433 = FACE_BOUND ( 'NONE', #3098, .T. ) ;
#434 = ORIENTED_EDGE ( 'NONE', *, *, #1566, .F. ) ;
#435 = LINE ( 'NONE', #2578, #2073 ) ;
#436 = AXIS2_PLACEMENT_3D ( 'NONE', #2759, #333, #3299 ) ;
#437 = EDGE_CURVE ( 'NONE', #2769, #3298, #2745, .T. ) ;
#438 = DIRECTION ( 'NONE',  ( 0.000000000000000000, 0.000000000000000000, 1.000000000000000000 ) ) ;
#439 = CARTESIAN_POINT ( 'NONE',  ( 0.2792778481236519728, 0.2749999999999999667, -0.5077638560860959771 ) ) ;
#440 = ORIENTED_EDGE ( 'NONE', *, *, #865, .F. ) ;
#441 = AXIS2_PLACEMENT_3D ( 'NONE', #1411, #2756, #3296 ) ;
#442 = CARTESIAN_POINT ( 'NONE',  ( 4.401146692856478960E-17, 0.2749999999999999112, 2.390367760440300249E-17 ) ) ;
#443 = DIRECTION ( 'NONE',  ( -0.9551864231428950358, 0.000000000000000000, 0.2960048936140786680 ) ) ;
#444 = FACE_OUTER_BOUND ( 'NONE', #3391, .T. ) ;
#445 = ORIENTED_EDGE ( 'NONE', *, *, #1450, .F. ) ;
#446 = AXIS2_PLACEMENT_3D ( 'NONE', #2612, #1258, #443 ) ;
#447 = DIRECTION ( 'NONE',  ( 1.600416979220540672E-16, 1.000000000000000000, 8.692246401601097529E-17 ) ) ;
#448 = CARTESIAN_POINT ( 'NONE',  ( 0.5175456179079590546, 0.4154999999999999805, -3.311520563952857987 ) ) ;
#449 = ORIENTED_EDGE ( 'NONE', *, *, #2466, .T. ) ;
#450 = EDGE_CURVE ( 'NONE', #1444, #2548, #397, .T. ) ;
#451 = CIRCLE ( 'NONE', #1624, 0.1250000000000000278 ) ;
#452 =( LENGTH_UNIT ( ) NAMED_UNIT ( * ) SI_UNIT ( $, .METRE. ) );
#453 = FACE_OUTER_BOUND ( 'NONE', #2009, .T. ) ;
#454 = ORIENTED_EDGE ( 'NONE', *, *, #2718, .F. ) ;
#455 = EDGE_CURVE ( 'NONE', #2703, #820, #1552, .T. ) ;
#456 = CARTESIAN_POINT ( 'NONE',  ( -0.4627043295926986377, -0.2750000000000000222, -0.5615042267012479993 ) ) ;
#457 = FACE_OUTER_BOUND ( 'NONE', #662, .T. ) ;
#458 = DIRECTION ( 'NONE',  ( 0.000000000000000000, 0.000000000000000000, 1.000000000000000000 ) ) ;
#459 = EDGE_CURVE ( 'NONE', #239, #2823, #3416, .T. ) ;
#460 = ORIENTED_EDGE ( 'NONE', *, *, #2659, .F. ) ;
#461 = CARTESIAN_POINT ( 'NONE',  ( 0.2817055503725376386, 0.4154999999999999805, -0.7557011531612913835 ) ) ;
#462 = CARTESIAN_POINT ( 'NONE',  ( -0.5257819936126724158, 0.1517471723558152241, 0.2437724021759971049 ) ) ;
#463 = CARTESIAN_POINT ( 'NONE',  ( -0.5062496454459582962, -0.1509748910320133086, 0.2821047772996900238 ) ) ;
#464 = ORIENTED_EDGE ( 'NONE', *, *, #203, .F. ) ;
#465 = DIMENSIONAL_EXPONENTS ( 1.000000000000000000, 0.000000000000000000, 0.000000000000000000, 0.000000000000000000, 0.000000000000000000, 0.000000000000000000, 0.000000000000000000 ) ;
#466 = DIRECTION ( 'NONE',  ( -0.000000000000000000, 1.000000000000000000, -0.000000000000000000 ) ) ;
#467 = CARTESIAN_POINT ( 'NONE',  ( 0.5175456179079590546, 0.4154999999999999805, -2.955020563952858392 ) ) ;
#468 = VERTEX_POINT ( 'NONE', #784 ) ;
#469 = EDGE_CURVE ( 'NONE', #756, #539, #2185, .T. ) ;
#470 = CARTESIAN_POINT ( 'NONE',  ( 0.2817055503725376386, 0.2749999999999999112, -0.7557011531612913835 ) ) ;
#471 = VERTEX_POINT ( 'NONE', #1366 ) ;
#472 = CARTESIAN_POINT ( 'NONE',  ( -0.6336666462488835805, -0.2750000000000000222, 0.2695797895826329005 ) ) ;
#473 = CARTESIAN_POINT ( 'NONE',  ( -1.391545902943916557, 0.2750000000000000777, 0.5600000000000000533 ) ) ;
#474 = CARTESIAN_POINT ( 'NONE',  ( -0.3079056929623784633, -0.2517448763395120359, -0.4911626921382178934 ) ) ;
#475 = ORIENTED_EDGE ( 'NONE', *, *, #503, .T. ) ;
#476 = ADVANCED_FACE ( 'NONE', ( #3238 ), #295, .T. ) ;
#477 = DIRECTION ( 'NONE',  ( 0.000000000000000000, 1.000000000000000000, 0.000000000000000000 ) ) ;
#478 = CARTESIAN_POINT ( 'NONE',  ( -0.5975737459125738393, -0.2749999999718992227, 0.3577153640105131260 ) ) ;
#479 = ORIENTED_EDGE ( 'NONE', *, *, #1983, .T. ) ;
#480 = CARTESIAN_POINT ( 'NONE',  ( -0.1847722919393142982, -0.1985215666074027774, 0.5592557533016897509 ) ) ;
#481 = EDGE_CURVE ( 'NONE', #112, #3116, #2803, .T. ) ;
#482 = CARTESIAN_POINT ( 'NONE',  ( -2.400625468830792027E-17, -0.1499999999999992173, -1.303836960240157203E-17 ) ) ;
#483 = VERTEX_POINT ( 'NONE', #2132 ) ;
#484 = AXIS2_PLACEMENT_3D ( 'NONE', #2272, #3381, #2027 ) ;
#485 = AXIS2_PLACEMENT_3D ( 'NONE', #19, #1645, #1380 ) ;
#486 = DIRECTION ( 'NONE',  ( -0.4819289872711852163, 0.000000000000000000, 0.8762102779742826364 ) ) ;
#487 = EDGE_LOOP ( 'NONE', ( #2545, #859 ) ) ;
#488 = CARTESIAN_POINT ( 'NONE',  ( 0.5330548866225260918, -0.2622787982106892235, -0.3704332269059029126 ) ) ;
#489 = AXIS2_PLACEMENT_3D ( 'NONE', #1696, #1425, #1145 ) ;
#490 = CARTESIAN_POINT ( 'NONE',  ( -1.077459463112261817, -0.4154999999999999805, 0.4055664922567763786 ) ) ;
#491 = CARTESIAN_POINT ( 'NONE',  ( -0.3308065224728602427, -0.2750000000095771946, -0.5783750929691928722 ) ) ;
#492 = AXIS2_PLACEMENT_3D ( 'NONE', #365, #3267, #1154 ) ;
#493 = ORIENTED_EDGE ( 'NONE', *, *, #3285, .T. ) ;
#494 = AXIS2_PLACEMENT_3D ( 'NONE', #1490, #967, #705 ) ;
#495 = CARTESIAN_POINT ( 'NONE',  ( -0.5333522264861775275, 0.2610268209137316942, 0.2266596783875787502 ) ) ;
#496 = DIRECTION ( 'NONE',  ( 0.000000000000000000, 0.000000000000000000, 1.000000000000000000 ) ) ;
#497 = CARTESIAN_POINT ( 'NONE',  ( -0.4627043295926986377, -0.4154999999999999805, -1.079369600130906770 ) ) ;
#498 = ORIENTED_EDGE ( 'NONE', *, *, #630, .F. ) ;
#499 = CIRCLE ( 'NONE', #2232, 0.2500000000000000000 ) ;
#500 = ADVANCED_FACE ( 'NONE', ( #1313 ), #3187, .F. ) ;
#501 = CARTESIAN_POINT ( 'NONE',  ( -0.3424561804042073332, 0.2686875068848093573, -0.4675454587362498082 ) ) ;
#502 = CARTESIAN_POINT ( 'NONE',  ( -0.7791107826861316532, -0.2749999999999999667, 0.5340534496544833143 ) ) ;
#503 = EDGE_CURVE ( 'NONE', #1558, #921, #1584, .T. ) ;
#504 = VERTEX_POINT ( 'NONE', #2389 ) ;
#505 = CIRCLE ( 'NONE', #3026, 0.1499999999999999667 ) ;
#506 = AXIS2_PLACEMENT_3D ( 'NONE', #1882, #2726, #3448 ) ;
#507 = CARTESIAN_POINT ( 'NONE',  ( 0.5170901962687332043, -0.2750000000000000777, -2.523520804287652908 ) ) ;
#508 = ORIENTED_EDGE ( 'NONE', *, *, #569, .F. ) ;
#509 = VERTEX_POINT ( 'NONE', #3469 ) ;
#510 = CARTESIAN_POINT ( 'NONE',  ( 0.2817055503725376386, -0.2749999999999999112, -0.7557011531612913835 ) ) ;
#511 = VECTOR ( 'NONE', #411, 39.37007874015748143 ) ;
#512 = VECTOR ( 'NONE', #2524, 39.37007874015748143 ) ;
#513 = LINE ( 'NONE', #212, #931 ) ;
#514 = CARTESIAN_POINT ( 'NONE',  ( -0.3588928893047558799, -0.2749999999904227943, -0.5718110196089741804 ) ) ;
#515 = ORIENTED_EDGE ( 'NONE', *, *, #1026, .F. ) ;
#516 = CIRCLE ( 'NONE', #2752, 0.5795000000000000151 ) ;
#517 = DIRECTION ( 'NONE',  ( 0.000000000000000000, 1.000000000000000000, 0.000000000000000000 ) ) ;
#518 = DIRECTION ( 'NONE',  ( -0.000000000000000000, -1.000000000000000000, -0.000000000000000000 ) ) ;
#519 = CARTESIAN_POINT ( 'NONE',  ( -1.248713998509902723, -0.2750000000000001332, -0.03088685322469221506 ) ) ;
#520 = ORIENTED_EDGE ( 'NONE', *, *, #2751, .T. ) ;
#521 = CARTESIAN_POINT ( 'NONE',  ( 0.5222539443800917613, 0.2187387523729920624, -0.2893144356858642907 ) ) ;
#522 = DIRECTION ( 'NONE',  ( -0.000000000000000000, 1.000000000000000000, -0.000000000000000000 ) ) ;
#523 = EDGE_CURVE ( 'NONE', #1684, #3032, #2293, .T. ) ;
#524 = CARTESIAN_POINT ( 'NONE',  ( 0.5175456179079590546, 0.4154999999999999805, -2.955020563952858392 ) ) ;
#525 = ORIENTED_EDGE ( 'NONE', *, *, #1643, .F. ) ;
#526 = ORIENTED_EDGE ( 'NONE', *, *, #2275, .T. ) ;
#527 = DIRECTION ( 'NONE',  ( 0.000000000000000000, 0.000000000000000000, 1.000000000000000000 ) ) ;
#528 = DIRECTION ( 'NONE',  ( 0.000000000000000000, -1.000000000000000000, 0.000000000000000000 ) ) ;
#529 = DIRECTION ( 'NONE',  ( 0.3940037232547144441, 0.000000000000000000, 0.9191088434246634797 ) ) ;
#530 = DIRECTION ( 'NONE',  ( 0.000000000000000000, 0.000000000000000000, -1.000000000000000000 ) ) ;
#531 = FACE_OUTER_BOUND ( 'NONE', #592, .T. ) ;
#532 = FACE_OUTER_BOUND ( 'NONE', #819, .T. ) ;
#533 = ORIENTED_EDGE ( 'NONE', *, *, #2053, .T. ) ;
#534 = CARTESIAN_POINT ( 'NONE',  ( -0.3294887363323458218, 0.1507003202418256971, -0.4768563417024795359 ) ) ;
#535 = CARTESIAN_POINT ( 'NONE',  ( 0.08273336776513513791, 0.2749999999999999112, 0.2669746052684393578 ) ) ;
#536 = CARTESIAN_POINT ( 'NONE',  ( 0.2542286068104172569, -0.1522895233417312921, -0.5209457173674135744 ) ) ;
#537 = LINE ( 'NONE', #835, #2240 ) ;
#538 = DIRECTION ( 'NONE',  ( 0.000000000000000000, 0.000000000000000000, -1.000000000000000000 ) ) ;
#539 = VERTEX_POINT ( 'NONE', #801 ) ;
#540 = EDGE_LOOP ( 'NONE', ( #194, #2244, #804, #918 ) ) ;
#541 = CARTESIAN_POINT ( 'NONE',  ( -1.391545902943916557, -0.2750000000000001887, 0.5600000000000000533 ) ) ;
#542 = ADVANCED_FACE ( 'NONE', ( #1111 ), #1866, .F. ) ;
#543 = AXIS2_PLACEMENT_3D ( 'NONE', #524, #2342, #2411 ) ;
#544 = CARTESIAN_POINT ( 'NONE',  ( -0.2053008632084420138, 0.2215524987118689393, 0.5656173989525704604 ) ) ;
#545 = CARTESIAN_POINT ( 'NONE',  ( -0.5257725518110323293, 0.1517479546343908359, 0.2437929389891118626 ) ) ;
#546 = CARTESIAN_POINT ( 'NONE',  ( -0.9142730227309474600, 0.2750000000000000777, -0.4137551409882142539 ) ) ;
#547 = TOROIDAL_SURFACE ( 'NONE', #485, 0.7045000000000001261, 0.1250000000000000000 ) ;
#548 = EDGE_CURVE ( 'NONE', #6, #1015, #537, .T. ) ;
#549 = CIRCLE ( 'NONE', #879, 0.3499999999999998113 ) ;
#550 = DIRECTION ( 'NONE',  ( -0.5345759937621289426, -0.000000000000000000, -0.8451204097010274197 ) ) ;
#551 = CARTESIAN_POINT ( 'NONE',  ( 0.5175456179079590546, -0.2750000000000001887, -2.798520563952858531 ) ) ;
#552 = AXIS2_PLACEMENT_3D ( 'NONE', #595, #2733, #3292 ) ;
#553 = DIRECTION ( 'NONE',  ( 0.000000000000000000, 1.000000000000000000, 0.000000000000000000 ) ) ;
#554 = VERTEX_POINT ( 'NONE', #3489 ) ;
#555 = CIRCLE ( 'NONE', #25, 0.2500000000000000555 ) ;
#556 = CARTESIAN_POINT ( 'NONE',  ( -0.3164238391174472032, 0.2749999999924330751, -0.5823606299036582223 ) ) ;
#557 = CARTESIAN_POINT ( 'NONE',  ( 0.3794822376025093758, -0.2750000000000001332, -2.709702906580559567 ) ) ;
#558 = DIRECTION ( 'NONE',  ( 0.000000000000000000, 1.000000000000000000, 0.000000000000000000 ) ) ;
#559 = VERTEX_POINT ( 'NONE', #1905 ) ;
#560 = VERTEX_POINT ( 'NONE', #1076 ) ;
#561 = AXIS2_PLACEMENT_3D ( 'NONE', #1754, #477, #1245 ) ;
#562 = PLANE ( 'NONE',  #2069 ) ;
#563 = AXIS2_PLACEMENT_3D ( 'NONE', #3493, #1080, #2585 ) ;
#564 = DIRECTION ( 'NONE',  ( -0.000000000000000000, -1.000000000000000000, -0.000000000000000000 ) ) ;
#565 = EDGE_CURVE ( 'NONE', #2730, #941, #2148, .T. ) ;
#566 = PLANE ( 'NONE',  #489 ) ;
#567 = DIRECTION ( 'NONE',  ( 1.000000000000000000, 0.000000000000000000, 0.000000000000000000 ) ) ;
#568 = CARTESIAN_POINT ( 'NONE',  ( 0.6969889090599681314, 0.4154999999999999805, -2.738128066939856442 ) ) ;
#569 = EDGE_CURVE ( 'NONE', #3376, #1433, #849, .T. ) ;
#570 = ADVANCED_FACE ( 'NONE', ( #3341 ), #100, .F. ) ;
#571 = CARTESIAN_POINT ( 'NONE',  ( -0.8531120060896512092, 0.4154999999999999805, 0.2952568438687595553 ) ) ;
#572 = ORIENTED_EDGE ( 'NONE', *, *, #2237, .T. ) ;
#573 = VECTOR ( 'NONE', #2441, 39.37007874015748143 ) ;
#574 = CARTESIAN_POINT ( 'NONE',  ( -0.2406018868953306300, 0.2429768869659333641, -0.5273607845283840856 ) ) ;
#575 = CARTESIAN_POINT ( 'NONE',  ( 0.08273336776513504076, -0.2749999999999998557, 0.2669746052684394133 ) ) ;
#576 = CARTESIAN_POINT ( 'NONE',  ( 0.3059138289139928801, 0.2750000000000000777, -2.578983018105089453 ) ) ;
#577 = VERTEX_POINT ( 'NONE', #1690 ) ;
#578 = DIRECTION ( 'NONE',  ( 0.4772728802129689862, 0.000000000000000000, -0.8787551409882146114 ) ) ;
#579 = CARTESIAN_POINT ( 'NONE',  ( -1.286020158370497324, 0.4154999999999999805, 0.9005239598504419796 ) ) ;
#580 = CARTESIAN_POINT ( 'NONE',  ( -0.4627043295926986377, -0.4154999999999999805, -1.079369600130906770 ) ) ;
#581 = DIRECTION ( 'NONE',  ( -1.600416979220540672E-16, -1.000000000000000000, -8.692246401601097529E-17 ) ) ;
#582 = DIRECTION ( 'NONE',  ( 0.000000000000000000, 1.000000000000000000, 0.000000000000000000 ) ) ;
#583 = DIRECTION ( 'NONE',  ( 0.000000000000000000, 0.000000000000000000, 1.000000000000000000 ) ) ;
#584 = VERTEX_POINT ( 'NONE', #1707 ) ;
#585 = EDGE_CURVE ( 'NONE', #1809, #1949, #1170, .T. ) ;
#586 = CARTESIAN_POINT ( 'NONE',  ( -0.8531120060896512092, -0.2750000000000000222, 0.2952568438687595553 ) ) ;
#587 = CARTESIAN_POINT ( 'NONE',  ( -0.5316192378543965757, -0.1511113479966841311, 0.2306539311243375745 ) ) ;
#588 = CARTESIAN_POINT ( 'NONE',  ( -0.9211465990787121028, 0.4154999999999999805, -0.06563131491079048085 ) ) ;
#589 = VERTEX_POINT ( 'NONE', #3286 ) ;
#590 = EDGE_CURVE ( 'NONE', #1727, #2264, #2535, .T. ) ;
#591 = CARTESIAN_POINT ( 'NONE',  ( -0.3104136570816325991, -0.1527257940266336100, -0.4898934047269950520 ) ) ;
#592 = EDGE_LOOP ( 'NONE', ( #1773, #1475, #475, #2221 ) ) ;
#593 = ORIENTED_EDGE ( 'NONE', *, *, #3004, .T. ) ;
#594 = LINE ( 'NONE', #1961, #1718 ) ;
#595 = CARTESIAN_POINT ( 'NONE',  ( -0.4627043295926986377, -0.2750000000000000777, -1.079369600130906770 ) ) ;
#596 = ORIENTED_EDGE ( 'NONE', *, *, #1742, .F. ) ;
#597 = VERTEX_POINT ( 'NONE', #373 ) ;
#598 = TOROIDAL_SURFACE ( 'NONE', #2555, 0.7045000000000001261, 0.1250000000000000000 ) ;
#599 = DIRECTION ( 'NONE',  ( -0.000000000000000000, 1.000000000000000000, -0.000000000000000000 ) ) ;
#600 = CARTESIAN_POINT ( 'NONE',  ( 0.2284696755890576469, 0.1572511863605299542, -0.5326079364210072331 ) ) ;
#601 = ORIENTED_EDGE ( 'NONE', *, *, #8, .F. ) ;
#602 = DIRECTION ( 'NONE',  ( 1.000000000000000000, 1.365923996832131609E-16, 0.000000000000000000 ) ) ;
#603 = CARTESIAN_POINT ( 'NONE',  ( 0.000000000000000000, 0.4154999999999999805, 0.000000000000000000 ) ) ;
#604 = EDGE_CURVE ( 'NONE', #831, #1763, #934, .T. ) ;
#605 = AXIS2_PLACEMENT_3D ( 'NONE', #623, #2796, #1920 ) ;
#606 = EDGE_LOOP ( 'NONE', ( #3472, #2921, #885, #1955 ) ) ;
#607 = CARTESIAN_POINT ( 'NONE',  ( -0.5063516622124855093, -0.1511171337946171089, 0.2821946734422490222 ) ) ;
#608 = CIRCLE ( 'NONE', #887, 0.1564999999999998059 ) ;
#609 = EDGE_CURVE ( 'NONE', #1041, #509, #422, .T. ) ;
#610 = EDGE_LOOP ( 'NONE', ( #479, #2738, #1688, #1691 ) ) ;
#611 = VERTEX_POINT ( 'NONE', #2516 ) ;
#612 = CIRCLE ( 'NONE', #1830, 0.5178653734296587707 ) ;
#613 = DIRECTION ( 'NONE',  ( 0.000000000000000000, 0.000000000000000000, -1.000000000000000000 ) ) ;
#614 = CARTESIAN_POINT ( 'NONE',  ( 0.5305766515757027735, 0.2551866234404784328, -0.3518208293163996858 ) ) ;
#615 = ORIENTED_EDGE ( 'NONE', *, *, #834, .T. ) ;
#616 = CIRCLE ( 'NONE', #893, 0.2795000000000000262 ) ;
#617 = DIRECTION ( 'NONE',  ( -0.000000000000000000, 1.000000000000000000, -0.000000000000000000 ) ) ;
#618 = AXIS2_PLACEMENT_3D ( 'NONE', #510, #2168, #3242 ) ;
#619 = CARTESIAN_POINT ( 'NONE',  ( -0.8531120060896512092, 0.4154999999999999805, 0.5452568438687594998 ) ) ;
#620 = ORIENTED_EDGE ( 'NONE', *, *, #3412, .F. ) ;
#621 = CIRCLE ( 'NONE', #2581, 0.09499999999999994560 ) ;
#622 = AXIS2_PLACEMENT_3D ( 'NONE', #2682, #1894, #36 ) ;
#623 = CARTESIAN_POINT ( 'NONE',  ( -1.072962970312259845, -0.2750000000000000777, 0.06456772281790244816 ) ) ;
#624 = FACE_OUTER_BOUND ( 'NONE', #1618, .T. ) ;
#625 = CARTESIAN_POINT ( 'NONE',  ( -0.4916009466856629539, -0.1499999999999991618, 0.3068366979645036907 ) ) ;
#626 = ORIENTED_EDGE ( 'NONE', *, *, #3034, .T. ) ;
#627 = DIRECTION ( 'NONE',  ( -0.8787551409882146114, 0.000000000000000000, -0.4772728802129689307 ) ) ;
#628 = ORIENTED_EDGE ( 'NONE', *, *, #2817, .T. ) ;
#629 = EDGE_LOOP ( 'NONE', ( #3189, #3451, #1151, #223, #1295, #2320, #120, #1977, #1679, #2493, #1238, #1361 ) ) ;
#630 = EDGE_CURVE ( 'NONE', #656, #911, #2018, .T. ) ;
#631 = DIRECTION ( 'NONE',  ( 0.000000000000000000, -1.000000000000000000, 0.000000000000000000 ) ) ;
#632 = DIRECTION ( 'NONE',  ( 1.600416979220540672E-16, 1.000000000000000000, 8.692246401601097529E-17 ) ) ;
#633 = ORIENTED_EDGE ( 'NONE', *, *, #1954, .F. ) ;
#634 = EDGE_CURVE ( 'NONE', #1062, #946, #953, .T. ) ;
#635 = FACE_OUTER_BOUND ( 'NONE', #1603, .T. ) ;
#636 = CARTESIAN_POINT ( 'NONE',  ( -1.286020158370497324, 0.4154999999999999805, 0.9005239598504419796 ) ) ;
#637 = ORIENTED_EDGE ( 'NONE', *, *, #1459, .F. ) ;
#638 = DIRECTION ( 'NONE',  ( -1.600416979220540672E-16, -1.000000000000000000, -8.692246401601097529E-17 ) ) ;
#639 = CARTESIAN_POINT ( 'NONE',  ( -1.286020158370497324, -0.2749999999999999112, 0.9005239598504419796 ) ) ;
#640 = EDGE_LOOP ( 'NONE', ( #2101, #3408, #3356, #2573 ) ) ;
#641 = DIRECTION ( 'NONE',  ( -0.000000000000000000, -1.000000000000000000, 0.000000000000000000 ) ) ;
#642 = ORIENTED_EDGE ( 'NONE', *, *, #1339, .F. ) ;
#643 = ORIENTED_EDGE ( 'NONE', *, *, #2728, .T. ) ;
#644 = CARTESIAN_POINT ( 'NONE',  ( -0.9142730227309474600, -0.4154999999999999805, -0.3187551409882143361 ) ) ;
#645 = ORIENTED_EDGE ( 'NONE', *, *, #1347, .F. ) ;
#646 = EDGE_CURVE ( 'NONE', #2261, #1580, #2917, .T. ) ;
#647 = DIRECTION ( 'NONE',  ( 1.600416979220540919E-16, 1.000000000000000000, 8.692246401601098762E-17 ) ) ;
#648 = CARTESIAN_POINT ( 'NONE',  ( 0.2024158294369321209, 0.1595833634175723992, -0.5429991546893592202 ) ) ;
#649 = EDGE_CURVE ( 'NONE', #468, #848, #1850, .T. ) ;
#650 = ORIENTED_EDGE ( 'NONE', *, *, #1805, .F. ) ;
#651 = COLOUR_RGB ( '',0.7921568627450980005, 0.8196078431372548767, 0.9333333333333333481 ) ;
#652 = DIRECTION ( 'NONE',  ( 1.600416979220540672E-16, 1.000000000000000000, 8.692246401601097529E-17 ) ) ;
#653 = CARTESIAN_POINT ( 'NONE',  ( -1.026561506110902577, -0.2750000000000000777, 0.08377905330777313253 ) ) ;
#654 = CARTESIAN_POINT ( 'NONE',  ( 0.2089674158460622655, -0.1595833634279532065, -0.5405568952757320300 ) ) ;
#655 = TOROIDAL_SURFACE ( 'NONE', #982, 0.2750000000000000222, 0.1250000000000000000 ) ;
#656 = VERTEX_POINT ( 'NONE', #1956 ) ;
#657 = VERTEX_POINT ( 'NONE', #916 ) ;
#658 = CIRCLE ( 'NONE', #3179, 0.3499999999999999778 ) ;
#659 = DIRECTION ( 'NONE',  ( 0.000000000000000000, -1.000000000000000000, 0.000000000000000000 ) ) ;
#660 = AXIS2_PLACEMENT_3D ( 'NONE', #3244, #841, #33 ) ;
#661 = VERTEX_POINT ( 'NONE', #1992 ) ;
#662 = EDGE_LOOP ( 'NONE', ( #390, #2311, #3241, #1337 ) ) ;
#663 = TOROIDAL_SURFACE ( 'NONE', #1212, 0.7045000000000001261, 0.1250000000000000000 ) ;
#664 = DIRECTION ( 'NONE',  ( -0.000000000000000000, -1.000000000000000000, -0.000000000000000000 ) ) ;
#665 = ORIENTED_EDGE ( 'NONE', *, *, #3415, .F. ) ;
#666 = CIRCLE ( 'NONE', #1613, 0.1250000000000000278 ) ;
#667 = DIRECTION ( 'NONE',  ( -0.5345759937621289426, 0.000000000000000000, -0.8451204097010274197 ) ) ;
#668 = ADVANCED_FACE ( 'NONE', ( #679 ), #2269, .T. ) ;
#669 = CARTESIAN_POINT ( 'NONE',  ( -0.9142730227309474600, 0.2750000000000000777, -0.3187551409882143361 ) ) ;
#670 = DIRECTION ( 'NONE',  ( -0.9912517316173785620, 0.000000000000000000, -0.1319848649109002237 ) ) ;
#671 = ORIENTED_EDGE ( 'NONE', *, *, #2015, .T. ) ;
#672 = VECTOR ( 'NONE', #236, 39.37007874015748143 ) ;
#673 = EDGE_CURVE ( 'NONE', #1251, #1741, #1960, .T. ) ;
#674 = CARTESIAN_POINT ( 'NONE',  ( -0.4954110960021198551, 0.1500000003387187419, 0.3007322358078921010 ) ) ;
#675 = DIRECTION ( 'NONE',  ( -0.000000000000000000, 1.000000000000000000, -0.000000000000000000 ) ) ;
#676 = ORIENTED_EDGE ( 'NONE', *, *, #412, .F. ) ;
#677 = EDGE_LOOP ( 'NONE', ( #1639, #1276, #1728, #1453 ) ) ;
#678 = CARTESIAN_POINT ( 'NONE',  ( -1.391545902943916557, -0.4154999999999999805, 0.4350000000000001643 ) ) ;
#679 = FACE_OUTER_BOUND ( 'NONE', #1260, .T. ) ;
#680 = EDGE_LOOP ( 'NONE', ( #2456, #339 ) ) ;
#681 = ADVANCED_FACE ( 'NONE', ( #3028 ), #338, .F. ) ;
#682 = PRODUCT_CONTEXT ( 'NONE', #1548, 'mechanical' ) ;
#683 = ORIENTED_EDGE ( 'NONE', *, *, #822, .T. ) ;
#684 = DIRECTION ( 'NONE',  ( -0.000000000000000000, -1.000000000000000000, -0.000000000000000000 ) ) ;
#685 = CARTESIAN_POINT ( 'NONE',  ( -0.3510751116643409664, 0.2749999999999999112, 0.6107917124272975729 ) ) ;
#686 = CARTESIAN_POINT ( 'NONE',  ( 0.000000000000000000, 0.2924999999999999822, 0.000000000000000000 ) ) ;
#687 = ORIENTED_EDGE ( 'NONE', *, *, #985, .T. ) ;
#688 = DIRECTION ( 'NONE',  ( 1.600416979220540672E-16, 1.000000000000000000, 8.692246401601097529E-17 ) ) ;
#689 = CYLINDRICAL_SURFACE ( 'NONE', #1047, 0.1500000000000000500 ) ;
#690 = ORIENTED_EDGE ( 'NONE', *, *, #419, .F. ) ;
#691 = EDGE_CURVE ( 'NONE', #471, #1251, #331, .T. ) ;
#692 = EDGE_CURVE ( 'NONE', #2368, #1532, #3478, .T. ) ;
#693 = DIRECTION ( 'NONE',  ( -0.000000000000000000, -1.000000000000000000, -0.000000000000000000 ) ) ;
#694 = DIRECTION ( 'NONE',  ( 0.000000000000000000, 0.000000000000000000, 1.000000000000000000 ) ) ;
#695 = EDGE_CURVE ( 'NONE', #1674, #888, #2835, .T. ) ;
#696 = ORIENTED_EDGE ( 'NONE', *, *, #3455, .F. ) ;
#697 = SURFACE_SIDE_STYLE ('',( #2521 ) ) ;
#698 = FACE_BOUND ( 'NONE', #318, .T. ) ;
#699 = ORIENTED_EDGE ( 'NONE', *, *, #2485, .T. ) ;
#700 = DIRECTION ( 'NONE',  ( -1.000000000000000000, 1.600416979220540672E-16, 0.000000000000000000 ) ) ;
#701 = DIRECTION ( 'NONE',  ( 0.000000000000000000, 1.000000000000000000, 0.000000000000000000 ) ) ;
#702 = CARTESIAN_POINT ( 'NONE',  ( -0.3390054425598431065, -0.1500000002269333277, -0.4701413022925094443 ) ) ;
#703 = ORIENTED_EDGE ( 'NONE', *, *, #2865, .T. ) ;
#704 = CARTESIAN_POINT ( 'NONE',  ( -0.6076891634762309202, 0.2750000000264883337, 0.3120659070716924055 ) ) ;
#705 = DIRECTION ( 'NONE',  ( 0.000000000000000000, 0.000000000000000000, -1.000000000000000000 ) ) ;
#706 = ORIENTED_EDGE ( 'NONE', *, *, #3160, .F. ) ;
#707 = STYLED_ITEM ( 'NONE', ( #919 ), #2640 ) ;
#708 = CARTESIAN_POINT ( 'NONE',  ( 0.6657779560113399331, -0.4154999999999999805, -2.503723074551017724 ) ) ;
#709 = DIRECTION ( 'NONE',  ( 0.000000000000000000, 0.000000000000000000, 1.000000000000000000 ) ) ;
#710 = EDGE_CURVE ( 'NONE', #3372, #657, #1576, .T. ) ;
#711 = VECTOR ( 'NONE', #862, 39.37007874015748143 ) ;
#712 = ORIENTED_EDGE ( 'NONE', *, *, #1266, .F. ) ;
#713 = VECTOR ( 'NONE', #3401, 39.37007874015748143 ) ;
#714 = PRODUCT_DEFINITION_FORMATION_WITH_SPECIFIED_SOURCE ( 'ANY', '', #2399, .NOT_KNOWN. ) ;
#715 = EDGE_CURVE ( 'NONE', #2657, #863, #3197, .T. ) ;
#716 = CARTESIAN_POINT ( 'NONE',  ( 0.000000000000000000, -0.4154999999999999805, 0.000000000000000000 ) ) ;
#717 = CARTESIAN_POINT ( 'NONE',  ( 0.000000000000000000, 0.000000000000000000, 0.000000000000000000 ) ) ;
#718 = ORIENTED_EDGE ( 'NONE', *, *, #2704, .F. ) ;
#719 = DIRECTION ( 'NONE',  ( 1.000000000000000000, 2.181987215386794418E-16, 0.000000000000000000 ) ) ;
#720 = VECTOR ( 'NONE', #1280, 39.37007874015748143 ) ;
#721 = DIRECTION ( 'NONE',  ( 0.8483191487241809048, 0.000000000000000000, -0.5294852423891349691 ) ) ;
#722 = AXIS2_PLACEMENT_3D ( 'NONE', #305, #2470, #2454 ) ;
#723 = CARTESIAN_POINT ( 'NONE',  ( -1.391545902943916557, 0.4154999999999999805, 0.5600000000000000533 ) ) ;
#724 = VERTEX_POINT ( 'NONE', #2571 ) ;
#725 = CARTESIAN_POINT ( 'NONE',  ( -0.5038629838540643613, 0.2616341275240666175, 0.2863754567897803804 ) ) ;
#726 = CARTESIAN_POINT ( 'NONE',  ( -0.9142730227309474600, 0.2750000000000000777, -0.3187551409882143361 ) ) ;
#727 = CIRCLE ( 'NONE', #2683, 0.1499999999999999667 ) ;
#728 = ORIENTED_EDGE ( 'NONE', *, *, #1159, .F. ) ;
#729 = ADVANCED_FACE ( 'NONE', ( #1796 ), #1059, .F. ) ;
#730 = AXIS2_PLACEMENT_3D ( 'NONE', #541, #262, #1856 ) ;
#731 = AXIS2_PLACEMENT_3D ( 'NONE', #913, #1686, #3024 ) ;
#732 = DIRECTION ( 'NONE',  ( -1.000000000000000000, 1.915741931040858521E-16, 0.000000000000000000 ) ) ;
#733 = DIRECTION ( 'NONE',  ( -0.000000000000000000, -1.000000000000000000, -0.000000000000000000 ) ) ;
#734 = EDGE_LOOP ( 'NONE', ( #2445, #1991, #1869, #1078 ) ) ;
#735 = LINE ( 'NONE', #1569, #129 ) ;
#736 = EDGE_LOOP ( 'NONE', ( #2491, #3048, #3330, #1387, #615, #2724, #1185, #2519, #2217, #2962, #12, #2016, #3181, #2436, #2420, #2116, #1996, #2306, #2392, #805, #1466, #1032, #1213, #2364, #1163, #1863, #665 ) ) ;
#737 = CARTESIAN_POINT ( 'NONE',  ( -0.4627043295926986377, -0.4154999999999999805, -1.079369600130906770 ) ) ;
#738 = EDGE_CURVE ( 'NONE', #611, #2127, #621, .T. ) ;
#739 = DIRECTION ( 'NONE',  ( -1.600416979220540672E-16, 1.000000000000000000, -8.692246401601097529E-17 ) ) ;
#740 = DIRECTION ( 'NONE',  ( -0.1319848649109001959, -6.680813718438218511E-17, 0.9912517316173784510 ) ) ;
#741 = ORIENTED_EDGE ( 'NONE', *, *, #257, .F. ) ;
#742 = EDGE_CURVE ( 'NONE', #2127, #611, #268, .T. ) ;
#743 = CARTESIAN_POINT ( 'NONE',  ( 0.000000000000000000, -0.2924999999999999267, 0.000000000000000000 ) ) ;
#744 = FACE_OUTER_BOUND ( 'NONE', #606, .T. ) ;
#745 = ORIENTED_EDGE ( 'NONE', *, *, #1055, .T. ) ;
#746 = DIRECTION ( 'NONE',  ( -1.600416979220540672E-16, -1.000000000000000000, -8.692246401601097529E-17 ) ) ;
#747 = CYLINDRICAL_SURFACE ( 'NONE', #1174, 0.3564999999999993174 ) ;
#748 = ORIENTED_EDGE ( 'NONE', *, *, #1583, .F. ) ;
#749 = ORIENTED_EDGE ( 'NONE', *, *, #1970, .T. ) ;
#750 = DIRECTION ( 'NONE',  ( 0.1319848649109001959, 0.000000000000000000, -0.9912517316173784510 ) ) ;
#751 = ORIENTED_EDGE ( 'NONE', *, *, #2622, .F. ) ;
#752 = CYLINDRICAL_SURFACE ( 'NONE', #2352, 0.1500000000000004385 ) ;
#753 = CARTESIAN_POINT ( 'NONE',  ( -0.2209421815284443313, 0.2341548667097454184, 0.5704645226690718829 ) ) ;
#754 = ADVANCED_FACE ( 'NONE', ( #3101 ), #747, .T. ) ;
#755 = FACE_OUTER_BOUND ( 'NONE', #3266, .T. ) ;
#756 = VERTEX_POINT ( 'NONE', #1776 ) ;
#757 = DIRECTION ( 'NONE',  ( -0.000000000000000000, 1.000000000000000000, -0.000000000000000000 ) ) ;
#758 = CARTESIAN_POINT ( 'NONE',  ( -0.9772243147623267401, 0.4154999999999999805, -0.5307538375209526205 ) ) ;
#759 = ADVANCED_FACE ( 'NONE', ( #955 ), #2336, .F. ) ;
#760 = ORIENTED_EDGE ( 'NONE', *, *, #1249, .F. ) ;
#761 = CARTESIAN_POINT ( 'NONE',  ( -0.3390054425598369447, 0.1500000002269335497, -0.4701413022925139407 ) ) ;
#762 = ORIENTED_EDGE ( 'NONE', *, *, #2927, .F. ) ;
#763 = AXIS2_PLACEMENT_3D ( 'NONE', #1298, #765, #187 ) ;
#764 = AXIS2_PLACEMENT_3D ( 'NONE', #1892, #1535, #808 ) ;
#765 = DIRECTION ( 'NONE',  ( 1.600416979220540672E-16, 1.000000000000000000, 8.692246401601097529E-17 ) ) ;
#766 = ORIENTED_EDGE ( 'NONE', *, *, #847, .T. ) ;
#767 = ORIENTED_EDGE ( 'NONE', *, *, #1568, .T. ) ;
#768 = CARTESIAN_POINT ( 'NONE',  ( 0.4303933101151443674, -0.4154999999999999805, -0.7359034234246564221 ) ) ;
#769 = VECTOR ( 'NONE', #243, 39.37007874015748143 ) ;
#770 = CARTESIAN_POINT ( 'NONE',  ( 0.5175456179079590546, 0.4154999999999999805, -2.955020563952858392 ) ) ;
#771 = CYLINDRICAL_SURFACE ( 'NONE', #1883, 0.1499999999999999667 ) ;
#772 = VECTOR ( 'NONE', #2761, 39.37007874015748143 ) ;
#773 = ORIENTED_EDGE ( 'NONE', *, *, #1173, .F. ) ;
#774 = AXIS2_PLACEMENT_3D ( 'NONE', #1844, #2380, #2403 ) ;
#775 = CARTESIAN_POINT ( 'NONE',  ( -0.6275631228514342297, 0.2749999999345093538, 0.2766966983750122067 ) ) ;
#776 = CARTESIAN_POINT ( 'NONE',  ( -1.248713998509903167, -0.4154999999999999805, -0.03088685322469146566 ) ) ;
#777 = DIRECTION ( 'NONE',  ( -1.000000000000000000, 1.600416979220540672E-16, -9.299662042148138348E-34 ) ) ;
#778 = ORIENTED_EDGE ( 'NONE', *, *, #3033, .T. ) ;
#779 = VECTOR ( 'NONE', #2375, 39.37007874015748143 ) ;
#780 = EDGE_CURVE ( 'NONE', #2548, #1814, #1211, .T. ) ;
#781 = CARTESIAN_POINT ( 'NONE',  ( -0.3349012798260235235, 0.2633439602670942237, -0.4730901595340550880 ) ) ;
#782 = FACE_OUTER_BOUND ( 'NONE', #2197, .T. ) ;
#783 = VECTOR ( 'NONE', #1034, 39.37007874015748143 ) ;
#784 = CARTESIAN_POINT ( 'NONE',  ( -1.391545902943916557, -0.2750000000000001887, 0.4350000000000001643 ) ) ;
#785 = AXIS2_PLACEMENT_3D ( 'NONE', #258, #2926, #1351 ) ;
#786 = CARTESIAN_POINT ( 'NONE',  ( 2.400625468830792027E-17, 0.1499999999999992173, 1.303836960240157203E-17 ) ) ;
#787 = ORIENTED_EDGE ( 'NONE', *, *, #1722, .F. ) ;
#788 = ORIENTED_EDGE ( 'NONE', *, *, #2987, .F. ) ;
#789 = DIRECTION ( 'NONE',  ( -0.000000000000000000, 1.000000000000000000, -0.000000000000000000 ) ) ;
#790 = EDGE_CURVE ( 'NONE', #981, #2191, #2620, .T. ) ;
#791 = CARTESIAN_POINT ( 'NONE',  ( -0.8531120060896512092, -0.4154999999999999805, 0.2952568438687595553 ) ) ;
#792 = CARTESIAN_POINT ( 'NONE',  ( -0.2775756230329463059, -0.1595833634175730653, -0.6475121801926753129 ) ) ;
#793 = CARTESIAN_POINT ( 'NONE',  ( 0.2817055503725376386, -0.4154999999999999805, -0.7557011531612913835 ) ) ;
#794 = LINE ( 'NONE', #568, #3132 ) ;
#795 = CARTESIAN_POINT ( 'NONE',  ( 0.000000000000000000, 0.4154999999999999805, 0.000000000000000000 ) ) ;
#796 = ORIENTED_EDGE ( 'NONE', *, *, #673, .T. ) ;
#797 = CARTESIAN_POINT ( 'NONE',  ( 0.5142467287852467983, 0.1678426891809633170, -0.2291774924902799382 ) ) ;
#798 = CARTESIAN_POINT ( 'NONE',  ( 0.1419343464879508354, 0.4154999999999999805, 0.4580118898970182983 ) ) ;
#799 = CARTESIAN_POINT ( 'NONE',  ( 0.2667603625946108892, -0.1499999999999999112, -0.5146486636212689314 ) ) ;
#800 = EDGE_CURVE ( 'NONE', #554, #2859, #205, .T. ) ;
#801 = CARTESIAN_POINT ( 'NONE',  ( -0.8044449265882076539, -0.4154999999999999805, -0.8488753606778003391 ) ) ;
#802 = ADVANCED_FACE ( 'NONE', ( #2319 ), #3428, .F. ) ;
#803 = CYLINDRICAL_SURFACE ( 'NONE', #2273, 0.1500000000000000500 ) ;
#804 = ORIENTED_EDGE ( 'NONE', *, *, #2377, .F. ) ;
#805 = ORIENTED_EDGE ( 'NONE', *, *, #905, .F. ) ;
#806 = LINE ( 'NONE', #281, #2916 ) ;
#807 = CARTESIAN_POINT ( 'NONE',  ( -0.1689050956732639497, 0.1605497810925240465, 0.5543386317546393771 ) ) ;
#808 = DIRECTION ( 'NONE',  ( -0.9551864231428950358, 0.000000000000000000, 0.2960048936140787790 ) ) ;
#809 = VERTEX_POINT ( 'NONE', #1003 ) ;
#810 = CARTESIAN_POINT ( 'NONE',  ( 0.2817055503725376386, -0.4154999999999999805, -0.6057011531612913613 ) ) ;
#811 = DIRECTION ( 'NONE',  ( 0.000000000000000000, 0.000000000000000000, -1.000000000000000000 ) ) ;
#812 = CARTESIAN_POINT ( 'NONE',  ( -0.7582311740451548321, -0.4154999999999999805, -0.6541068234793239178 ) ) ;
#813 = ORIENTED_EDGE ( 'NONE', *, *, #2171, .T. ) ;
#814 = CARTESIAN_POINT ( 'NONE',  ( -0.2759075433959971013, 0.2454612299442763268, -0.5098094576664414790 ) ) ;
#815 = CARTESIAN_POINT ( 'NONE',  ( 0.5175456179079590546, -0.4154999999999999805, -3.111520563952858254 ) ) ;
#816 = EDGE_CURVE ( 'NONE', #1309, #1062, #3152, .T. ) ;
#817 = CARTESIAN_POINT ( 'NONE',  ( -0.3296696732046762168, -0.1500000000000000222, -0.4771642058257086205 ) ) ;
#818 = DIRECTION ( 'NONE',  ( 1.600416979220540672E-16, -1.000000000000000000, 8.692246401601097529E-17 ) ) ;
#819 = EDGE_LOOP ( 'NONE', ( #1886, #676, #1242, #1299 ) ) ;
#820 = VERTEX_POINT ( 'NONE', #3466 ) ;
#821 = LINE ( 'NONE', #768, #2632 ) ;
#822 = EDGE_CURVE ( 'NONE', #1740, #1536, #3205, .T. ) ;
#823 = CARTESIAN_POINT ( 'NONE',  ( -1.248713998509903167, -0.4154999999999999805, -0.03088685322469146566 ) ) ;
#824 = CARTESIAN_POINT ( 'NONE',  ( -0.2586634443167200592, -0.2750000000000000777, -0.6033949557082917137 ) ) ;
#825 = AXIS2_PLACEMENT_3D ( 'NONE', #323, #632, #1629 ) ;
#826 = VECTOR ( 'NONE', #14, 39.37007874015748143 ) ;
#827 = CARTESIAN_POINT ( 'NONE',  ( -0.4627043295926986377, -0.4154999999999999805, -1.079369600130906770 ) ) ;
#828 = DIRECTION ( 'NONE',  ( -0.000000000000000000, 1.000000000000000000, -0.000000000000000000 ) ) ;
#829 = AXIS2_PLACEMENT_3D ( 'NONE', #119, #2808, #2290 ) ;
#830 = DIRECTION ( 'NONE',  ( 1.600416979220540672E-16, -1.000000000000000000, 8.692246401601097529E-17 ) ) ;
#831 = VERTEX_POINT ( 'NONE', #557 ) ;
#832 = DIRECTION ( 'NONE',  ( 1.000000000000000000, 1.600416979220540672E-16, 4.021603506636084879E-34 ) ) ;
#833 = AXIS2_PLACEMENT_3D ( 'NONE', #1204, #2282, #3097 ) ;
#834 = EDGE_CURVE ( 'NONE', #483, #1330, #505, .T. ) ;
#835 = CARTESIAN_POINT ( 'NONE',  ( -0.9142730227309474600, 0.4154999999999999805, -0.2237551409882143905 ) ) ;
#836 = ORIENTED_EDGE ( 'NONE', *, *, #1698, .F. ) ;
#837 = ORIENTED_EDGE ( 'NONE', *, *, #860, .F. ) ;
#838 = CIRCLE ( 'NONE', #2289, 0.1500000000000000500 ) ;
#839 = CARTESIAN_POINT ( 'NONE',  ( -0.6647273298947576903, 0.2750000000000000222, 0.2333620082425290065 ) ) ;
#840 = AXIS2_PLACEMENT_3D ( 'NONE', #461, #2708, #315 ) ;
#841 = DIRECTION ( 'NONE',  ( 1.600416979220540672E-16, -1.000000000000000000, 8.692246401601097529E-17 ) ) ;
#842 = CARTESIAN_POINT ( 'NONE',  ( -1.286020158370497324, 0.2750000000000000222, 0.9005239598504420906 ) ) ;
#843 = EDGE_CURVE ( 'NONE', #661, #1352, #2575, .T. ) ;
#844 = AXIS2_PLACEMENT_3D ( 'NONE', #1670, #2492, #2256 ) ;
#845 = DIRECTION ( 'NONE',  ( 0.000000000000000000, 0.000000000000000000, -1.000000000000000000 ) ) ;
#846 = CARTESIAN_POINT ( 'NONE',  ( -0.4983372385741207666, -0.4154999999999999805, 0.4273783413444346979 ) ) ;
#847 = EDGE_CURVE ( 'NONE', #1418, #1625, #1582, .T. ) ;
#848 = VERTEX_POINT ( 'NONE', #1332 ) ;
#849 = CIRCLE ( 'NONE', #2855, 0.5178653734296587707 ) ;
#850 = DIRECTION ( 'NONE',  ( 1.000000000000000000, 1.473170833511789972E-16, 0.000000000000000000 ) ) ;
#851 = DIRECTION ( 'NONE',  ( -1.600416979220540919E-16, -1.000000000000000000, -8.692246401601098762E-17 ) ) ;
#852 = DIRECTION ( 'NONE',  ( -0.8787551409882146114, 0.000000000000000000, -0.4772728802129689307 ) ) ;
#853 = VERTEX_POINT ( 'NONE', #798 ) ;
#854 = ORIENTED_EDGE ( 'NONE', *, *, #1328, .T. ) ;
#855 = DIRECTION ( 'NONE',  ( -0.000000000000000000, -1.000000000000000000, -0.000000000000000000 ) ) ;
#856 = EDGE_CURVE ( 'NONE', #2026, #3444, #2146, .T. ) ;
#857 = CARTESIAN_POINT ( 'NONE',  ( 0.5172485120181743445, 0.4154999999999999805, -2.673520720741374479 ) ) ;
#858 = VERTEX_POINT ( 'NONE', #1074 ) ;
#859 = ORIENTED_EDGE ( 'NONE', *, *, #3053, .F. ) ;
#860 = EDGE_CURVE ( 'NONE', #1330, #2769, #1508, .T. ) ;
#861 = LINE ( 'NONE', #1930, #1606 ) ;
#862 = DIRECTION ( 'NONE',  ( -0.000000000000000000, -1.000000000000000000, -0.000000000000000000 ) ) ;
#863 = VERTEX_POINT ( 'NONE', #1902 ) ;
#864 = CARTESIAN_POINT ( 'NONE',  ( 0.5175456179079590546, 0.2750000000000001332, -3.111520563952858254 ) ) ;
#865 = EDGE_CURVE ( 'NONE', #1727, #941, #1311, .T. ) ;
#866 = DIRECTION ( 'NONE',  ( 0.9551864231428950358, 0.000000000000000000, -0.2960048936140787790 ) ) ;
#867 = LINE ( 'NONE', #1936, #3409 ) ;
#868 = DIRECTION ( 'NONE',  ( 0.000000000000000000, 0.000000000000000000, -1.000000000000000000 ) ) ;
#869 = ORIENTED_EDGE ( 'NONE', *, *, #2275, .F. ) ;
#870 = VERTEX_POINT ( 'NONE', #1637 ) ;
#871 = FACE_OUTER_BOUND ( 'NONE', #2528, .T. ) ;
#872 = DIRECTION ( 'NONE',  ( -0.9370132091274536723, -3.185095712539649638E-16, -0.3492939248264572139 ) ) ;
#873 = ORIENTED_EDGE ( 'NONE', *, *, #3308, .T. ) ;
#874 = CIRCLE ( 'NONE', #1312, 0.1249999999999999861 ) ;
#875 = FACE_OUTER_BOUND ( 'NONE', #640, .T. ) ;
#876 = CARTESIAN_POINT ( 'NONE',  ( -0.6647273298947562470, 0.2750000000000000222, 0.2333620082425301445 ) ) ;
#877 = CIRCLE ( 'NONE', #1099, 0.1250000000000000278 ) ;
#878 = ORIENTED_EDGE ( 'NONE', *, *, #1480, .F. ) ;
#879 = AXIS2_PLACEMENT_3D ( 'NONE', #473, #3420, #2082 ) ;
#880 = CARTESIAN_POINT ( 'NONE',  ( 0.000000000000000000, 0.4154999999999999805, 0.4064999999999999725 ) ) ;
#881 = LINE ( 'NONE', #3320, #92 ) ;
#882 = DIRECTION ( 'NONE',  ( 0.1319848649109001959, 0.000000000000000000, -0.9912517316173784510 ) ) ;
#883 = CIRCLE ( 'NONE', #1106, 0.5795000000000000151 ) ;
#884 = ADVANCED_FACE ( 'NONE', ( #2975 ), #291, .T. ) ;
#885 = ORIENTED_EDGE ( 'NONE', *, *, #1933, .T. ) ;
#886 = DIRECTION ( 'NONE',  ( 0.000000000000000000, 1.000000000000000000, 0.000000000000000000 ) ) ;
#887 = AXIS2_PLACEMENT_3D ( 'NONE', #3250, #327, #69 ) ;
#888 = VERTEX_POINT ( 'NONE', #23 ) ;
#889 = ORIENTED_EDGE ( 'NONE', *, *, #1339, .T. ) ;
#890 = CARTESIAN_POINT ( 'NONE',  ( -2.400625468830792027E-17, -0.1499999999999992173, -1.303836960240157203E-17 ) ) ;
#891 = CARTESIAN_POINT ( 'NONE',  ( -1.665539968427128148, -0.2750000000000002998, -0.9336185295343093493 ) ) ;
#892 = ORIENTED_EDGE ( 'NONE', *, *, #1409, .F. ) ;
#893 = AXIS2_PLACEMENT_3D ( 'NONE', #743, #1770, #1524 ) ;
#894 = EDGE_CURVE ( 'NONE', #539, #171, #947, .T. ) ;
#895 = DIRECTION ( 'NONE',  ( 0.000000000000000000, 0.000000000000000000, -1.000000000000000000 ) ) ;
#896 = ORIENTED_EDGE ( 'NONE', *, *, #2424, .F. ) ;
#897 = VECTOR ( 'NONE', #2542, 39.37007874015748143 ) ;
#898 = DIRECTION ( 'NONE',  ( -0.000000000000000000, -1.000000000000000000, -0.000000000000000000 ) ) ;
#899 = CARTESIAN_POINT ( 'NONE',  ( 0.2154905432010393029, -0.1590492334532547236, -0.5379901787145693337 ) ) ;
#900 = EDGE_LOOP ( 'NONE', ( #628, #525, #1120, #2226, #1563 ) ) ;
#901 = DIRECTION ( 'NONE',  ( 1.092739197465705287E-15, 0.000000000000000000, 1.000000000000000000 ) ) ;
#902 = ADVANCED_FACE ( 'NONE', ( #2160 ), #1599, .T. ) ;
#903 = EDGE_LOOP ( 'NONE', ( #2593, #1405, #3433, #813 ) ) ;
#904 = VERTEX_POINT ( 'NONE', #2370 ) ;
#905 = EDGE_CURVE ( 'NONE', #3005, #2251, #1056, .T. ) ;
#906 = DIRECTION ( 'NONE',  ( 0.000000000000000000, 0.000000000000000000, 1.000000000000000000 ) ) ;
#907 = LINE ( 'NONE', #2966, #1890 ) ;
#908 = ORIENTED_EDGE ( 'NONE', *, *, #2560, .F. ) ;
#909 = DIRECTION ( 'NONE',  ( 1.000000000000000000, 0.000000000000000000, 0.000000000000000000 ) ) ;
#910 = CARTESIAN_POINT ( 'NONE',  ( 0.1419343464879508354, 0.4154999999999999805, 0.4580118898970182983 ) ) ;
#911 = VERTEX_POINT ( 'NONE', #3218 ) ;
#912 = DIRECTION ( 'NONE',  ( 1.600416979220540672E-16, -1.000000000000000000, 8.692246401601097529E-17 ) ) ;
#913 = CARTESIAN_POINT ( 'NONE',  ( -0.4235130059828827731, 0.1499999999999993283, -0.5629893282854859793 ) ) ;
#914 = CARTESIAN_POINT ( 'NONE',  ( 0.2609803771174685760, -0.2550420470123100358, -0.5176666722852460989 ) ) ;
#915 = ORIENTED_EDGE ( 'NONE', *, *, #2442, .T. ) ;
#916 = CARTESIAN_POINT ( 'NONE',  ( 0.2792778481236519728, 0.1499999999999992173, -0.5077638560860968653 ) ) ;
#917 = ORIENTED_EDGE ( 'NONE', *, *, #1480, .T. ) ;
#918 = ORIENTED_EDGE ( 'NONE', *, *, #54, .F. ) ;
#919 = PRESENTATION_STYLE_ASSIGNMENT (( #104 ) ) ;
#920 = DIRECTION ( 'NONE',  ( 1.000000000000000000, 1.600416979220540672E-16, 0.000000000000000000 ) ) ;
#921 = VERTEX_POINT ( 'NONE', #815 ) ;
#922 = EDGE_CURVE ( 'NONE', #46, #1146, #277, .T. ) ;
#923 = DIRECTION ( 'NONE',  ( 0.000000000000000000, 0.000000000000000000, -1.000000000000000000 ) ) ;
#924 = CARTESIAN_POINT ( 'NONE',  ( 0.5116669757091963922, 0.1499999999999992173, -0.2098026595841995523 ) ) ;
#925 = ORIENTED_EDGE ( 'NONE', *, *, #245, .F. ) ;
#926 = DIRECTION ( 'NONE',  ( 0.000000000000000000, 0.000000000000000000, 1.000000000000000000 ) ) ;
#927 = CARTESIAN_POINT ( 'NONE',  ( -0.5333522264861773055, -0.2610268209137318052, 0.2266596783875785004 ) ) ;
#928 = VECTOR ( 'NONE', #1682, 39.37007874015748143 ) ;
#929 = ORIENTED_EDGE ( 'NONE', *, *, #117, .T. ) ;
#930 = VERTEX_POINT ( 'NONE', #1349 ) ;
#931 = VECTOR ( 'NONE', #528, 39.37007874015748143 ) ;
#932 =( GEOMETRIC_REPRESENTATION_CONTEXT ( 3 ) GLOBAL_UNCERTAINTY_ASSIGNED_CONTEXT ( ( #2678 ) ) GLOBAL_UNIT_ASSIGNED_CONTEXT ( ( #2028, #156, #3348 ) ) REPRESENTATION_CONTEXT ( 'NONE', 'WORKASPACE' ) );
#933 = DIRECTION ( 'NONE',  ( 0.1319848649109000849, -6.503896109196677496E-17, -0.9912517316173784510 ) ) ;
#934 = LINE ( 'NONE', #2764, #2186 ) ;
#935 = CIRCLE ( 'NONE', #2901, 0.1500000000000004385 ) ;
#936 = VECTOR ( 'NONE', #2590, 39.37007874015748143 ) ;
#937 = ADVANCED_FACE ( 'NONE', ( #1921 ), #999, .F. ) ;
#938 = EDGE_LOOP ( 'NONE', ( #3360, #2864 ) ) ;
#939 = VECTOR ( 'NONE', #599, 39.37007874015748143 ) ;
#940 = CARTESIAN_POINT ( 'NONE',  ( 0.2042694101456607736, -0.4154999999999999805, -3.125168345748781551 ) ) ;
#941 = VERTEX_POINT ( 'NONE', #502 ) ;
#942 = TOROIDAL_SURFACE ( 'NONE', #3357, 0.7045000000000001261, 0.1250000000000000000 ) ;
#943 = DIRECTION ( 'NONE',  ( 0.000000000000000000, 0.000000000000000000, 1.000000000000000000 ) ) ;
#944 = EDGE_CURVE ( 'NONE', #1993, #1763, #2968, .T. ) ;
#945 = FACE_OUTER_BOUND ( 'NONE', #3105, .T. ) ;
#946 = VERTEX_POINT ( 'NONE', #3185 ) ;
#947 = CIRCLE ( 'NONE', #1333, 0.1500000000000004385 ) ;
#948 = AXIS2_PLACEMENT_3D ( 'NONE', #3228, #2558, #138 ) ;
#949 = DIRECTION ( 'NONE',  ( -0.000000000000000000, -1.000000000000000000, -0.000000000000000000 ) ) ;
#950 = CARTESIAN_POINT ( 'NONE',  ( -0.5997072566145508210, -0.2750000000281007662, 0.3402880121495714949 ) ) ;
#951 = ADVANCED_FACE ( 'NONE', ( #782 ), #1849, .F. ) ;
#952 = VERTEX_POINT ( 'NONE', #2265 ) ;
#953 = CIRCLE ( 'NONE', #2520, 0.5795000000000000151 ) ;
#954 = DIRECTION ( 'NONE',  ( 1.600416979220540672E-16, -1.000000000000000000, 8.692246401601097529E-17 ) ) ;
#955 = FACE_OUTER_BOUND ( 'NONE', #1907, .T. ) ;
#956 = VECTOR ( 'NONE', #174, 39.37007874015748143 ) ;
#957 = ORIENTED_EDGE ( 'NONE', *, *, #2163, .T. ) ;
#958 =( NAMED_UNIT ( * ) PLANE_ANGLE_UNIT ( ) SI_UNIT ( $, .RADIAN. ) );
#959 =( LENGTH_UNIT ( ) NAMED_UNIT ( * ) SI_UNIT ( $, .METRE. ) );
#960 = VERTEX_POINT ( 'NONE', #3058 ) ;
#961 = PLANE ( 'NONE',  #1514 ) ;
#962 = CARTESIAN_POINT ( 'NONE',  ( 0.2460775700402390576, -0.1595833634175730653, -0.6601258058302912346 ) ) ;
#963 = CARTESIAN_POINT ( 'NONE',  ( -0.5467842266487041858, 0.1499999999999993006, 0.1919563999667076859 ) ) ;
#964 = ORIENTED_EDGE ( 'NONE', *, *, #162, .T. ) ;
#965 = B_SPLINE_CURVE_WITH_KNOTS ( 'NONE', 3,
 ( #2000, #1804, #2582, #963 ),
 .UNSPECIFIED., .F., .F.,
 ( 4, 4 ),
 ( 0.000000000000000000, 0.001056075339374795046 ),
 .UNSPECIFIED. ) ;
#966 = DIRECTION ( 'NONE',  ( 1.821231995776175873E-15, 0.000000000000000000, 1.000000000000000000 ) ) ;
#967 = DIRECTION ( 'NONE',  ( -0.000000000000000000, -1.000000000000000000, -0.000000000000000000 ) ) ;
#968 = EDGE_LOOP ( 'NONE', ( #2518, #3334 ) ) ;
#969 = ADVANCED_FACE ( 'NONE', ( #624 ), #311, .F. ) ;
#970 = LINE ( 'NONE', #3410, #3464 ) ;
#971 = CARTESIAN_POINT ( 'NONE',  ( -0.9142730227309474600, 0.4154999999999999805, -0.3187551409882143361 ) ) ;
#972 = EDGE_LOOP ( 'NONE', ( #2472, #2973, #2651, #2893 ) ) ;
#973 = CARTESIAN_POINT ( 'NONE',  ( 0.2042694101456607736, 0.4154999999999999805, -3.125168345748781551 ) ) ;
#974 = ORIENTED_EDGE ( 'NONE', *, *, #3080, .F. ) ;
#975 = FACE_BOUND ( 'NONE', #1659, .T. ) ;
#976 = CARTESIAN_POINT ( 'NONE',  ( -1.391545902943916557, -0.4154999999999999805, 0.5600000000000000533 ) ) ;
#977 = CARTESIAN_POINT ( 'NONE',  ( -1.628157023695070784E-15, -10.17333010605798549, -8.842909200668265274E-16 ) ) ;
#978 = VERTEX_POINT ( 'NONE', #1416 ) ;
#979 = FACE_BOUND ( 'NONE', #1420, .T. ) ;
#980 = CARTESIAN_POINT ( 'NONE',  ( 0.5175456179079590546, 0.4154999999999999805, -2.955020563952858392 ) ) ;
#981 = VERTEX_POINT ( 'NONE', #1952 ) ;
#982 = AXIS2_PLACEMENT_3D ( 'NONE', #1051, #1579, #777 ) ;
#983 = CARTESIAN_POINT ( 'NONE',  ( -0.2586634443167200592, 0.4154999999999999805, -0.6033949557082916026 ) ) ;
#984 = CARTESIAN_POINT ( 'NONE',  ( -0.5333522264861774165, -0.2610268209137317497, 0.2266596783875786114 ) ) ;
#985 = EDGE_CURVE ( 'NONE', #2667, #3027, #385, .T. ) ;
#986 = CIRCLE ( 'NONE', #2331, 0.1250000000000000000 ) ;
#987 = ORIENTED_EDGE ( 'NONE', *, *, #695, .T. ) ;
#988 = VECTOR ( 'NONE', #2346, 39.37007874015748143 ) ;
#989 = EDGE_CURVE ( 'NONE', #930, #2251, #1447, .T. ) ;
#990 = CARTESIAN_POINT ( 'NONE',  ( 0.000000000000000000, -0.2924999999999999822, 0.000000000000000000 ) ) ;
#991 = EDGE_LOOP ( 'NONE', ( #3150, #1800, #2744, #836 ) ) ;
#992 = CARTESIAN_POINT ( 'NONE',  ( 0.1741005577657608605, 0.4154999999999999805, -2.650573950137034895 ) ) ;
#993 = AXIS2_PLACEMENT_3D ( 'NONE', #2982, #581, #1644 ) ;
#994 = DIRECTION ( 'NONE',  ( 0.000000000000000000, 0.000000000000000000, -1.000000000000000000 ) ) ;
#995 = CARTESIAN_POINT ( 'NONE',  ( 0.2792778481236524168, 0.1499999999999992173, -0.5077638560860965322 ) ) ;
#996 = ORIENTED_EDGE ( 'NONE', *, *, #3373, .F. ) ;
#997 = CARTESIAN_POINT ( 'NONE',  ( 0.4897472774217454528, -0.1499999999999992173, -0.3097867883851536663 ) ) ;
#998 = DIRECTION ( 'NONE',  ( 0.000000000000000000, 0.000000000000000000, 1.000000000000000000 ) ) ;
#999 = TOROIDAL_SURFACE ( 'NONE', #3414, 0.7045000000000001261, 0.1250000000000000000 ) ;
#1000 = ORIENTED_EDGE ( 'NONE', *, *, #162, .F. ) ;
#1001 = VECTOR ( 'NONE', #1769, 39.37007874015748143 ) ;
#1002 = CARTESIAN_POINT ( 'NONE',  ( 0.5129792159665913509, -0.1499999999999991895, -0.2296003893208343472 ) ) ;
#1003 = CARTESIAN_POINT ( 'NONE',  ( -1.248713998509903167, 0.2750000000000000777, -0.03088685322469146566 ) ) ;
#1004 = ORIENTED_EDGE ( 'NONE', *, *, #289, .T. ) ;
#1005 = EDGE_CURVE ( 'NONE', #946, #2500, #1562, .T. ) ;
#1006 = ORIENTED_EDGE ( 'NONE', *, *, #3156, .F. ) ;
#1007 = FACE_BOUND ( 'NONE', #938, .T. ) ;
#1008 = ADVANCED_FACE ( 'NONE', ( #1125 ), #3335, .F. ) ;
#1009 = CARTESIAN_POINT ( 'NONE',  ( -0.1792209830886502264, 0.1898522865631990797, 0.5575354455733272374 ) ) ;
#1010 = CARTESIAN_POINT ( 'NONE',  ( -0.2495067682665989273, -0.1591248884041966682, -0.5231636268661954414 ) ) ;
#1011 = VERTEX_POINT ( 'NONE', #2740 ) ;
#1012 = FACE_OUTER_BOUND ( 'NONE', #3175, .T. ) ;
#1013 = LINE ( 'NONE', #2898, #2176 ) ;
#1014 = DIRECTION ( 'NONE',  ( 0.000000000000000000, 0.000000000000000000, -1.000000000000000000 ) ) ;
#1015 = VERTEX_POINT ( 'NONE', #2530 ) ;
#1016 = CARTESIAN_POINT ( 'NONE',  ( -0.9211465990787121028, -0.4154999999999999805, -0.06563131491079049473 ) ) ;
#1017 = DIRECTION ( 'NONE',  ( 1.000000000000000000, 1.600416979220540672E-16, 4.021603506636084879E-34 ) ) ;
#1018 = VERTEX_POINT ( 'NONE', #1720 ) ;
#1019 =( BOUNDED_SURFACE ( )  B_SPLINE_SURFACE ( 3, 2, ( 
 ( #2757, #2793, #1663 ),
 ( #383, #70, #3021 ),
 ( #329, #3265, #363 ),
 ( #1985, #1700, #876 ) ),
 .UNSPECIFIED., .F., .F., .F. ) 
 B_SPLINE_SURFACE_WITH_KNOTS ( ( 4, 4 ),
 ( 3, 3 ),
 ( 0.01975156062703729148, 0.02104511142802984250 ),
 ( 0.000000000000000000, 1.000000000000000000 ),
 .UNSPECIFIED. ) 
 GEOMETRIC_REPRESENTATION_ITEM ( )  RATIONAL_B_SPLINE_SURFACE ( (
 ( 1.000000000000000000, 0.7507085281311772773, 1.000000000000000000),
 ( 1.000000000000000000, 0.7377242603000166987, 1.000000000000000000),
 ( 1.000000000000000000, 0.7232074585966877800, 1.000000000000000000),
 ( 1.000000000000000000, 0.7071067811865480168, 1.000000000000000000) ) ) 
 REPRESENTATION_ITEM ( '' )  SURFACE ( )  );
#1020 = DIRECTION ( 'NONE',  ( 0.000000000000000000, 0.000000000000000000, -1.000000000000000000 ) ) ;
#1021 = ORIENTED_EDGE ( 'NONE', *, *, #3344, .F. ) ;
#1022 = EDGE_CURVE ( 'NONE', #1501, #400, #881, .T. ) ;
#1023 = CARTESIAN_POINT ( 'NONE',  ( -1.391545902943916557, 0.4154999999999999805, 0.5600000000000000533 ) ) ;
#1024 = CYLINDRICAL_SURFACE ( 'NONE', #2277, 0.2500000000000000000 ) ;
#1025 = DIRECTION ( 'NONE',  ( 0.000000000000000000, 1.000000000000000000, 0.000000000000000000 ) ) ;
#1026 = EDGE_CURVE ( 'NONE', #2261, #3147, #1113, .T. ) ;
#1027 = ADVANCED_FACE ( 'NONE', ( #334 ), #1384, .F. ) ;
#1028 = ORIENTED_EDGE ( 'NONE', *, *, #207, .T. ) ;
#1029 = DIRECTION ( 'NONE',  ( 0.9551864231428950358, 0.000000000000000000, -0.2960048936140787790 ) ) ;
#1030 = DIRECTION ( 'NONE',  ( -0.1319848649109000571, 0.000000000000000000, 0.9912517316173784510 ) ) ;
#1031 = CARTESIAN_POINT ( 'NONE',  ( 0.000000000000000000, -0.4154999999999999805, 0.000000000000000000 ) ) ;
#1032 = ORIENTED_EDGE ( 'NONE', *, *, #715, .T. ) ;
#1033 = CARTESIAN_POINT ( 'NONE',  ( 0.5116669757091963922, 0.1499999999999992173, -0.2098026595841995523 ) ) ;
#1034 = DIRECTION ( 'NONE',  ( -0.9551864231428950358, -1.271401822781496315E-16, 0.2960048936140786680 ) ) ;
#1035 = AXIS2_PLACEMENT_3D ( 'NONE', #2886, #1833, #486 ) ;
#1036 = EDGE_CURVE ( 'NONE', #3396, #274, #838, .T. ) ;
#1037 = DIRECTION ( 'NONE',  ( 1.600416979220540672E-16, 1.000000000000000000, 8.692246401601097529E-17 ) ) ;
#1038 = CIRCLE ( 'NONE', #372, 0.5795000000000000151 ) ;
#1039 = CARTESIAN_POINT ( 'NONE',  ( 2.400625468830792027E-17, 0.1499999999999992173, 1.303836960240157203E-17 ) ) ;
#1040 = ORIENTED_EDGE ( 'NONE', *, *, #2268, .F. ) ;
#1041 = VERTEX_POINT ( 'NONE', #587 ) ;
#1042 = LINE ( 'NONE', #31, #1789 ) ;
#1043 = CARTESIAN_POINT ( 'NONE',  ( -0.1712686180952637804, 0.1709478245909359651, 0.5550710690947521231 ) ) ;
#1044 = CYLINDRICAL_SURFACE ( 'NONE', #1265, 0.2500000000000000000 ) ;
#1045 = CIRCLE ( 'NONE', #2390, 0.1499999999999999667 ) ;
#1046 = CARTESIAN_POINT ( 'NONE',  ( -1.026561506110902577, -0.4154999999999999805, 0.08377905330777313253 ) ) ;
#1047 = AXIS2_PLACEMENT_3D ( 'NONE', #166, #3079, #1472 ) ;
#1048 = EDGE_CURVE ( 'NONE', #1352, #2859, #1972, .T. ) ;
#1049 = CARTESIAN_POINT ( 'NONE',  ( -1.026561506110902577, -0.4154999999999999805, 0.08377905330777313253 ) ) ;
#1050 = CARTESIAN_POINT ( 'NONE',  ( -0.4627043295926986377, 0.2750000000000000777, -1.079369600130906770 ) ) ;
#1051 = CARTESIAN_POINT ( 'NONE',  ( 0.3629792159665914397, 0.1499999999999992173, -0.2296003893208343472 ) ) ;
#1052 = EDGE_LOOP ( 'NONE', ( #3063, #699 ) ) ;
#1053 = AXIS2_PLACEMENT_3D ( 'NONE', #976, #1505, #943 ) ;
#1054 = CARTESIAN_POINT ( 'NONE',  ( -0.9142730227309474600, 0.2750000000000000777, -0.2237551409882143905 ) ) ;
#1055 = EDGE_CURVE ( 'NONE', #468, #1448, #1176, .T. ) ;
#1056 = LINE ( 'NONE', #535, #2628 ) ;
#1057 = VECTOR ( 'NONE', #2438, 39.37007874015748143 ) ;
#1058 = CARTESIAN_POINT ( 'NONE',  ( 0.000000000000000000, 0.4154999999999999805, 0.000000000000000000 ) ) ;
#1059 = TOROIDAL_SURFACE ( 'NONE', #154, 0.7045000000000001261, 0.1250000000000000000 ) ;
#1060 = DIRECTION ( 'NONE',  ( 0.000000000000000000, 0.000000000000000000, 1.000000000000000000 ) ) ;
#1061 = VERTEX_POINT ( 'NONE', #639 ) ;
#1062 = VERTEX_POINT ( 'NONE', #3268 ) ;
#1063 = DIRECTION ( 'NONE',  ( -0.000000000000000000, 1.000000000000000000, -0.000000000000000000 ) ) ;
#1064 = AXIS2_PLACEMENT_3D ( 'NONE', #971, #3363, #1513 ) ;
#1065 = CARTESIAN_POINT ( 'NONE',  ( -0.8531120060896512092, -0.4154999999999999805, 0.5452568438687594998 ) ) ;
#1066 = CARTESIAN_POINT ( 'NONE',  ( 0.2042694101456607736, 0.2750000000000001332, -3.125168345748781551 ) ) ;
#1067 = AXIS2_PLACEMENT_3D ( 'NONE', #1068, #550, #215 ) ;
#1068 = CARTESIAN_POINT ( 'NONE',  ( 0.5953873286343738247, -0.1499999999999991618, -0.3766087876054197148 ) ) ;
#1069 = CYLINDRICAL_SURFACE ( 'NONE', #2735, 0.1564999999999998059 ) ;
#1070 = DIRECTION ( 'NONE',  ( 0.000000000000000000, 0.000000000000000000, 1.000000000000000000 ) ) ;
#1071 = ORIENTED_EDGE ( 'NONE', *, *, #2890, .T. ) ;
#1072 = EDGE_CURVE ( 'NONE', #3045, #656, #2760, .T. ) ;
#1073 = CARTESIAN_POINT ( 'NONE',  ( 0.5129523407393539181, 0.1588901899462110689, -0.2194561930614146728 ) ) ;
#1074 = CARTESIAN_POINT ( 'NONE',  ( 0.2293114616485691093, -0.4154999999999999805, -0.6151491717921733215 ) ) ;
#1075 = EDGE_CURVE ( 'NONE', #1604, #280, #1225, .T. ) ;
#1076 = CARTESIAN_POINT ( 'NONE',  ( 3.422887803616852647E-17, 0.2924999999999999822, 0.2795000000000000262 ) ) ;
#1077 = CARTESIAN_POINT ( 'NONE',  ( -0.4627043295926986377, -0.2750000000000000777, -1.079369600130906770 ) ) ;
#1078 = ORIENTED_EDGE ( 'NONE', *, *, #1780, .F. ) ;
#1079 = VERTEX_POINT ( 'NONE', #3281 ) ;
#1080 = DIRECTION ( 'NONE',  ( 0.000000000000000000, 1.000000000000000000, 0.000000000000000000 ) ) ;
#1081 = DIRECTION ( 'NONE',  ( 0.9551864231428950358, -1.271401822781496069E-16, -0.2960048936140787790 ) ) ;
#1082 = CARTESIAN_POINT ( 'NONE',  ( -0.2406018868953686551, -0.2429768869659026387, -0.5273607845284640216 ) ) ;
#1083 = FACE_OUTER_BOUND ( 'NONE', #540, .T. ) ;
#1084 = DIRECTION ( 'NONE',  ( 0.000000000000000000, 0.000000000000000000, 1.000000000000000000 ) ) ;
#1085 = CARTESIAN_POINT ( 'NONE',  ( -1.391545902943916557, -0.4154999999999999805, 0.6849999999999999423 ) ) ;
#1086 = ORIENTED_EDGE ( 'NONE', *, *, #3440, .T. ) ;
#1087 = CARTESIAN_POINT ( 'NONE',  ( -0.2704949433898333755, 0.1575679057956319296, -0.5130152531025855556 ) ) ;
#1088 = DIRECTION ( 'NONE',  ( 1.600416979220540672E-16, -1.000000000000000000, 8.692246401601097529E-17 ) ) ;
#1089 = CARTESIAN_POINT ( 'NONE',  ( 0.000000000000000000, 0.2924999999999999822, 0.000000000000000000 ) ) ;
#1090 = ADVANCED_FACE ( 'NONE', ( #1703, #366, #1437, #2510, #95, #1538, #979 ), #179, .T. ) ;
#1091 = ORIENTED_EDGE ( 'NONE', *, *, #407, .F. ) ;
#1092 = ORIENTED_EDGE ( 'NONE', *, *, #3246, .F. ) ;
#1093 =( GEOMETRIC_REPRESENTATION_CONTEXT ( 3 ) GLOBAL_UNCERTAINTY_ASSIGNED_CONTEXT ( ( #3143 ) ) GLOBAL_UNIT_ASSIGNED_CONTEXT ( ( #1215, #958, #1446 ) ) REPRESENTATION_CONTEXT ( 'NONE', 'WORKASPACE' ) );
#1094 = CARTESIAN_POINT ( 'NONE',  ( 0.000000000000000000, -0.2924999999999999822, 0.000000000000000000 ) ) ;
#1095 = VECTOR ( 'NONE', #1878, 39.37007874015748143 ) ;
#1096 = ADVANCED_FACE ( 'NONE', ( #2848 ), #2815, .T. ) ;
#1097 = LINE ( 'NONE', #84, #1547 ) ;
#1098 = CYLINDRICAL_SURFACE ( 'NONE', #2112, 0.6564999999999999725 ) ;
#1099 = AXIS2_PLACEMENT_3D ( 'NONE', #3443, #233, #2687 ) ;
#1100 = TOROIDAL_SURFACE ( 'NONE', #660, 0.7045000000000001261, 0.1250000000000000000 ) ;
#1101 = CARTESIAN_POINT ( 'NONE',  ( -0.5795000000000000151, -0.1499999999999993006, -3.032960542342103792E-32 ) ) ;
#1102 = CARTESIAN_POINT ( 'NONE',  ( 0.3629792159665913287, -0.1499999999999992173, -0.2296003893208343472 ) ) ;
#1103 = CIRCLE ( 'NONE', #552, 0.5178653734296587707 ) ;
#1104 = CARTESIAN_POINT ( 'NONE',  ( 0.000000000000000000, 0.2924999999999999822, 0.000000000000000000 ) ) ;
#1105 = ORIENTED_EDGE ( 'NONE', *, *, #1048, .F. ) ;
#1106 = AXIS2_PLACEMENT_3D ( 'NONE', #310, #1124, #2739 ) ;
#1107 = CARTESIAN_POINT ( 'NONE',  ( -2.400625468830792027E-17, -0.1499999999999992173, -1.303836960240157203E-17 ) ) ;
#1108 = DIRECTION ( 'NONE',  ( 0.000000000000000000, 1.000000000000000000, -0.000000000000000000 ) ) ;
#1109 = AXIS2_PLACEMENT_3D ( 'NONE', #2880, #3407, #998 ) ;
#1110 = ADVANCED_FACE ( 'NONE', ( #2546 ), #1738, .F. ) ;
#1111 = FACE_OUTER_BOUND ( 'NONE', #1142, .T. ) ;
#1112 = VERTEX_POINT ( 'NONE', #2329 ) ;
#1113 = CIRCLE ( 'NONE', #326, 0.1499999999999999944 ) ;
#1114 = DIRECTION ( 'NONE',  ( 0.6011540184285061317, 0.000000000000000000, 0.7991331842235432914 ) ) ;
#1115 = EDGE_CURVE ( 'NONE', #3298, #168, #405, .T. ) ;
#1116 = CIRCLE ( 'NONE', #1914, 0.3564999999999993174 ) ;
#1117 = CARTESIAN_POINT ( 'NONE',  ( 0.08273336776513505464, -0.4154999999999999805, 0.2669746052684394133 ) ) ;
#1118 = CARTESIAN_POINT ( 'NONE',  ( 0.5407646256524631934, 0.2749999999999992450, -0.4283360187820953735 ) ) ;
#1119 = ORIENTED_EDGE ( 'NONE', *, *, #2529, .F. ) ;
#1120 = ORIENTED_EDGE ( 'NONE', *, *, #1223, .F. ) ;
#1121 = EDGE_CURVE ( 'NONE', #123, #2703, #149, .T. ) ;
#1122 = DIRECTION ( 'NONE',  ( 0.000000000000000000, 0.000000000000000000, 1.000000000000000000 ) ) ;
#1123 = ORIENTED_EDGE ( 'NONE', *, *, #847, .F. ) ;
#1124 = DIRECTION ( 'NONE',  ( -1.600416979220540672E-16, 1.000000000000000000, -8.692246401601097529E-17 ) ) ;
#1125 = FACE_OUTER_BOUND ( 'NONE', #2537, .T. ) ;
#1126 = DIRECTION ( 'NONE',  ( -1.000000000000000000, 2.276539994720218363E-16, 0.000000000000000000 ) ) ;
#1127 = DIRECTION ( 'NONE',  ( -1.600416979220540672E-16, -1.000000000000000000, -8.692246401601097529E-17 ) ) ;
#1128 = ORIENTED_EDGE ( 'NONE', *, *, #2435, .T. ) ;
#1129 = ORIENTED_EDGE ( 'NONE', *, *, #437, .F. ) ;
#1130 = DIRECTION ( 'NONE',  ( 0.000000000000000000, 0.000000000000000000, 1.000000000000000000 ) ) ;
#1131 = DIRECTION ( 'NONE',  ( 1.600416979220540672E-16, 1.000000000000000000, 8.692246401601097529E-17 ) ) ;
#1132 = VERTEX_POINT ( 'NONE', #3406 ) ;
#1133 = CARTESIAN_POINT ( 'NONE',  ( 0.000000000000000000, 0.4154999999999999805, 0.000000000000000000 ) ) ;
#1134 = EDGE_CURVE ( 'NONE', #2270, #1523, #616, .T. ) ;
#1135 = FACE_OUTER_BOUND ( 'NONE', #610, .T. ) ;
#1136 = EDGE_LOOP ( 'NONE', ( #2611, #2304 ) ) ;
#1137 = DIRECTION ( 'NONE',  ( 0.000000000000000000, 1.000000000000000000, 0.000000000000000000 ) ) ;
#1138 = CARTESIAN_POINT ( 'NONE',  ( -1.286020158370497324, -0.4154999999999999805, 0.9005239598504420906 ) ) ;
#1139 = DIRECTION ( 'NONE',  ( -1.000000000000000000, 1.473170833511789972E-16, -1.776356839400250465E-15 ) ) ;
#1140 = ORIENTED_EDGE ( 'NONE', *, *, #3156, .T. ) ;
#1141 = CARTESIAN_POINT ( 'NONE',  ( -0.5316192378543965757, -0.1511113479966841311, 0.2306539311243375745 ) ) ;
#1142 = EDGE_LOOP ( 'NONE', ( #1518, #3271, #787, #2996 ) ) ;
#1143 = EDGE_LOOP ( 'NONE', ( #2623, #370 ) ) ;
#1144 = DIRECTION ( 'NONE',  ( 1.600416979220540672E-16, 1.000000000000000000, 8.692246401601097529E-17 ) ) ;
#1145 = DIRECTION ( 'NONE',  ( -0.6509951886434646173, 0.000000000000000000, -0.7590818561677389331 ) ) ;
#1146 = VERTEX_POINT ( 'NONE', #997 ) ;
#1147 = VECTOR ( 'NONE', #1464, 39.37007874015748143 ) ;
#1148 = FACE_OUTER_BOUND ( 'NONE', #3338, .T. ) ;
#1149 = DIRECTION ( 'NONE',  ( -1.000000000000000000, 1.473170833511789972E-16, 1.776356839400250465E-15 ) ) ;
#1150 = CIRCLE ( 'NONE', #3342, 0.1249999999999999029 ) ;
#1151 = ORIENTED_EDGE ( 'NONE', *, *, #634, .T. ) ;
#1152 = EDGE_CURVE ( 'NONE', #2127, #1530, #2586, .T. ) ;
#1153 = CIRCLE ( 'NONE', #3186, 0.1250000000000000000 ) ;
#1154 = DIRECTION ( 'NONE',  ( 1.000000000000000000, 2.276539994720219842E-16, 0.000000000000000000 ) ) ;
#1155 = DIRECTION ( 'NONE',  ( -0.000000000000000000, 1.000000000000000000, -0.000000000000000000 ) ) ;
#1156 = CARTESIAN_POINT ( 'NONE',  ( 0.2792778481236519728, -0.1499999999999992173, -0.5077638560860968653 ) ) ;
#1157 = ORIENTED_EDGE ( 'NONE', *, *, #1872, .F. ) ;
#1158 = CIRCLE ( 'NONE', #1323, 0.5178653734296587707 ) ;
#1159 = EDGE_CURVE ( 'NONE', #3471, #2607, #727, .T. ) ;
#1160 = DIRECTION ( 'NONE',  ( 0.000000000000000000, 1.000000000000000000, 0.000000000000000000 ) ) ;
#1161 = AXIS2_PLACEMENT_3D ( 'NONE', #2970, #828, #1084 ) ;
#1162 = EDGE_LOOP ( 'NONE', ( #633, #1128, #3223, #2247 ) ) ;
#1163 = ORIENTED_EDGE ( 'NONE', *, *, #3304, .F. ) ;
#1164 = DIRECTION ( 'NONE',  ( -0.000000000000000000, -1.000000000000000000, -0.000000000000000000 ) ) ;
#1165 = CIRCLE ( 'NONE', #3252, 0.1499999999999999944 ) ;
#1166 = DIRECTION ( 'NONE',  ( 1.600416979220540672E-16, 1.000000000000000000, 8.692246401601097529E-17 ) ) ;
#1167 = ORIENTED_EDGE ( 'NONE', *, *, #2317, .F. ) ;
#1168 = AXIS2_PLACEMENT_3D ( 'NONE', #2153, #2931, #578 ) ;
#1169 = DIRECTION ( 'NONE',  ( 0.000000000000000000, 1.000000000000000000, -0.000000000000000000 ) ) ;
#1170 = CIRCLE ( 'NONE', #1791, 0.2500000000000000000 ) ;
#1171 = DIRECTION ( 'NONE',  ( 0.000000000000000000, 1.000000000000000000, 0.000000000000000000 ) ) ;
#1172 = ORIENTED_EDGE ( 'NONE', *, *, #3046, .T. ) ;
#1173 = EDGE_CURVE ( 'NONE', #1224, #870, #1165, .T. ) ;
#1174 = AXIS2_PLACEMENT_3D ( 'NONE', #467, #2039, #2091 ) ;
#1175 = DIRECTION ( 'NONE',  ( 0.000000000000000000, 0.000000000000000000, 1.000000000000000000 ) ) ;
#1176 = LINE ( 'NONE', #2199, #2742 ) ;
#1177 = CARTESIAN_POINT ( 'NONE',  ( 0.2473887993002768515, -0.2491404370307001293, -0.5242678301067611457 ) ) ;
#1178 = ADVANCED_FACE ( 'NONE', ( #1807 ), #3220, .F. ) ;
#1179 = ORIENTED_EDGE ( 'NONE', *, *, #2797, .T. ) ;
#1180 =( BOUNDED_SURFACE ( )  B_SPLINE_SURFACE ( 3, 2, ( 
 ( #2799, #2741, #1990 ),
 ( #3336, #3321, #654 ),
 ( #1721, #1650, #899 ),
 ( #2235, #350, #1456 ),
 ( #2475, #1177, #1687 ),
 ( #2266, #914, #3025 ),
 ( #1417, #1922, #1704 ),
 ( #2721, #2531, #43 ),
 ( #3269, #335, #75 ),
 ( #111, #312, #1156 ) ),
 .UNSPECIFIED., .F., .F., .F. ) 
 B_SPLINE_SURFACE_WITH_KNOTS ( ( 4, 2, 2, 2, 4 ),
 ( 3, 3 ),
 ( 0.007848303936969162897, 0.008493387137451215152, 0.009138470337933267407, 0.009783553538415319661, 0.01042863673889737365 ),
 ( 0.000000000000000000, 1.000000000000000000 ),
 .UNSPECIFIED. ) 
 GEOMETRIC_REPRESENTATION_ITEM ( )  RATIONAL_B_SPLINE_SURFACE ( (
 ( 1.000000000000000000, 0.8318653737234154022, 1.000000000000000000),
 ( 1.000000000000000000, 0.8319325464949874904, 1.000000000000000000),
 ( 1.000000000000000000, 0.8271761510014978835, 1.000000000000000000),
 ( 1.000000000000000000, 0.8106741123710607955, 1.000000000000000000),
 ( 1.000000000000000000, 0.7990065125531412571, 1.000000000000000000),
 ( 1.000000000000000000, 0.7732593012289162848, 1.000000000000000000),
 ( 1.000000000000000000, 0.7592675185727506548, 1.000000000000000000),
 ( 1.000000000000000000, 0.7321785552869828351, 1.000000000000000000),
 ( 1.000000000000000000, 0.7190388520552979390, 1.000000000000000000),
 ( 1.000000000000000000, 0.7071067811865455743, 1.000000000000000000) ) ) 
 REPRESENTATION_ITEM ( '' )  SURFACE ( )  );
#1181 = DIRECTION ( 'NONE',  ( 0.000000000000000000, 1.000000000000000000, -0.000000000000000000 ) ) ;
#1182 = ADVANCED_FACE ( 'NONE', ( #1083 ), #1559, .F. ) ;
#1183 = EDGE_CURVE ( 'NONE', #1309, #978, #516, .T. ) ;
#1184 = VERTEX_POINT ( 'NONE', #1343 ) ;
#1185 = ORIENTED_EDGE ( 'NONE', *, *, #437, .T. ) ;
#1186 = ORIENTED_EDGE ( 'NONE', *, *, #2104, .T. ) ;
#1187 = DIRECTION ( 'NONE',  ( 1.000000000000000000, 1.318802208946746593E-16, 0.000000000000000000 ) ) ;
#1188 = CARTESIAN_POINT ( 'NONE',  ( 0.3286743232468172238, 0.2749999999465021494, -0.6130577013076043968 ) ) ;
#1189 = ORIENTED_EDGE ( 'NONE', *, *, #257, .T. ) ;
#1190 = CARTESIAN_POINT ( 'NONE',  ( 0.5170901962687332043, 0.4154999999999999805, -2.523520804287652908 ) ) ;
#1191 = EDGE_LOOP ( 'NONE', ( #3427, #1945, #2465, #1021 ) ) ;
#1192 = DIRECTION ( 'NONE',  ( 0.000000000000000000, -1.000000000000000000, 0.000000000000000000 ) ) ;
#1193 = ORIENTED_EDGE ( 'NONE', *, *, #790, .F. ) ;
#1194 = EDGE_CURVE ( 'NONE', #1625, #2203, #1235, .T. ) ;
#1195 = DIRECTION ( 'NONE',  ( 0.000000000000000000, 0.000000000000000000, 1.000000000000000000 ) ) ;
#1196 = DIRECTION ( 'NONE',  ( 1.000000000000000000, 1.560461534842496168E-16, 0.000000000000000000 ) ) ;
#1197 = ORIENTED_EDGE ( 'NONE', *, *, #742, .T. ) ;
#1198 = ADVANCED_FACE ( 'NONE', ( #1326 ), #2379, .F. ) ;
#1199 = DIRECTION ( 'NONE',  ( -1.000000000000000000, 0.000000000000000000, 0.000000000000000000 ) ) ;
#1200 = DIRECTION ( 'NONE',  ( -0.000000000000000000, -1.000000000000000000, -0.000000000000000000 ) ) ;
#1201 = ORIENTED_EDGE ( 'NONE', *, *, #843, .T. ) ;
#1202 = AXIS2_PLACEMENT_3D ( 'NONE', #786, #1853, #1799 ) ;
#1203 = CARTESIAN_POINT ( 'NONE',  ( -0.7475289246740444149, 0.4154999999999999805, 0.3672290678791527152 ) ) ;
#1204 = CARTESIAN_POINT ( 'NONE',  ( -0.6726316554399787151, 0.4154999999999999805, -0.7772844286458566732 ) ) ;
#1205 = AXIS2_PLACEMENT_3D ( 'NONE', #2125, #553, #1070 ) ;
#1206 = ORIENTED_EDGE ( 'NONE', *, *, #3264, .T. ) ;
#1207 = ORIENTED_EDGE ( 'NONE', *, *, #1888, .F. ) ;
#1208 = CIRCLE ( 'NONE', #2562, 0.1250000000000000278 ) ;
#1209 = CIRCLE ( 'NONE', #3346, 0.3564999999999995395 ) ;
#1210 = CARTESIAN_POINT ( 'NONE',  ( -4.001042448051045535E-18, -0.2749999999999999112, -2.173061600400136948E-18 ) ) ;
#1211 = LINE ( 'NONE', #448, #1390 ) ;
#1212 = AXIS2_PLACEMENT_3D ( 'NONE', #2198, #652, #56 ) ;
#1213 = ORIENTED_EDGE ( 'NONE', *, *, #2341, .F. ) ;
#1214 = TOROIDAL_SURFACE ( 'NONE', #2851, 0.7045000000000001261, 0.1250000000000000000 ) ;
#1215 =( CONVERSION_BASED_UNIT ( 'INCH', #3397 ) LENGTH_UNIT ( ) NAMED_UNIT ( #465 ) );
#1216 = CARTESIAN_POINT ( 'NONE',  ( 1.016779071323788308, -0.2750000000000000222, -3.233998620424983095 ) ) ;
#1217 = ORIENTED_EDGE ( 'NONE', *, *, #2308, .F. ) ;
#1218 = AXIS2_PLACEMENT_3D ( 'NONE', #1468, #416, #438 ) ;
#1219 = EDGE_CURVE ( 'NONE', #1740, #6, #159, .T. ) ;
#1220 = CARTESIAN_POINT ( 'NONE',  ( 4.978189238533990241E-17, 0.2924999999999999822, -0.4064999999999999725 ) ) ;
#1221 = DIRECTION ( 'NONE',  ( 1.000000000000000000, 1.951319995474473974E-16, 0.000000000000000000 ) ) ;
#1222 = CARTESIAN_POINT ( 'NONE',  ( 0.4753052053105329411, 0.4154999999999999805, 0.06328674272477667617 ) ) ;
#1223 = EDGE_CURVE ( 'NONE', #1674, #1146, #2133, .T. ) ;
#1224 = VERTEX_POINT ( 'NONE', #3213 ) ;
#1225 = CIRCLE ( 'NONE', #2065, 0.1250000000000000278 ) ;
#1226 = VECTOR ( 'NONE', #241, 39.37007874015748143 ) ;
#1227 = DIRECTION ( 'NONE',  ( -0.000000000000000000, 1.000000000000000000, -0.000000000000000000 ) ) ;
#1228 = CARTESIAN_POINT ( 'NONE',  ( -0.6117969723617091571, -0.2750000000111211818, 0.3025774438956551626 ) ) ;
#1229 = ORIENTED_EDGE ( 'NONE', *, *, #2377, .T. ) ;
#1230 = AXIS2_PLACEMENT_3D ( 'NONE', #1460, #641, #709 ) ;
#1231 = CIRCLE ( 'NONE', #3141, 0.1499999999999999667 ) ;
#1232 = CARTESIAN_POINT ( 'NONE',  ( 0.1741005577657608883, -0.2750000000000000777, -2.650573950137034895 ) ) ;
#1233 = DIRECTION ( 'NONE',  ( 0.000000000000000000, 0.000000000000000000, 1.000000000000000000 ) ) ;
#1234 = ORIENTED_EDGE ( 'NONE', *, *, #1409, .T. ) ;
#1235 = CIRCLE ( 'NONE', #1683, 0.1564999999999997504 ) ;
#1236 = EDGE_CURVE ( 'NONE', #1011, #853, #1876, .T. ) ;
#1237 = DIRECTION ( 'NONE',  ( -0.1319848649109000849, 0.000000000000000000, 0.9912517316173784510 ) ) ;
#1238 = ORIENTED_EDGE ( 'NONE', *, *, #1121, .T. ) ;
#1239 = CARTESIAN_POINT ( 'NONE',  ( -0.7582311740451548321, -0.4154999999999999805, -0.6541068234793239178 ) ) ;
#1240 = CARTESIAN_POINT ( 'NONE',  ( -0.2831083819246160149, 0.2646341941328354541, 0.5897293479312576414 ) ) ;
#1241 = CARTESIAN_POINT ( 'NONE',  ( -0.7475289246740444149, -0.4154999999999999805, 0.3672290678791527152 ) ) ;
#1242 = ORIENTED_EDGE ( 'NONE', *, *, #1005, .F. ) ;
#1243 = DIRECTION ( 'NONE',  ( 1.600416979220540672E-16, 1.000000000000000000, 8.692246401601097529E-17 ) ) ;
#1244 = EDGE_CURVE ( 'NONE', #30, #1511, #1821, .T. ) ;
#1245 = DIRECTION ( 'NONE',  ( 0.000000000000000000, -0.000000000000000000, 1.000000000000000000 ) ) ;
#1246 = CARTESIAN_POINT ( 'NONE',  ( -0.6016492100823876976, -0.2749999999735112111, 0.3309352379500287156 ) ) ;
#1247 = VERTEX_POINT ( 'NONE', #810 ) ;
#1248 = LINE ( 'NONE', #1810, #1893 ) ;
#1249 = EDGE_CURVE ( 'NONE', #1532, #2348, #2102, .T. ) ;
#1250 = CARTESIAN_POINT ( 'NONE',  ( 0.000000000000000000, -0.4154999999999999805, 0.000000000000000000 ) ) ;
#1251 = VERTEX_POINT ( 'NONE', #285 ) ;
#1252 = DIRECTION ( 'NONE',  ( 0.3940037232547144441, 0.000000000000000000, 0.9191088434246634797 ) ) ;
#1253 = DIRECTION ( 'NONE',  ( 0.000000000000000000, 0.000000000000000000, 1.000000000000000000 ) ) ;
#1254 = ORIENTED_EDGE ( 'NONE', *, *, #3415, .T. ) ;
#1255 = FACE_OUTER_BOUND ( 'NONE', #185, .T. ) ;
#1256 = DIRECTION ( 'NONE',  ( 0.000000000000000000, 1.000000000000000000, 0.000000000000000000 ) ) ;
#1257 = ORIENTED_EDGE ( 'NONE', *, *, #1759, .F. ) ;
#1258 = DIRECTION ( 'NONE',  ( -0.2960048936140787235, 0.000000000000000000, -0.9551864231428951468 ) ) ;
#1259 = CARTESIAN_POINT ( 'NONE',  ( -0.5195878495352476145, -0.1519457595842988729, 0.2567102559020760788 ) ) ;
#1260 = EDGE_LOOP ( 'NONE', ( #2873, #3380, #2906, #2512 ) ) ;
#1261 = ADVANCED_FACE ( 'NONE', ( #231 ), #2123, .F. ) ;
#1262 = CIRCLE ( 'NONE', #1035, 0.1250000000000000278 ) ;
#1263 = CARTESIAN_POINT ( 'NONE',  ( -0.1689050956732617292, -0.1499999999999992173, 0.5543386317546399322 ) ) ;
#1264 = CARTESIAN_POINT ( 'NONE',  ( -0.5467842266487036307, -0.2749999999999999667, 0.1919563999667068255 ) ) ;
#1265 = AXIS2_PLACEMENT_3D ( 'NONE', #2347, #1290, #266 ) ;
#1266 = EDGE_CURVE ( 'NONE', #2541, #3471, #2417, .T. ) ;
#1267 = ORIENTED_EDGE ( 'NONE', *, *, #269, .F. ) ;
#1268 = AXIS2_PLACEMENT_3D ( 'NONE', #1927, #1677, #906 ) ;
#1269 = DIRECTION ( 'NONE',  ( -0.000000000000000000, 1.000000000000000000, -0.000000000000000000 ) ) ;
#1270 = ORIENTED_EDGE ( 'NONE', *, *, #2987, .T. ) ;
#1271 = CARTESIAN_POINT ( 'NONE',  ( 0.5175456179079590546, 0.4154999999999999805, -2.798520563952858531 ) ) ;
#1272 = AXIS2_PLACEMENT_3D ( 'NONE', #304, #1376, #2714 ) ;
#1273 = CARTESIAN_POINT ( 'NONE',  ( 0.5116669757091963922, -0.1499999999999992173, -0.2098026595841995523 ) ) ;
#1274 = AXIS2_PLACEMENT_3D ( 'NONE', #2547, #3111, #3375 ) ;
#1275 = CARTESIAN_POINT ( 'NONE',  ( -0.2729745293709227028, -0.2750000000032159497, -0.5972600775295242581 ) ) ;
#1276 = ORIENTED_EDGE ( 'NONE', *, *, #102, .F. ) ;
#1277 = CARTESIAN_POINT ( 'NONE',  ( -2.553999244146052683E-17, -0.1595833634175723992, -1.387137916421795219E-17 ) ) ;
#1278 = CARTESIAN_POINT ( 'NONE',  ( -0.5077256333273486577, -0.2594826205094453164, 0.2795008418118751226 ) ) ;
#1279 = ORIENTED_EDGE ( 'NONE', *, *, #2553, .T. ) ;
#1280 = DIRECTION ( 'NONE',  ( 0.000000000000000000, 1.000000000000000000, 0.000000000000000000 ) ) ;
#1281 = CARTESIAN_POINT ( 'NONE',  ( -0.5795000000000016804, -10.17333010605798549, -8.842909200668265274E-16 ) ) ;
#1282 = ADVANCED_FACE ( 'NONE', ( #1577 ), #3198, .F. ) ;
#1283 = AXIS2_PLACEMENT_3D ( 'NONE', #1725, #2239, #2802 ) ;
#1284 = ORIENTED_EDGE ( 'NONE', *, *, #2695, .T. ) ;
#1285 = ADVANCED_FACE ( 'NONE', ( #1012 ), #1816, .F. ) ;
#1286 = CARTESIAN_POINT ( 'NONE',  ( 4.401146692856478960E-17, 0.2749999999999999112, 2.390367760440300249E-17 ) ) ;
#1287 = ORIENTED_EDGE ( 'NONE', *, *, #2927, .T. ) ;
#1288 = DIRECTION ( 'NONE',  ( 0.000000000000000000, 0.000000000000000000, 1.000000000000000000 ) ) ;
#1289 = DIRECTION ( 'NONE',  ( 0.000000000000000000, -1.000000000000000000, 0.000000000000000000 ) ) ;
#1290 = DIRECTION ( 'NONE',  ( -0.000000000000000000, 1.000000000000000000, -0.000000000000000000 ) ) ;
#1291 = ORIENTED_EDGE ( 'NONE', *, *, #1590, .T. ) ;
#1292 = CARTESIAN_POINT ( 'NONE',  ( 0.2293114616485691093, -0.2749999999999999112, -0.6151491717921733215 ) ) ;
#1293 = FACE_OUTER_BOUND ( 'NONE', #1925, .T. ) ;
#1294 = DIRECTION ( 'NONE',  ( 0.000000000000000000, 0.000000000000000000, 1.000000000000000000 ) ) ;
#1295 = ORIENTED_EDGE ( 'NONE', *, *, #1698, .T. ) ;
#1296 = CARTESIAN_POINT ( 'NONE',  ( -0.2390050392323626316, 0.1595833634120833178, -0.5280453214414002616 ) ) ;
#1297 = DIRECTION ( 'NONE',  ( -0.9912517316173785620, 0.000000000000000000, -0.1319848649109001126 ) ) ;
#1298 = CARTESIAN_POINT ( 'NONE',  ( 0.2817055503725376386, 0.2749999999999999112, -0.7557011531612913835 ) ) ;
#1299 = ORIENTED_EDGE ( 'NONE', *, *, #634, .F. ) ;
#1300 = VERTEX_POINT ( 'NONE', #1292 ) ;
#1301 = DIRECTION ( 'NONE',  ( 0.000000000000000000, 0.000000000000000000, 1.000000000000000000 ) ) ;
#1302 = ADVANCED_FACE ( 'NONE', ( #2365 ), #1614, .F. ) ;
#1303 = DIRECTION ( 'NONE',  ( -1.000000000000000000, 1.600416979220540672E-16, -4.021603506636084879E-34 ) ) ;
#1304 = CARTESIAN_POINT ( 'NONE',  ( -0.4916009466856629539, 0.1499999999999992728, 0.3068366979645035797 ) ) ;
#1305 = FACE_OUTER_BOUND ( 'NONE', #3112, .T. ) ;
#1306 = ADVANCED_FACE ( 'NONE', ( #2177 ), #17, .T. ) ;
#1307 = DIRECTION ( 'NONE',  ( -1.000000000000000000, 2.181987215386795158E-16, 0.000000000000000000 ) ) ;
#1308 = CYLINDRICAL_SURFACE ( 'NONE', #1726, 0.1564999999999998059 ) ;
#1309 = VERTEX_POINT ( 'NONE', #1101 ) ;
#1310 = CARTESIAN_POINT ( 'NONE',  ( -0.3101426056477601390, 0.1526756052141373110, -0.4896594348664957685 ) ) ;
#1311 = LINE ( 'NONE', #575, #783 ) ;
#1312 = AXIS2_PLACEMENT_3D ( 'NONE', #1550, #2655, #2625 ) ;
#1313 = FACE_OUTER_BOUND ( 'NONE', #3431, .T. ) ;
#1314 = CIRCLE ( 'NONE', #2052, 0.2795000000000000262 ) ;
#1315 = DIRECTION ( 'NONE',  ( 1.600416979220540672E-16, 1.000000000000000000, 8.692246401601097529E-17 ) ) ;
#1316 = ORIENTED_EDGE ( 'NONE', *, *, #1909, .F. ) ;
#1317 = ORIENTED_EDGE ( 'NONE', *, *, #2260, .F. ) ;
#1318 = CARTESIAN_POINT ( 'NONE',  ( 0.5175456179079590546, 0.2750000000000001332, -3.311520563952857987 ) ) ;
#1319 = AXIS2_PLACEMENT_3D ( 'NONE', #2997, #2228, #1947 ) ;
#1320 = CARTESIAN_POINT ( 'NONE',  ( -1.704822110706214922, -0.2750000000000002998, 0.3898522182040766171 ) ) ;
#1321 = EDGE_CURVE ( 'NONE', #46, #3170, #3013, .T. ) ;
#1322 = CARTESIAN_POINT ( 'NONE',  ( -0.5163556026797793130, 0.1518510893351553148, 0.2631511719109155822 ) ) ;
#1323 = AXIS2_PLACEMENT_3D ( 'NONE', #2038, #1581, #2406 ) ;
#1324 = CARTESIAN_POINT ( 'NONE',  ( 0.5170901962687332043, -0.4154999999999999805, -2.523520804287652908 ) ) ;
#1325 = CIRCLE ( 'NONE', #722, 0.2500000000000000000 ) ;
#1326 = FACE_OUTER_BOUND ( 'NONE', #2643, .T. ) ;
#1327 = CARTESIAN_POINT ( 'NONE',  ( 0.8709268602295540118, 0.4154999999999999805, -2.907967959612122399 ) ) ;
#1328 = EDGE_CURVE ( 'NONE', #1511, #577, #3182, .T. ) ;
#1329 = CARTESIAN_POINT ( 'NONE',  ( -0.5421888224328406114, -0.1500000000000000500, 0.2050463232031553562 ) ) ;
#1330 = VERTEX_POINT ( 'NONE', #425 ) ;
#1331 = CARTESIAN_POINT ( 'NONE',  ( -0.3308065224728605758, 0.2750000000095777497, -0.5783750929691944265 ) ) ;
#1332 = CARTESIAN_POINT ( 'NONE',  ( -1.391545902943916557, -0.2750000000000001887, 0.6849999999999999423 ) ) ;
#1333 = AXIS2_PLACEMENT_3D ( 'NONE', #3236, #1108, #2386 ) ;
#1334 = DIRECTION ( 'NONE',  ( -0.000000000000000000, -1.000000000000000000, -0.000000000000000000 ) ) ;
#1335 = CYLINDRICAL_SURFACE ( 'NONE', #3003, 0.4064999999999999725 ) ;
#1336 = ORIENTED_EDGE ( 'NONE', *, *, #419, .T. ) ;
#1337 = ORIENTED_EDGE ( 'NONE', *, *, #3412, .T. ) ;
#1338 = CARTESIAN_POINT ( 'NONE',  ( 0.2792778481236518617, -0.1499999999999999112, -0.5077638560860968653 ) ) ;
#1339 = EDGE_CURVE ( 'NONE', #2251, #2954, #3100, .T. ) ;
#1340 = DIRECTION ( 'NONE',  ( 0.000000000000000000, 0.000000000000000000, 1.000000000000000000 ) ) ;
#1341 = CARTESIAN_POINT ( 'NONE',  ( 0.5175456179079590546, -0.2750000000000001887, -2.955020563952858392 ) ) ;
#1342 = FACE_OUTER_BOUND ( 'NONE', #2909, .T. ) ;
#1343 = CARTESIAN_POINT ( 'NONE',  ( 0.8709268602295540118, -0.4154999999999999805, -2.907967959612122399 ) ) ;
#1344 = LINE ( 'NONE', #216, #1556 ) ;
#1345 = CARTESIAN_POINT ( 'NONE',  ( -1.286020158370497324, -0.2750000000000000777, 0.9005239598504420906 ) ) ;
#1346 = EDGE_LOOP ( 'NONE', ( #229, #1570 ) ) ;
#1347 = EDGE_CURVE ( 'NONE', #115, #319, #2285, .T. ) ;
#1348 = CARTESIAN_POINT ( 'NONE',  ( 0.5181835705812584125, 0.1939486529222532729, -0.2587445284533383405 ) ) ;
#1349 = CARTESIAN_POINT ( 'NONE',  ( -0.8531120060896512092, 0.2750000000000000222, 0.5452568438687594998 ) ) ;
#1350 = EDGE_CURVE ( 'NONE', #809, #2036, #2792, .T. ) ;
#1351 = DIRECTION ( 'NONE',  ( 0.000000000000000000, 0.000000000000000000, 1.000000000000000000 ) ) ;
#1352 = VERTEX_POINT ( 'NONE', #2025 ) ;
#1353 = ORIENTED_EDGE ( 'NONE', *, *, #2271, .T. ) ;
#1354 = CARTESIAN_POINT ( 'NONE',  ( 0.5175456179079590546, -0.4154999999999999805, -2.955020563952858392 ) ) ;
#1355 = CARTESIAN_POINT ( 'NONE',  ( 0.5175456179079590546, -0.2750000000000002442, -3.311520563952857987 ) ) ;
#1356 = CARTESIAN_POINT ( 'NONE',  ( 0.2024158294369319266, 0.1595833634175730376, -0.5429991546893594423 ) ) ;
#1357 = EDGE_LOOP ( 'NONE', ( #2204, #173, #2136, #375, #760 ) ) ;
#1358 = CARTESIAN_POINT ( 'NONE',  ( -2.400625468830792027E-17, -0.1499999999999992173, -1.303836960240157203E-17 ) ) ;
#1359 = LINE ( 'NONE', #2701, #2795 ) ;
#1360 = CYLINDRICAL_SURFACE ( 'NONE', #20, 0.4794999999999999818 ) ;
#1361 = ORIENTED_EDGE ( 'NONE', *, *, #455, .T. ) ;
#1362 = EDGE_CURVE ( 'NONE', #239, #3032, #1248, .T. ) ;
#1363 = CARTESIAN_POINT ( 'NONE',  ( 0.2293114616485691093, -0.4154999999999999805, -0.6151491717921733215 ) ) ;
#1364 = DIRECTION ( 'NONE',  ( 0.000000000000000000, 0.000000000000000000, 1.000000000000000000 ) ) ;
#1365 = EDGE_CURVE ( 'NONE', #3065, #3337, #2847, .T. ) ;
#1366 = CARTESIAN_POINT ( 'NONE',  ( -1.178638338124658347, 0.4154999999999999805, 0.2822044477628676828 ) ) ;
#1367 = EDGE_CURVE ( 'NONE', #3418, #391, #2335, .T. ) ;
#1368 = ORIENTED_EDGE ( 'NONE', *, *, #2685, .T. ) ;
#1369 = CIRCLE ( 'NONE', #16, 0.1249999999999999029 ) ;
#1370 = FACE_OUTER_BOUND ( 'NONE', #3258, .T. ) ;
#1371 = DIRECTION ( 'NONE',  ( -1.600416979220540672E-16, 1.000000000000000000, -8.692246401601097529E-17 ) ) ;
#1372 = FACE_OUTER_BOUND ( 'NONE', #1391, .T. ) ;
#1373 = VERTEX_POINT ( 'NONE', #1002 ) ;
#1374 = VECTOR ( 'NONE', #2913, 39.37007874015748143 ) ;
#1375 = VECTOR ( 'NONE', #2994, 39.37007874015748143 ) ;
#1376 = DIRECTION ( 'NONE',  ( 1.600416979220540672E-16, 1.000000000000000000, 8.692246401601097529E-17 ) ) ;
#1377 = CARTESIAN_POINT ( 'NONE',  ( -0.8531120060896512092, -0.2750000000000000222, 0.5452568438687594998 ) ) ;
#1378 = AXIS2_PLACEMENT_3D ( 'NONE', #348, #1415, #72 ) ;
#1379 =( BOUNDED_SURFACE ( )  B_SPLINE_SURFACE ( 3, 2, ( 
 ( #648, #2250, #1967 ),
 ( #1715, #2179, #39 ),
 ( #3040, #1918, #2998 ),
 ( #600, #2716, #2211 ),
 ( #306, #2310, #1452 ),
 ( #1469, #2325, #2278 ),
 ( #1522, #108, #3403 ),
 ( #2527, #176, #1188 ),
 ( #1787, #1766, #2296 ),
 ( #995, #439, #2845 ) ),
 .UNSPECIFIED., .F., .F., .F. ) 
 B_SPLINE_SURFACE_WITH_KNOTS ( ( 4, 2, 2, 2, 4 ),
 ( 3, 3 ),
 ( 0.007848303936969164632, 0.008493387137451218621, 0.009138470337933270876, 0.009783553538415324866, 0.01042863673889737886 ),
 ( 0.000000000000000000, 1.000000000000000000 ),
 .UNSPECIFIED. ) 
 GEOMETRIC_REPRESENTATION_ITEM ( )  RATIONAL_B_SPLINE_SURFACE ( (
 ( 1.000000000000000000, 0.8318653737234154022, 1.000000000000000000),
 ( 1.000000000000000000, 0.8319325464949781646, 1.000000000000000000),
 ( 1.000000000000000000, 0.8271761510015097629, 1.000000000000000000),
 ( 1.000000000000000000, 0.8106741123710484720, 1.000000000000000000),
 ( 1.000000000000000000, 0.7990065125531288226, 1.000000000000000000),
 ( 1.000000000000000000, 0.7732593012289282752, 1.000000000000000000),
 ( 1.000000000000000000, 0.7592675185727504328, 1.000000000000000000),
 ( 1.000000000000000000, 0.7321785552869826130, 1.000000000000000000),
 ( 1.000000000000000000, 0.7190388520552977170, 1.000000000000000000),
 ( 1.000000000000000000, 0.7071067811865453523, 1.000000000000000000) ) ) 
 REPRESENTATION_ITEM ( '' )  SURFACE ( )  );
#1380 = DIRECTION ( 'NONE',  ( -1.000000000000000000, 1.600416979220540672E-16, -4.021603506636084879E-34 ) ) ;
#1381 = VERTEX_POINT ( 'NONE', #2852 ) ;
#1382 = CIRCLE ( 'NONE', #2284, 0.1249999999999999029 ) ;
#1383 = CARTESIAN_POINT ( 'NONE',  ( -0.6726316554399787151, -0.2750000000000000777, -0.7772844286458566732 ) ) ;
#1384 = CYLINDRICAL_SURFACE ( 'NONE', #2460, 0.1499999999999999667 ) ;
#1385 = DIRECTION ( 'NONE',  ( -1.600416979220540672E-16, 1.000000000000000000, -8.692246401601097529E-17 ) ) ;
#1386 = AXIS2_PLACEMENT_3D ( 'NONE', #3475, #191, #2932 ) ;
#1387 = ORIENTED_EDGE ( 'NONE', *, *, #50, .F. ) ;
#1388 = CARTESIAN_POINT ( 'NONE',  ( -0.2283251576261070281, -0.1595833634175730376, -0.5326235747645925445 ) ) ;
#1389 = ORIENTED_EDGE ( 'NONE', *, *, #3331, .T. ) ;
#1390 = VECTOR ( 'NONE', #733, 39.37007874015748143 ) ;
#1391 = EDGE_LOOP ( 'NONE', ( #2885, #2786, #2778, #1834 ) ) ;
#1392 = EDGE_CURVE ( 'NONE', #2782, #911, #2074, .T. ) ;
#1393 = CIRCLE ( 'NONE', #618, 0.1499999999999999944 ) ;
#1394 = CARTESIAN_POINT ( 'NONE',  ( -1.391545902943916557, 0.4154999999999999805, 0.5600000000000000533 ) ) ;
#1395 = CARTESIAN_POINT ( 'NONE',  ( 0.5330548866225259808, 0.2622787982106891680, -0.3704332269059028571 ) ) ;
#1396 = VERTEX_POINT ( 'NONE', #2869 ) ;
#1397 = LINE ( 'NONE', #846, #87 ) ;
#1398 = DIRECTION ( 'NONE',  ( 0.000000000000000000, 1.000000000000000000, 0.000000000000000000 ) ) ;
#1399 = ORIENTED_EDGE ( 'NONE', *, *, #32, .F. ) ;
#1400 = CARTESIAN_POINT ( 'NONE',  ( 0.6379792159665913509, -0.1499999999999991618, -0.2296003893208343472 ) ) ;
#1401 = CARTESIAN_POINT ( 'NONE',  ( -0.6647273298947570241, 0.1499999999999999944, 0.2333620082425305886 ) ) ;
#1402 = CARTESIAN_POINT ( 'NONE',  ( -0.5976408402761856919, -0.2750000000000000222, 0.3730223532631454786 ) ) ;
#1403 = CARTESIAN_POINT ( 'NONE',  ( -0.9772243147623267401, -0.4154999999999999805, -0.5307538375209526205 ) ) ;
#1404 = EDGE_LOOP ( 'NONE', ( #3102, #2231 ) ) ;
#1405 = ORIENTED_EDGE ( 'NONE', *, *, #1367, .T. ) ;
#1406 = CARTESIAN_POINT ( 'NONE',  ( -0.4235130059828827731, 0.2750000000000000222, -0.5629893282854859793 ) ) ;
#1407 = CARTESIAN_POINT ( 'NONE',  ( 0.5175456179079590546, 0.2750000000000001332, -2.955020563952858392 ) ) ;
#1408 = EDGE_LOOP ( 'NONE', ( #2688, #2805, #1939, #2713 ) ) ;
#1409 = EDGE_CURVE ( 'NONE', #2203, #1625, #2731, .T. ) ;
#1410 = CARTESIAN_POINT ( 'NONE',  ( 0.8027848617925288366, 0.2750000000000001332, -3.532692060433023862 ) ) ;
#1411 = CARTESIAN_POINT ( 'NONE',  ( 0.000000000000000000, 0.2749999999999999112, 0.000000000000000000 ) ) ;
#1412 = LINE ( 'NONE', #3316, #711 ) ;
#1413 = EDGE_CURVE ( 'NONE', #756, #3011, #1512, .T. ) ;
#1414 = VERTEX_POINT ( 'NONE', #3133 ) ;
#1415 = DIRECTION ( 'NONE',  ( -0.000000000000000000, -1.000000000000000000, -0.000000000000000000 ) ) ;
#1416 = CARTESIAN_POINT ( 'NONE',  ( -0.5467842266487041858, -0.1499999999999999944, 0.1919563999667071585 ) ) ;
#1417 = CARTESIAN_POINT ( 'NONE',  ( 0.3146105704978188755, -0.2750000000534980615, -0.6091730690854161301 ) ) ;
#1418 = VERTEX_POINT ( 'NONE', #3340 ) ;
#1419 = B_SPLINE_CURVE_WITH_KNOTS ( 'NONE', 3,
 ( #1263, #1743, #1528, #2602, #3362, #2883, #480, #1544, #2010, #3084, #410, #183, #2819, #1476, #2550, #130 ),
 .UNSPECIFIED., .F., .F.,
 ( 4, 2, 2, 2, 2, 2, 2, 4 ),
 ( 4.336808689942017736E-19, 0.0003944314428995639122, 0.0007888628857991273908, 0.001577725771598254348, 0.002366588657397381088, 0.003155451543196508262, 0.004733177314794763044, 0.006310903086393017392 ),
 .UNSPECIFIED. ) ;
#1420 = EDGE_LOOP ( 'NONE', ( #3031, #157, #796, #1571, #3275, #2452, #1457, #2048 ) ) ;
#1421 = CARTESIAN_POINT ( 'NONE',  ( -1.072962970312259845, 0.4154999999999999805, 0.06456772281790244816 ) ) ;
#1422 = VERTEX_POINT ( 'NONE', #169 ) ;
#1423 = ORIENTED_EDGE ( 'NONE', *, *, #1036, .F. ) ;
#1424 = DIRECTION ( 'NONE',  ( -0.000000000000000000, -1.000000000000000000, -0.000000000000000000 ) ) ;
#1425 = DIRECTION ( 'NONE',  ( 0.7590818561677389331, 0.000000000000000000, -0.6509951886434646173 ) ) ;
#1426 = EDGE_LOOP ( 'NONE', ( #1317, #2092, #1179, #3289, #1527 ) ) ;
#1427 = DIRECTION ( 'NONE',  ( -0.6509951886434646173, 0.000000000000000000, -0.7590818561677389331 ) ) ;
#1428 = AXIS2_PLACEMENT_3D ( 'NONE', #1884, #818, #3490 ) ;
#1429 = EDGE_CURVE ( 'NONE', #1112, #1523, #2318, .T. ) ;
#1430 = CARTESIAN_POINT ( 'NONE',  ( -0.9142730227309474600, 0.4154999999999999805, -0.2237551409882143905 ) ) ;
#1431 = CARTESIAN_POINT ( 'NONE',  ( -1.704822110706214922, 0.2750000000000001332, 0.3898522182040766171 ) ) ;
#1432 = CIRCLE ( 'NONE', #825, 0.1249999999999999029 ) ;
#1433 = VERTEX_POINT ( 'NONE', #983 ) ;
#1434 = CIRCLE ( 'NONE', #24, 0.1564999999999998059 ) ;
#1435 = CARTESIAN_POINT ( 'NONE',  ( -0.4627043295926986377, 0.2750000000000000777, -1.079369600130906770 ) ) ;
#1436 = EDGE_CURVE ( 'NONE', #1507, #3418, #970, .T. ) ;
#1437 = FACE_BOUND ( 'NONE', #1487, .T. ) ;
#1438 = DIRECTION ( 'NONE',  ( 1.600416979220540672E-16, 1.000000000000000000, 8.692246401601097529E-17 ) ) ;
#1439 = ORIENTED_EDGE ( 'NONE', *, *, #1362, .F. ) ;
#1440 = VECTOR ( 'NONE', #1719, 39.37007874015748143 ) ;
#1441 = EDGE_LOOP ( 'NONE', ( #2882, #1234 ) ) ;
#1442 = CARTESIAN_POINT ( 'NONE',  ( -0.5195712041218538690, -0.1519457648957837359, 0.2567441251409514069 ) ) ;
#1443 = VECTOR ( 'NONE', #518, 39.37007874015748143 ) ;
#1444 = VERTEX_POINT ( 'NONE', #3151 ) ;
#1445 = ORIENTED_EDGE ( 'NONE', *, *, #2685, .F. ) ;
#1446 =( NAMED_UNIT ( * ) SI_UNIT ( $, .STERADIAN. ) SOLID_ANGLE_UNIT ( ) );
#1447 = CIRCLE ( 'NONE', #1903, 0.2500000000000000555 ) ;
#1448 = VERTEX_POINT ( 'NONE', #678 ) ;
#1449 = CIRCLE ( 'NONE', #1675, 0.7045000000000001261 ) ;
#1450 = EDGE_CURVE ( 'NONE', #1422, #2152, #1419, .T. ) ;
#1451 = CARTESIAN_POINT ( 'NONE',  ( -1.704822110706214922, -0.4154999999999999805, 0.3898522182040766726 ) ) ;
#1452 = CARTESIAN_POINT ( 'NONE',  ( 0.2873176706212858256, 0.2750000001345803691, -0.6055002575603486425 ) ) ;
#1453 = ORIENTED_EDGE ( 'NONE', *, *, #3440, .F. ) ;
#1454 = AXIS2_PLACEMENT_3D ( 'NONE', #2323, #2045, #719 ) ;
#1455 = DIRECTION ( 'NONE',  ( 1.600416979220540672E-16, -1.000000000000000000, 8.692246401601097529E-17 ) ) ;
#1456 = CARTESIAN_POINT ( 'NONE',  ( 0.2284696755890576469, -0.1572511863605299542, -0.5326079364210074552 ) ) ;
#1457 = ORIENTED_EDGE ( 'NONE', *, *, #2317, .T. ) ;
#1458 = CIRCLE ( 'NONE', #730, 0.3564999999999998725 ) ;
#1459 = EDGE_CURVE ( 'NONE', #2152, #3116, #3290, .T. ) ;
#1460 = CARTESIAN_POINT ( 'NONE',  ( -1.072962970312259845, -0.4154999999999999805, 0.06456772281790244816 ) ) ;
#1461 = EDGE_LOOP ( 'NONE', ( #1257, #126, #3060, #3447 ) ) ;
#1462 = EDGE_CURVE ( 'NONE', #904, #981, #1158, .T. ) ;
#1463 = ORIENTED_EDGE ( 'NONE', *, *, #548, .T. ) ;
#1464 = DIRECTION ( 'NONE',  ( -0.000000000000000000, 1.000000000000000000, -0.000000000000000000 ) ) ;
#1465 = CARTESIAN_POINT ( 'NONE',  ( -0.6336666462488835805, 0.4154999999999999805, 0.2695797895826329560 ) ) ;
#1466 = ORIENTED_EDGE ( 'NONE', *, *, #1742, .T. ) ;
#1467 = CARTESIAN_POINT ( 'NONE',  ( 0.2042694101456607736, -0.2750000000000001887, -3.125168345748781551 ) ) ;
#1468 = CARTESIAN_POINT ( 'NONE',  ( -1.072962970312259845, -0.4154999999999999805, 0.06456772281790244816 ) ) ;
#1469 = CARTESIAN_POINT ( 'NONE',  ( 0.2477525887900464407, 0.1535363132127618435, -0.5239166629462421731 ) ) ;
#1470 = ORIENTED_EDGE ( 'NONE', *, *, #1676, .F. ) ;
#1471 = CARTESIAN_POINT ( 'NONE',  ( -0.4939109217712057132, 0.2709996932953755433, 0.3031357527599427004 ) ) ;
#1472 = DIRECTION ( 'NONE',  ( 0.000000000000000000, 0.000000000000000000, 1.000000000000000000 ) ) ;
#1473 = EDGE_CURVE ( 'NONE', #3222, #930, #555, .T. ) ;
#1474 = ORIENTED_EDGE ( 'NONE', *, *, #1759, .T. ) ;
#1475 = ORIENTED_EDGE ( 'NONE', *, *, #195, .F. ) ;
#1476 = CARTESIAN_POINT ( 'NONE',  ( -0.3116779998396947415, -0.2722929382703812018, 0.5985828518197680026 ) ) ;
#1477 = CARTESIAN_POINT ( 'NONE',  ( 0.2024158294369319266, 0.1595833634175730376, -0.5429991546893594423 ) ) ;
#1478 = EDGE_CURVE ( 'NONE', #560, #2270, #2903, .T. ) ;
#1479 = ORIENTED_EDGE ( 'NONE', *, *, #1134, .F. ) ;
#1480 = EDGE_CURVE ( 'NONE', #3170, #3012, #1585, .T. ) ;
#1481 = CARTESIAN_POINT ( 'NONE',  ( -0.5976408402761856919, 0.2749999999999999112, 0.3730223532631455341 ) ) ;
#1482 = CARTESIAN_POINT ( 'NONE',  ( 0.000000000000000000, -0.2749999999999999112, 0.000000000000000000 ) ) ;
#1483 = ORIENTED_EDGE ( 'NONE', *, *, #1121, .F. ) ;
#1484 = CARTESIAN_POINT ( 'NONE',  ( 0.5172485120181743445, -0.2750000000000000777, -2.673520720741374479 ) ) ;
#1485 = CYLINDRICAL_SURFACE ( 'NONE', #1053, 0.3499999999999999778 ) ;
#1486 = CARTESIAN_POINT ( 'NONE',  ( -0.4235130059828828841, -0.2750000000000000222, -0.5629893282854859793 ) ) ;
#1487 = EDGE_LOOP ( 'NONE', ( #288, #66 ) ) ;
#1488 = VECTOR ( 'NONE', #2321, 39.37007874015748143 ) ;
#1489 = CARTESIAN_POINT ( 'NONE',  ( -0.5195079881382137499, 0.2565522254248325806, 0.2569113141100583531 ) ) ;
#1490 = CARTESIAN_POINT ( 'NONE',  ( 0.5175456179079590546, 0.4154999999999999805, -2.955020563952858392 ) ) ;
#1491 = CIRCLE ( 'NONE', #1998, 0.6564999999999999725 ) ;
#1492 = ORIENTED_EDGE ( 'NONE', *, *, #2192, .T. ) ;
#1493 = CIRCLE ( 'NONE', #430, 0.5795000000000000151 ) ;
#1494 = CARTESIAN_POINT ( 'NONE',  ( -1.072962970312259845, 0.2750000000000001887, 0.06456772281790244816 ) ) ;
#1495 = CARTESIAN_POINT ( 'NONE',  ( 0.2287513104716079326, 0.1571948271965771804, -0.5326250678683240869 ) ) ;
#1496 = VECTOR ( 'NONE', #1795, 39.37007874015748143 ) ;
#1497 = ORIENTED_EDGE ( 'NONE', *, *, #2338, .F. ) ;
#1498 = CIRCLE ( 'NONE', #1837, 0.09499999999999994560 ) ;
#1499 = DIRECTION ( 'NONE',  ( 0.000000000000000000, 0.000000000000000000, 1.000000000000000000 ) ) ;
#1500 = LENGTH_MEASURE_WITH_UNIT ( LENGTH_MEASURE( 0.02539999999999999897 ), #959 );
#1501 = VERTEX_POINT ( 'NONE', #1827 ) ;
#1502 = AXIS2_PLACEMENT_3D ( 'NONE', #3332, #2262, #994 ) ;
#1503 = CARTESIAN_POINT ( 'NONE',  ( 0.2293114616485691093, -0.4154999999999999805, -0.6151491717921733215 ) ) ;
#1504 = EDGE_CURVE ( 'NONE', #946, #724, #26, .T. ) ;
#1505 = DIRECTION ( 'NONE',  ( -0.000000000000000000, 1.000000000000000000, -0.000000000000000000 ) ) ;
#1506 = PLANE ( 'NONE',  #2783 ) ;
#1507 = VERTEX_POINT ( 'NONE', #1564 ) ;
#1508 = CIRCLE ( 'NONE', #2515, 0.2814999999999998059 ) ;
#1509 = DIRECTION ( 'NONE',  ( -1.600416979220540672E-16, 1.000000000000000000, -8.692246401601097529E-17 ) ) ;
#1510 = CARTESIAN_POINT ( 'NONE',  ( 0.4303933101151443119, 0.4154999999999999805, -0.7359034234246558670 ) ) ;
#1511 = VERTEX_POINT ( 'NONE', #2422 ) ;
#1512 = LINE ( 'NONE', #1232, #936 ) ;
#1513 = DIRECTION ( 'NONE',  ( 0.000000000000000000, 0.000000000000000000, 1.000000000000000000 ) ) ;
#1514 = AXIS2_PLACEMENT_3D ( 'NONE', #2842, #3400, #700 ) ;
#1515 = ORIENTED_EDGE ( 'NONE', *, *, #1183, .F. ) ;
#1516 = PLANE ( 'NONE',  #3118 ) ;
#1517 = PLANE ( 'NONE',  #1549 ) ;
#1518 = ORIENTED_EDGE ( 'NONE', *, *, #469, .F. ) ;
#1519 = LINE ( 'NONE', #1271, #1797 ) ;
#1520 = DIRECTION ( 'NONE',  ( -0.9370132091274537833, -2.275068366099751291E-16, -0.3492939248264572694 ) ) ;
#1521 = EDGE_CURVE ( 'NONE', #584, #1422, #7, .T. ) ;
#1522 = CARTESIAN_POINT ( 'NONE',  ( 0.2541118615614124665, 0.1523230730130918087, -0.5208622051618627680 ) ) ;
#1523 = VERTEX_POINT ( 'NONE', #2938 ) ;
#1524 = DIRECTION ( 'NONE',  ( 0.000000000000000000, 0.000000000000000000, -1.000000000000000000 ) ) ;
#1525 = CARTESIAN_POINT ( 'NONE',  ( -0.6076891634762308092, -0.2750000000264887778, 0.3120659070717001216 ) ) ;
#1526 = ADVANCED_FACE ( 'NONE', ( #2369 ), #2497, .F. ) ;
#1527 = ORIENTED_EDGE ( 'NONE', *, *, #1321, .T. ) ;
#1528 = CARTESIAN_POINT ( 'NONE',  ( -0.1694673781846238181, -0.1604107917628309066, 0.5545128787612167987 ) ) ;
#1529 = CARTESIAN_POINT ( 'NONE',  ( -0.9142730227309474600, 0.4154999999999999805, -0.3187551409882143361 ) ) ;
#1530 = VERTEX_POINT ( 'NONE', #1054 ) ;
#1531 = DIRECTION ( 'NONE',  ( -1.600416979220540672E-16, 1.000000000000000000, -8.692246401601097529E-17 ) ) ;
#1532 = VERTEX_POINT ( 'NONE', #1016 ) ;
#1533 = CARTESIAN_POINT ( 'NONE',  ( 0.3629792159665913287, -0.1499999999999992173, -0.2296003893208343472 ) ) ;
#1534 = DIRECTION ( 'NONE',  ( -4.370956789862821150E-15, 0.000000000000000000, 1.000000000000000000 ) ) ;
#1535 = DIRECTION ( 'NONE',  ( -0.2960048936140788345, 0.000000000000000000, -0.9551864231428951468 ) ) ;
#1536 = VERTEX_POINT ( 'NONE', #2090 ) ;
#1537 = EDGE_CURVE ( 'NONE', #1132, #577, #2488, .T. ) ;
#1538 = FACE_BOUND ( 'NONE', #1143, .T. ) ;
#1539 = CARTESIAN_POINT ( 'NONE',  ( -0.6217424599071065261, -0.2749999999888788071, 0.2848836934975429447 ) ) ;
#1540 = AXIS2_PLACEMENT_3D ( 'NONE', #3328, #172, #1252 ) ;
#1541 = ORIENTED_EDGE ( 'NONE', *, *, #2271, .F. ) ;
#1542 = EDGE_CURVE ( 'NONE', #2348, #3027, #2114, .T. ) ;
#1543 = CIRCLE ( 'NONE', #190, 0.2795000000000000262 ) ;
#1544 = CARTESIAN_POINT ( 'NONE',  ( -0.1977207976691051083, -0.2142919185510355484, 0.5632683951987518256 ) ) ;
#1545 = CARTESIAN_POINT ( 'NONE',  ( 0.2792778481236519728, 0.1499999999999992173, -0.5077638560860968653 ) ) ;
#1546 = ORIENTED_EDGE ( 'NONE', *, *, #3243, .F. ) ;
#1547 = VECTOR ( 'NONE', #1164, 39.37007874015748143 ) ;
#1548 = APPLICATION_CONTEXT ( 'automotive_design' ) ;
#1549 = AXIS2_PLACEMENT_3D ( 'NONE', #1762, #3382, #2840 ) ;
#1550 = CARTESIAN_POINT ( 'NONE',  ( -0.7045000000000001261, 0.1499999999999993283, 1.303836960240157203E-17 ) ) ;
#1551 = ORIENTED_EDGE ( 'NONE', *, *, #276, .T. ) ;
#1553 = DIRECTION ( 'NONE',  ( -0.000000000000000000, 1.000000000000000000, -0.000000000000000000 ) ) ;
#1552 = B_SPLINE_CURVE_WITH_KNOTS ( 'NONE', 3,
 ( #1388, #9, #2410, #591, #817, #1923 ),
 .UNSPECIFIED., .F., .F.,
 ( 4, 2, 4 ),
 ( 0.000000000000000000, 0.001765992234231723509, 0.003531984468463447019 ),
 .UNSPECIFIED. ) ;
#1554 = VECTOR ( 'NONE', #2233, 39.37007874015748143 ) ;
#1555 = FACE_OUTER_BOUND ( 'NONE', #1692, .T. ) ;
#1556 = VECTOR ( 'NONE', #1632, 39.37007874015748143 ) ;
#1557 = DIRECTION ( 'NONE',  ( 1.600416979220540919E-16, 1.000000000000000000, 8.692246401601098762E-17 ) ) ;
#1558 = VERTEX_POINT ( 'NONE', #2213 ) ;
#1559 = CYLINDRICAL_SURFACE ( 'NONE', #2588, 0.2500000000000000000 ) ;
#1560 = DIRECTION ( 'NONE',  ( 0.9173757340024096818, 0.000000000000000000, -0.3980223142784082846 ) ) ;
#1561 = DIRECTION ( 'NONE',  ( -0.000000000000000000, 1.000000000000000000, -0.000000000000000000 ) ) ;
#1562 = CIRCLE ( 'NONE', #731, 0.1250000000000000278 ) ;
#1563 = ORIENTED_EDGE ( 'NONE', *, *, #646, .F. ) ;
#1564 = CARTESIAN_POINT ( 'NONE',  ( 0.4303933101151443674, -0.2749999999999999112, -0.7359034234246564221 ) ) ;
#1565 = CARTESIAN_POINT ( 'NONE',  ( -1.847147448710424736E-17, -0.1595833634175731208, -1.003229844018501178E-17 ) ) ;
#1566 = EDGE_CURVE ( 'NONE', #3208, #1433, #41, .T. ) ;
#1567 = ORIENTED_EDGE ( 'NONE', *, *, #2902, .T. ) ;
#1568 = EDGE_CURVE ( 'NONE', #3116, #1727, #377, .T. ) ;
#1569 = CARTESIAN_POINT ( 'NONE',  ( 0.4753052053105329411, 0.4154999999999999805, 0.06328674272477667617 ) ) ;
#1570 = ORIENTED_EDGE ( 'NONE', *, *, #2680, .F. ) ;
#1571 = ORIENTED_EDGE ( 'NONE', *, *, #64, .F. ) ;
#1572 = CARTESIAN_POINT ( 'NONE',  ( 0.2817055503725376386, -0.4154999999999999805, -0.7557011531612913835 ) ) ;
#1573 = CARTESIAN_POINT ( 'NONE',  ( 0.3059138289139928801, -0.2750000000000001332, -2.578983018105089453 ) ) ;
#1574 = CARTESIAN_POINT ( 'NONE',  ( -0.2283251576261066118, -0.2429768869597889180, -0.5326235747645921004 ) ) ;
#1575 = ORIENTED_EDGE ( 'NONE', *, *, #865, .T. ) ;
#1576 = B_SPLINE_CURVE_WITH_KNOTS ( 'NONE', 3,
 ( #1477, #2884, #1495, #2354, #2303, #1545 ),
 .UNSPECIFIED., .F., .F.,
 ( 4, 2, 4 ),
 ( 0.000000000000000000, 0.001081547043250971358, 0.002163094086501942716 ),
 .UNSPECIFIED. ) ;
#1577 = FACE_OUTER_BOUND ( 'NONE', #356, .T. ) ;
#1578 = DIRECTION ( 'NONE',  ( -0.6509951886434646173, 1.701676406575350820E-16, -0.7590818561677389331 ) ) ;
#1579 = DIRECTION ( 'NONE',  ( 1.600416979220540672E-16, 1.000000000000000000, 8.692246401601097529E-17 ) ) ;
#1580 = VERTEX_POINT ( 'NONE', #3280 ) ;
#1581 = DIRECTION ( 'NONE',  ( 0.000000000000000000, 1.000000000000000000, -0.000000000000000000 ) ) ;
#1582 = LINE ( 'NONE', #2653, #672 ) ;
#1583 = EDGE_CURVE ( 'NONE', #504, #2500, #2008, .T. ) ;
#1584 = LINE ( 'NONE', #2164, #573 ) ;
#1585 = B_SPLINE_CURVE_WITH_KNOTS ( 'NONE', 3,
 ( #1033, #1073, #797, #2636, #1348, #521, #3235, #2130 ),
 .UNSPECIFIED., .F., .F.,
 ( 4, 2, 2, 4 ),
 ( -1.234503948956434328E-05, 0.0009924505623909148436, 0.001997246164271394061, 0.004006837368032351195 ),
 .UNSPECIFIED. ) ;
#1586 = PLANE ( 'NONE',  #1768 ) ;
#1587 = EDGE_LOOP ( 'NONE', ( #2992, #351, #164, #1270 ) ) ;
#1588 = ORIENTED_EDGE ( 'NONE', *, *, #1219, .F. ) ;
#1589 = LINE ( 'NONE', #3473, #1226 ) ;
#1590 = EDGE_CURVE ( 'NONE', #2523, #2985, #2229, .T. ) ;
#1591 = CARTESIAN_POINT ( 'NONE',  ( -0.9142730227309474600, 0.4154999999999999805, -0.4137551409882142539 ) ) ;
#1592 = CARTESIAN_POINT ( 'NONE',  ( -1.077459463112261817, 0.2750000000000000222, 0.4055664922567763786 ) ) ;
#1593 = ORIENTED_EDGE ( 'NONE', *, *, #3004, .F. ) ;
#1594 = DIRECTION ( 'NONE',  ( -0.000000000000000000, 1.000000000000000000, -0.000000000000000000 ) ) ;
#1595 = CARTESIAN_POINT ( 'NONE',  ( 0.5175456179079590546, 0.4154999999999999805, -2.955020563952858392 ) ) ;
#1596 = CARTESIAN_POINT ( 'NONE',  ( -0.5467842266487041858, -0.1499999999999999944, 0.1919563999667071585 ) ) ;
#1597 = ORIENTED_EDGE ( 'NONE', *, *, #2598, .T. ) ;
#1598 = CARTESIAN_POINT ( 'NONE',  ( -0.2870914455436082702, 0.2470481223649889091, -0.5035857179150677876 ) ) ;
#1599 = CYLINDRICAL_SURFACE ( 'NONE', #3474, 0.2814999999999996949 ) ;
#1600 = VECTOR ( 'NONE', #1813, 39.37007874015748143 ) ;
#1601 = DIRECTION ( 'NONE',  ( 1.600416979220540672E-16, -1.000000000000000000, 8.692246401601097529E-17 ) ) ;
#1602 = DIRECTION ( 'NONE',  ( -1.000000000000000000, 1.600416979220540672E-16, -4.021603506636084879E-34 ) ) ;
#1603 = EDGE_LOOP ( 'NONE', ( #3293, #3168, #1567, #1711, #103, #3216, #1723, #873, #1778, #2635 ) ) ;
#1604 = VERTEX_POINT ( 'NONE', #93 ) ;
#1605 = DIRECTION ( 'NONE',  ( 0.000000000000000000, 0.000000000000000000, 1.000000000000000000 ) ) ;
#1606 = VECTOR ( 'NONE', #1681, 39.37007874015748143 ) ;
#1607 = CIRCLE ( 'NONE', #2618, 0.6564999999999999725 ) ;
#1608 = CARTESIAN_POINT ( 'NONE',  ( -0.2463077990382945281, 0.2495705877509419579, 0.5783251315832496076 ) ) ;
#1609 = CARTESIAN_POINT ( 'NONE',  ( -0.5063534120896826529, 0.1511173475322418469, 0.2821915357566231464 ) ) ;
#1610 = VECTOR ( 'NONE', #1775, 39.37007874015748143 ) ;
#1611 = ADVANCED_FACE ( 'NONE', ( #22 ), #2457, .F. ) ;
#1612 = CARTESIAN_POINT ( 'NONE',  ( 0.4897472774217455638, 0.1499999999999992173, -0.3097867883851536663 ) ) ;
#1613 = AXIS2_PLACEMENT_3D ( 'NONE', #3230, #3163, #1560 ) ;
#1614 = CYLINDRICAL_SURFACE ( 'NONE', #1724, 0.1499999999999999667 ) ;
#1615 = LINE ( 'NONE', #758, #256 ) ;
#1616 = CARTESIAN_POINT ( 'NONE',  ( -0.8044449265882076539, -0.2750000000000000777, -0.8488753606778003391 ) ) ;
#1617 = EDGE_CURVE ( 'NONE', #319, #61, #2504, .T. ) ;
#1618 = EDGE_LOOP ( 'NONE', ( #2373, #1492, #1541, #2779, #1193 ) ) ;
#1619 = CARTESIAN_POINT ( 'NONE',  ( -0.2875057122153095723, 0.2750000000075669693, -0.5918028428470460955 ) ) ;
#1620 = CARTESIAN_POINT ( 'NONE',  ( 0.000000000000000000, -0.2924999999999999822, 0.000000000000000000 ) ) ;
#1621 = VECTOR ( 'NONE', #3487, 39.37007874015748143 ) ;
#1622 = CIRCLE ( 'NONE', #2517, 0.1499999999999999667 ) ;
#1623 = CARTESIAN_POINT ( 'NONE',  ( 0.5175456179079590546, -0.2750000000000001887, -2.955020563952858392 ) ) ;
#1624 = AXIS2_PLACEMENT_3D ( 'NONE', #67, #667, #1732 ) ;
#1625 = VERTEX_POINT ( 'NONE', #864 ) ;
#1626 = ORIENTED_EDGE ( 'NONE', *, *, #317, .F. ) ;
#1627 = DIRECTION ( 'NONE',  ( 0.000000000000000000, 1.000000000000000000, 0.000000000000000000 ) ) ;
#1628 = DIRECTION ( 'NONE',  ( 0.000000000000000000, 1.000000000000000000, 0.000000000000000000 ) ) ;
#1629 = DIRECTION ( 'NONE',  ( -1.000000000000000000, 2.731847993664265191E-16, 0.000000000000000000 ) ) ;
#1630 = ADVANCED_FACE ( 'NONE', ( #3254 ), #663, .F. ) ;
#1631 = CARTESIAN_POINT ( 'NONE',  ( -0.9142730227309474600, -0.2750000000000000777, -0.3187551409882143361 ) ) ;
#1632 = DIRECTION ( 'NONE',  ( -0.000000000000000000, 1.000000000000000000, -0.000000000000000000 ) ) ;
#1633 = CARTESIAN_POINT ( 'NONE',  ( -1.391545902943916557, -0.4154999999999999805, 0.5600000000000000533 ) ) ;
#1634 = ORIENTED_EDGE ( 'NONE', *, *, #2257, .T. ) ;
#1635 = CARTESIAN_POINT ( 'NONE',  ( -0.3176203854300691520, 0.2549378246259055292, -0.4848876379093670086 ) ) ;
#1636 = EDGE_CURVE ( 'NONE', #1414, #1224, #3057, .T. ) ;
#1637 = CARTESIAN_POINT ( 'NONE',  ( 0.2817055503725376386, 0.2749999999999999112, -0.6057011531612913613 ) ) ;
#1638 = DIRECTION ( 'NONE',  ( 0.000000000000000000, 1.000000000000000000, 0.000000000000000000 ) ) ;
#1639 = ORIENTED_EDGE ( 'NONE', *, *, #2192, .F. ) ;
#1640 = DIRECTION ( 'NONE',  ( 0.000000000000000000, 0.000000000000000000, 1.000000000000000000 ) ) ;
#1641 = DIRECTION ( 'NONE',  ( -0.8762102779742827474, -8.856736882729826927E-16, -0.4819289872711853828 ) ) ;
#1642 = CARTESIAN_POINT ( 'NONE',  ( 0.5293773058023667488, 0.2511131734764037726, -0.3428133300441928433 ) ) ;
#1643 = EDGE_CURVE ( 'NONE', #1146, #376, #2337, .T. ) ;
#1644 = DIRECTION ( 'NONE',  ( -1.000000000000000000, 1.138269997360109921E-16, 1.821231995776175873E-15 ) ) ;
#1645 = DIRECTION ( 'NONE',  ( 1.600416979220540672E-16, 1.000000000000000000, 8.692246401601097529E-17 ) ) ;
#1646 = ORIENTED_EDGE ( 'NONE', *, *, #1737, .T. ) ;
#1647 = EDGE_CURVE ( 'NONE', #941, #2060, #313, .T. ) ;
#1648 = DIRECTION ( 'NONE',  ( 1.600416979220540672E-16, -1.000000000000000000, 8.692246401601097529E-17 ) ) ;
#1649 = CARTESIAN_POINT ( 'NONE',  ( 0.000000000000000000, -0.2924999999999999822, -0.4064999999999999725 ) ) ;
#1650 = CARTESIAN_POINT ( 'NONE',  ( 0.2217332220225489980, -0.2437570096950212317, -0.5355205902411107610 ) ) ;
#1651 = EDGE_CURVE ( 'NONE', #1247, #2274, #1045, .T. ) ;
#1652 = DIRECTION ( 'NONE',  ( 1.600416979220540672E-16, -1.000000000000000000, 8.692246401601097529E-17 ) ) ;
#1653 = ORIENTED_EDGE ( 'NONE', *, *, #673, .F. ) ;
#1654 = PRESENTATION_LAYER_ASSIGNMENT (  '', '', ( #707 ) ) ;
#1655 = ORIENTED_EDGE ( 'NONE', *, *, #1048, .T. ) ;
#1656 = VECTOR ( 'NONE', #2471, 39.37007874015748143 ) ;
#1657 = CARTESIAN_POINT ( 'NONE',  ( -0.6336666462488838025, 0.2750000000000000222, 0.2695797895826331225 ) ) ;
#1658 = CARTESIAN_POINT ( 'NONE',  ( -1.026561506110902577, 0.2750000000000001887, 0.08377905330777313253 ) ) ;
#1659 = EDGE_LOOP ( 'NONE', ( #854, #2412 ) ) ;
#1660 = CIRCLE ( 'NONE', #441, 0.6564999999999999725 ) ;
#1661 = CIRCLE ( 'NONE', #3010, 0.6564999999999999725 ) ;
#1662 = CARTESIAN_POINT ( 'NONE',  ( -1.391545902943916557, 0.4154999999999999805, 0.5600000000000000533 ) ) ;
#1663 = CARTESIAN_POINT ( 'NONE',  ( -0.6336666462488835805, 0.2749999999999999112, 0.2695797895826329005 ) ) ;
#1664 = VERTEX_POINT ( 'NONE', #1666 ) ;
#1665 = CIRCLE ( 'NONE', #3077, 0.09499999999999994560 ) ;
#1666 = CARTESIAN_POINT ( 'NONE',  ( -0.7582311740451548321, 0.4154999999999999805, -0.6541068234793239178 ) ) ;
#1667 = DIRECTION ( 'NONE',  ( 0.000000000000000000, 0.000000000000000000, -1.000000000000000000 ) ) ;
#1668 = CARTESIAN_POINT ( 'NONE',  ( -0.7031281906319325481, -0.2749999999999999667, 0.5105070313505869484 ) ) ;
#1669 = AXIS2_PLACEMENT_3D ( 'NONE', #2017, #701, #161 ) ;
#1670 = CARTESIAN_POINT ( 'NONE',  ( -4.001042448051045535E-18, -0.2749999999999999112, -2.173061600400136948E-18 ) ) ;
#1671 = EDGE_CURVE ( 'NONE', #509, #1422, #883, .T. ) ;
#1672 = ORIENTED_EDGE ( 'NONE', *, *, #523, .T. ) ;
#1673 = AXIS2_PLACEMENT_3D ( 'NONE', #2349, #2022, #3389 ) ;
#1674 = VERTEX_POINT ( 'NONE', #1971 ) ;
#1675 = AXIS2_PLACEMENT_3D ( 'NONE', #442, #1243, #2313 ) ;
#1676 = EDGE_CURVE ( 'NONE', #888, #1373, #253, .T. ) ;
#1677 = DIRECTION ( 'NONE',  ( 0.000000000000000000, 1.000000000000000000, 0.000000000000000000 ) ) ;
#1678 = FACE_OUTER_BOUND ( 'NONE', #1357, .T. ) ;
#1679 = ORIENTED_EDGE ( 'NONE', *, *, #1643, .T. ) ;
#1680 = AXIS2_PLACEMENT_3D ( 'NONE', #3430, #3114, #2286 ) ;
#1681 = DIRECTION ( 'NONE',  ( -0.000000000000000000, 1.000000000000000000, -0.000000000000000000 ) ) ;
#1682 = DIRECTION ( 'NONE',  ( -0.000000000000000000, -1.000000000000000000, -0.000000000000000000 ) ) ;
#1683 = AXIS2_PLACEMENT_3D ( 'NONE', #2934, #2086, #1307 ) ;
#1684 = VERTEX_POINT ( 'NONE', #880 ) ;
#1685 = CYLINDRICAL_SURFACE ( 'NONE', #1378, 0.1249999999999999029 ) ;
#1686 = DIRECTION ( 'NONE',  ( -0.7991331842235431804, 0.000000000000000000, 0.6011540184285063537 ) ) ;
#1687 = CARTESIAN_POINT ( 'NONE',  ( 0.2349254691250029781, -0.1560061582548042947, -0.5297924489092814548 ) ) ;
#1688 = ORIENTED_EDGE ( 'NONE', *, *, #1075, .F. ) ;
#1689 = EDGE_LOOP ( 'NONE', ( #1994, #449 ) ) ;
#1690 = CARTESIAN_POINT ( 'NONE',  ( -1.391545902943916557, 0.2750000000000000777, 0.6849999999999999423 ) ) ;
#1691 = ORIENTED_EDGE ( 'NONE', *, *, #3137, .F. ) ;
#1692 = EDGE_LOOP ( 'NONE', ( #2259, #2809 ) ) ;
#1693 = ADVANCED_FACE ( 'NONE', ( #1951 ), #1685, .F. ) ;
#1694 = CARTESIAN_POINT ( 'NONE',  ( 0.5125408416568866254, -0.1560440684791400967, -0.2163656934171568347 ) ) ;
#1695 = CARTESIAN_POINT ( 'NONE',  ( 0.3395189715325501179, 0.1499999999999999112, -0.6172901408328821393 ) ) ;
#1696 = CARTESIAN_POINT ( 'NONE',  ( -0.4983372385741207666, -0.4154999999999999805, 0.4273783413444346979 ) ) ;
#1697 = ORIENTED_EDGE ( 'NONE', *, *, #2865, .F. ) ;
#1698 = EDGE_CURVE ( 'NONE', #724, #3372, #29, .T. ) ;
#1699 = CYLINDRICAL_SURFACE ( 'NONE', #248, 0.5795000000000000151 ) ;
#1700 = CARTESIAN_POINT ( 'NONE',  ( -0.5467842266487030756, 0.2749999999999991340, 0.1919563999667085741 ) ) ;
#1701 = ORIENTED_EDGE ( 'NONE', *, *, #102, .T. ) ;
#1702 = DIRECTION ( 'NONE',  ( -1.000000000000000000, 1.767805000214147818E-16, 0.000000000000000000 ) ) ;
#1703 = FACE_BOUND ( 'NONE', #2717, .T. ) ;
#1704 = CARTESIAN_POINT ( 'NONE',  ( 0.2541118615613645049, -0.1523230730130918087, -0.5208622051618868598 ) ) ;
#1705 = VERTEX_POINT ( 'NONE', #58 ) ;
#1706 = ORIENTED_EDGE ( 'NONE', *, *, #1842, .T. ) ;
#1707 = CARTESIAN_POINT ( 'NONE',  ( -0.1689050956732617015, 0.1499999999999992173, 0.5543386317546399322 ) ) ;
#1708 = ORIENTED_EDGE ( 'NONE', *, *, #1152, .T. ) ;
#1709 = ORIENTED_EDGE ( 'NONE', *, *, #2341, .T. ) ;
#1710 = LINE ( 'NONE', #1729, #1488 ) ;
#1711 = ORIENTED_EDGE ( 'NONE', *, *, #609, .T. ) ;
#1712 = VECTOR ( 'NONE', #251, 39.37007874015748143 ) ;
#1713 = DIRECTION ( 'NONE',  ( -1.000000000000000000, 0.000000000000000000, 0.000000000000000000 ) ) ;
#1714 = EDGE_CURVE ( 'NONE', #584, #3257, #1832, .T. ) ;
#1715 = CARTESIAN_POINT ( 'NONE',  ( 0.2089674158460625708, 0.1595833634279532065, -0.5405568952757316969 ) ) ;
#1716 = CIRCLE ( 'NONE', #3007, 0.1499999999999999667 ) ;
#1717 = ORIENTED_EDGE ( 'NONE', *, *, #203, .T. ) ;
#1718 = VECTOR ( 'NONE', #564, 39.37007874015748143 ) ;
#1719 = DIRECTION ( 'NONE',  ( 0.000000000000000000, -1.000000000000000000, 0.000000000000000000 ) ) ;
#1720 = CARTESIAN_POINT ( 'NONE',  ( -1.077459463112261817, -0.2750000000000000777, 0.4055664922567763786 ) ) ;
#1721 = CARTESIAN_POINT ( 'NONE',  ( 0.2532994699844235975, -0.2750000001477843625, -0.6079548386218235345 ) ) ;
#1722 = EDGE_CURVE ( 'NONE', #2985, #3011, #2254, .T. ) ;
#1723 = ORIENTED_EDGE ( 'NONE', *, *, #1714, .T. ) ;
#1724 = AXIS2_PLACEMENT_3D ( 'NONE', #793, #1594, #3479 ) ;
#1725 = CARTESIAN_POINT ( 'NONE',  ( -0.4983372385741207666, -0.4154999999999999805, 0.4273783413444346979 ) ) ;
#1726 = AXIS2_PLACEMENT_3D ( 'NONE', #271, #2664, #811 ) ;
#1727 = VERTEX_POINT ( 'NONE', #1668 ) ;
#1728 = ORIENTED_EDGE ( 'NONE', *, *, #68, .T. ) ;
#1729 = CARTESIAN_POINT ( 'NONE',  ( -0.6336666462488835805, -0.4154999999999999805, 0.2695797895826329560 ) ) ;
#1730 = AXIS2_PLACEMENT_3D ( 'NONE', #2853, #2551, #3167 ) ;
#1731 = ORIENTED_EDGE ( 'NONE', *, *, #245, .T. ) ;
#1732 = DIRECTION ( 'NONE',  ( -0.8451204097010273086, 0.000000000000000000, 0.5345759937621288316 ) ) ;
#1733 = DIRECTION ( 'NONE',  ( -8.584158493668525697E-18, 1.000000000000000000, 6.446998280500735576E-17 ) ) ;
#1734 = DIRECTION ( 'NONE',  ( 0.000000000000000000, 0.000000000000000000, -1.000000000000000000 ) ) ;
#1735 = CLOSED_SHELL ( 'NONE', ( #3225, #2421, #2075, #140, #1611, #1027, #3184, #969, #337, #500, #1867, #1198, #221, #668, #1008, #2881, #2478, #2196, #1282, #476, #754, #3260, #3142, #884, #2946, #2639, #681, #2209, #1096, #1090, #3488, #114, #3461, #2638, #3196, #3392, #1997, #1937, #2925, #2184, #303, #1306, #2967, #1693, #759, #2021, #3099, #2860, #2790, #2407, #570, #542, #902, #321, #344, #3435, #182, #1820, #3395, #2206, #2095, #3355, #2099, #2214, #2170, #353, #1110, #2723, #1801, #951, #27, #3279, #1302, #1957, #1285, #1785, #802, #2583, #3219, #937, #1753, #729, #2058, #2773, #1178, #3074, #3030, #1526, #1630, #3115, #2361, #2895, #10, #1182, #1917, #1261 ) ) ;
#1736 = ORIENTED_EDGE ( 'NONE', *, *, #569, .T. ) ;
#1737 = EDGE_CURVE ( 'NONE', #911, #1184, #1953, .T. ) ;
#1738 = CYLINDRICAL_SURFACE ( 'NONE', #1673, 0.1499999999999999667 ) ;
#1739 = DIRECTION ( 'NONE',  ( 0.000000000000000000, 0.000000000000000000, 1.000000000000000000 ) ) ;
#1740 = VERTEX_POINT ( 'NONE', #3282 ) ;
#1741 = VERTEX_POINT ( 'NONE', #588 ) ;
#1742 = EDGE_CURVE ( 'NONE', #3005, #2657, #1950, .T. ) ;
#1743 = CARTESIAN_POINT ( 'NONE',  ( -0.1689050956732617570, -0.1552578627813271106, 0.5543386317546399322 ) ) ;
#1744 = DIRECTION ( 'NONE',  ( -0.4772728802129689307, 0.000000000000000000, 0.8787551409882146114 ) ) ;
#1745 = ORIENTED_EDGE ( 'NONE', *, *, #2085, .T. ) ;
#1746 = DIRECTION ( 'NONE',  ( -0.000000000000000000, 1.000000000000000000, -0.000000000000000000 ) ) ;
#1747 = PLANE ( 'NONE',  #2789 ) ;
#1748 = ORIENTED_EDGE ( 'NONE', *, *, #3033, .F. ) ;
#1749 = LINE ( 'NONE', #1503, #956 ) ;
#1750 = CARTESIAN_POINT ( 'NONE',  ( -0.3311707313697834776, 0.2749999999999999667, 0.6046234987374937697 ) ) ;
#1751 = CARTESIAN_POINT ( 'NONE',  ( -0.2586634443167199482, 0.2750000000000000222, -0.6033949557082914916 ) ) ;
#1752 = ORIENTED_EDGE ( 'NONE', *, *, #2081, .T. ) ;
#1753 = ADVANCED_FACE ( 'NONE', ( #2459 ), #1180, .F. ) ;
#1754 = CARTESIAN_POINT ( 'NONE',  ( 0.5175456179079590546, 0.4154999999999999805, -2.955020563952858392 ) ) ;
#1755 = CARTESIAN_POINT ( 'NONE',  ( -0.5195079881382137499, -0.2565522254248289724, 0.2569113141100428099 ) ) ;
#1756 = ORIENTED_EDGE ( 'NONE', *, *, #3322, .T. ) ;
#1757 = CARTESIAN_POINT ( 'NONE',  ( -0.7791107826861316532, -0.4154999999999999805, 0.5340534496544833143 ) ) ;
#1758 = CARTESIAN_POINT ( 'NONE',  ( -0.5430155148974683543, -0.2694329771427941833, 0.2026915053634556763 ) ) ;
#1759 = EDGE_CURVE ( 'NONE', #831, #224, #2677, .T. ) ;
#1760 = ORIENTED_EDGE ( 'NONE', *, *, #469, .T. ) ;
#1761 = DIRECTION ( 'NONE',  ( -0.000000000000000000, 1.000000000000000000, -0.000000000000000000 ) ) ;
#1762 = CARTESIAN_POINT ( 'NONE',  ( 0.5175456179079590546, -0.4154999999999999805, -2.955020563952858392 ) ) ;
#1763 = VERTEX_POINT ( 'NONE', #3302 ) ;
#1764 = CARTESIAN_POINT ( 'NONE',  ( 0.5293773058023666378, -0.2511131734764038281, -0.3428133300441928988 ) ) ;
#1765 = CARTESIAN_POINT ( 'NONE',  ( 0.4303933101151444784, -0.4154999999999999805, -0.7359034234246566442 ) ) ;
#1766 = CARTESIAN_POINT ( 'NONE',  ( 0.2777056303162023232, 0.2708447344228112619, -0.5086286000874716828 ) ) ;
#1767 = ORIENTED_EDGE ( 'NONE', *, *, #1072, .F. ) ;
#1768 = AXIS2_PLACEMENT_3D ( 'NONE', #238, #2150, #3221 ) ;
#1769 = DIRECTION ( 'NONE',  ( -0.000000000000000000, 1.000000000000000000, -0.000000000000000000 ) ) ;
#1770 = DIRECTION ( 'NONE',  ( 0.000000000000000000, -1.000000000000000000, 0.000000000000000000 ) ) ;
#1771 = LINE ( 'NONE', #2587, #2624 ) ;
#1772 = VECTOR ( 'NONE', #3277, 39.37007874015748143 ) ;
#1773 = ORIENTED_EDGE ( 'NONE', *, *, #856, .F. ) ;
#1774 = CIRCLE ( 'NONE', #1319, 0.1499999999999999667 ) ;
#1775 = DIRECTION ( 'NONE',  ( -0.000000000000000000, -1.000000000000000000, -0.000000000000000000 ) ) ;
#1776 = CARTESIAN_POINT ( 'NONE',  ( 0.1741005577657611381, -0.4154999999999999805, -2.650573950137034895 ) ) ;
#1777 = VECTOR ( 'NONE', #2775, 39.37007874015748143 ) ;
#1778 = ORIENTED_EDGE ( 'NONE', *, *, #3137, .T. ) ;
#1779 = AXIS2_PLACEMENT_3D ( 'NONE', #286, #2649, #496 ) ;
#1780 = EDGE_CURVE ( 'NONE', #1501, #61, #867, .T. ) ;
#1781 = FILL_AREA_STYLE ('',( #3066 ) ) ;
#1782 = DIRECTION ( 'NONE',  ( 1.600416979220540672E-16, -1.000000000000000000, 8.692246401601097529E-17 ) ) ;
#1783 = ORIENTED_EDGE ( 'NONE', *, *, #2312, .T. ) ;
#1784 = CARTESIAN_POINT ( 'NONE',  ( -1.704822110706214922, 0.4154999999999999805, 0.3898522182040766726 ) ) ;
#1785 = ADVANCED_FACE ( 'NONE', ( #3044 ), #299, .F. ) ;
#1786 = CYLINDRICAL_SURFACE ( 'NONE', #1218, 0.2000000000000000389 ) ;
#1787 = CARTESIAN_POINT ( 'NONE',  ( 0.2730271362425432113, 0.1500000003208691868, -0.5112018427455903291 ) ) ;
#1788 = ORIENTED_EDGE ( 'NONE', *, *, #2834, .F. ) ;
#1789 = VECTOR ( 'NONE', #789, 39.37007874015748143 ) ;
#1790 = VECTOR ( 'NONE', #1227, 39.37007874015748143 ) ;
#1791 = AXIS2_PLACEMENT_3D ( 'NONE', #79, #1160, #2780 ) ;
#1792 = DIRECTION ( 'NONE',  ( -1.000000000000000000, 2.276539994720219349E-16, 0.000000000000000000 ) ) ;
#1793 = DIRECTION ( 'NONE',  ( 1.600416979220540672E-16, 1.000000000000000000, 8.692246401601097529E-17 ) ) ;
#1794 = EDGE_LOOP ( 'NONE', ( #1470, #1969, #81, #209 ) ) ;
#1795 = DIRECTION ( 'NONE',  ( -0.000000000000000000, -1.000000000000000000, -0.000000000000000000 ) ) ;
#1796 = FACE_OUTER_BOUND ( 'NONE', #900, .T. ) ;
#1797 = VECTOR ( 'NONE', #1802, 39.37007874015748143 ) ;
#1798 = EDGE_LOOP ( 'NONE', ( #3404, #1706, #3492, #2468 ) ) ;
#1799 = DIRECTION ( 'NONE',  ( -1.000000000000000000, 1.473170833511789972E-16, 1.776356839400250465E-15 ) ) ;
#1800 = ORIENTED_EDGE ( 'NONE', *, *, #2149, .T. ) ;
#1801 = ADVANCED_FACE ( 'NONE', ( #2830 ), #689, .F. ) ;
#1802 = DIRECTION ( 'NONE',  ( -0.000000000000000000, -1.000000000000000000, -0.000000000000000000 ) ) ;
#1803 = CARTESIAN_POINT ( 'NONE',  ( 3.422887803616852647E-17, -0.2924999999999999267, 0.2795000000000000262 ) ) ;
#1804 = CARTESIAN_POINT ( 'NONE',  ( -0.5371339488737022494, 0.1504441229256615886, 0.2179434325224726687 ) ) ;
#1805 = EDGE_CURVE ( 'NONE', #1664, #3376, #200, .T. ) ;
#1806 = ORIENTED_EDGE ( 'NONE', *, *, #2469, .F. ) ;
#1807 = FACE_OUTER_BOUND ( 'NONE', #1798, .T. ) ;
#1808 = CARTESIAN_POINT ( 'NONE',  ( -0.5038629838540716888, -0.2616341275240479658, 0.2863754567897991987 ) ) ;
#1809 = VERTEX_POINT ( 'NONE', #2071 ) ;
#1810 = CARTESIAN_POINT ( 'NONE',  ( 4.978189238533990241E-17, 0.2924999999999999822, -0.4064999999999999725 ) ) ;
#1811 = DIRECTION ( 'NONE',  ( -0.000000000000000000, 1.000000000000000000, -0.000000000000000000 ) ) ;
#1812 = ORIENTED_EDGE ( 'NONE', *, *, #2981, .F. ) ;
#1813 = DIRECTION ( 'NONE',  ( -0.000000000000000000, 1.000000000000000000, -0.000000000000000000 ) ) ;
#1814 = VERTEX_POINT ( 'NONE', #3149 ) ;
#1815 = CARTESIAN_POINT ( 'NONE',  ( 0.5175456179079590546, 0.4154999999999999805, -3.311520563952857987 ) ) ;
#1816 = TOROIDAL_SURFACE ( 'NONE', #3248, 0.7045000000000001261, 0.1250000000000000000 ) ;
#1817 = CARTESIAN_POINT ( 'NONE',  ( -1.286020158370497324, 0.2750000000000000222, 0.9005239598504420906 ) ) ;
#1818 = CARTESIAN_POINT ( 'NONE',  ( 0.3629792159665897744, -10.17333010605798549, -0.2296003893208352353 ) ) ;
#1819 = ORIENTED_EDGE ( 'NONE', *, *, #3484, .F. ) ;
#1820 = ADVANCED_FACE ( 'NONE', ( #744 ), #2023, .F. ) ;
#1821 = LINE ( 'NONE', #3229, #3486 ) ;
#1822 = FACE_OUTER_BOUND ( 'NONE', #2072, .T. ) ;
#1823 = LINE ( 'NONE', #812, #3064 ) ;
#1824 = CIRCLE ( 'NONE', #2106, 0.1499999999999999944 ) ;
#1825 = EDGE_LOOP ( 'NONE', ( #2494, #395, #3017, #464, #706 ) ) ;
#1826 = AXIS2_PLACEMENT_3D ( 'NONE', #497, #1561, #2634 ) ;
#1827 = CARTESIAN_POINT ( 'NONE',  ( 0.2042694101456607736, 0.4154999999999999805, -3.125168345748781551 ) ) ;
#1828 = EDGE_CURVE ( 'NONE', #2368, #371, #499, .T. ) ;
#1829 = DIRECTION ( 'NONE',  ( 0.000000000000000000, 1.000000000000000000, 0.000000000000000000 ) ) ;
#1830 = AXIS2_PLACEMENT_3D ( 'NONE', #2875, #3092, #1187 ) ;
#1831 = VERTEX_POINT ( 'NONE', #1510 ) ;
#1832 = CIRCLE ( 'NONE', #2280, 0.5795000000000000151 ) ;
#1833 = DIRECTION ( 'NONE',  ( -0.8762102779742827474, -3.111811704399475752E-16, -0.4819289872711852718 ) ) ;
#1834 = ORIENTED_EDGE ( 'NONE', *, *, #790, .T. ) ;
#1835 = EDGE_LOOP ( 'NONE', ( #593, #1515, #3171, #3343, #1697 ) ) ;
#1836 = CYLINDRICAL_SURFACE ( 'NONE', #2183, 0.1499999999999999667 ) ;
#1837 = AXIS2_PLACEMENT_3D ( 'NONE', #18, #89, #909 ) ;
#1838 = LINE ( 'NONE', #1591, #769 ) ;
#1839 = AXIS2_PLACEMENT_3D ( 'NONE', #38, #617, #2771 ) ;
#1840 = DIRECTION ( 'NONE',  ( 0.000000000000000000, 0.000000000000000000, 1.000000000000000000 ) ) ;
#1841 = ORIENTED_EDGE ( 'NONE', *, *, #2770, .F. ) ;
#1842 = EDGE_CURVE ( 'NONE', #2657, #2541, #380, .T. ) ;
#1843 = DIRECTION ( 'NONE',  ( -0.000000000000000000, 1.000000000000000000, -0.000000000000000000 ) ) ;
#1844 = CARTESIAN_POINT ( 'NONE',  ( -0.9142730227309474600, 0.4154999999999999805, -0.3187551409882143361 ) ) ;
#1845 = DIRECTION ( 'NONE',  ( 0.000000000000000000, 0.000000000000000000, -1.000000000000000000 ) ) ;
#1846 = ORIENTED_EDGE ( 'NONE', *, *, #1676, .T. ) ;
#1847 = AXIS2_PLACEMENT_3D ( 'NONE', #1623, #1601, #2425 ) ;
#1848 = CARTESIAN_POINT ( 'NONE',  ( -0.2803246405009088837, 0.1563748743175280564, -0.5073181382502758296 ) ) ;
#1849 = CYLINDRICAL_SURFACE ( 'NONE', #3361, 0.1500000000000000500 ) ;
#1850 = CIRCLE ( 'NONE', #1906, 0.1249999999999999029 ) ;
#1851 = EDGE_CURVE ( 'NONE', #1079, #1664, #2340, .T. ) ;
#1852 = CARTESIAN_POINT ( 'NONE',  ( -0.9772243147623267401, -0.4154999999999999805, -0.5307538375209526205 ) ) ;
#1853 = DIRECTION ( 'NONE',  ( -1.600416979220540672E-16, -1.000000000000000000, -8.692246401601097529E-17 ) ) ;
#1854 = ORIENTED_EDGE ( 'NONE', *, *, #1328, .F. ) ;
#1855 = EDGE_LOOP ( 'NONE', ( #1963, #3450 ) ) ;
#1856 = DIRECTION ( 'NONE',  ( 1.000000000000000000, 1.915741931040858521E-16, 0.000000000000000000 ) ) ;
#1857 = CARTESIAN_POINT ( 'NONE',  ( -0.1848751902154603666, 0.1986698935637811470, 0.5592876406825670887 ) ) ;
#1858 = CARTESIAN_POINT ( 'NONE',  ( -0.2527348612701459385, -0.2434445575170560150, -0.5216534292287537955 ) ) ;
#1859 = CYLINDRICAL_SURFACE ( 'NONE', #2748, 0.1500000000000000500 ) ;
#1860 = DIRECTION ( 'NONE',  ( 1.600416979220540672E-16, -1.000000000000000000, 8.692246401601097529E-17 ) ) ;
#1861 = DIRECTION ( 'NONE',  ( 1.600416979220540672E-16, 1.000000000000000000, 8.692246401601097529E-17 ) ) ;
#1862 = DIRECTION ( 'NONE',  ( 0.000000000000000000, 0.000000000000000000, 1.000000000000000000 ) ) ;
#1863 = ORIENTED_EDGE ( 'NONE', *, *, #1617, .F. ) ;
#1864 = CARTESIAN_POINT ( 'NONE',  ( -0.2498294925368470532, 0.1595833634175664595, -0.5234050930999208928 ) ) ;
#1865 = DIRECTION ( 'NONE',  ( 0.000000000000000000, 0.000000000000000000, 1.000000000000000000 ) ) ;
#1866 = PLANE ( 'NONE',  #152 ) ;
#1867 = ADVANCED_FACE ( 'NONE', ( #444 ), #421, .F. ) ;
#1868 = CARTESIAN_POINT ( 'NONE',  ( 0.000000000000000000, -0.2924999999999999267, 0.000000000000000000 ) ) ;
#1869 = ORIENTED_EDGE ( 'NONE', *, *, #1617, .T. ) ;
#1870 = ORIENTED_EDGE ( 'NONE', *, *, #1568, .F. ) ;
#1871 = CARTESIAN_POINT ( 'NONE',  ( -1.178638338124658347, -0.4154999999999999805, 0.2822044477628676828 ) ) ;
#1872 = EDGE_CURVE ( 'NONE', #3126, #1580, #1771, .T. ) ;
#1873 = LINE ( 'NONE', #3158, #1374 ) ;
#1874 = CARTESIAN_POINT ( 'NONE',  ( -0.2870914455436026635, -0.2470481223649649005, -0.5035857179150793339 ) ) ;
#1875 = DIRECTION ( 'NONE',  ( 0.000000000000000000, 0.000000000000000000, 1.000000000000000000 ) ) ;
#1876 = LINE ( 'NONE', #2432, #3035 ) ;
#1877 = CARTESIAN_POINT ( 'NONE',  ( -0.8531120060896512092, -0.4154999999999999805, 0.5452568438687594998 ) ) ;
#1878 = DIRECTION ( 'NONE',  ( -0.9551864231428950358, -1.271401822781496069E-16, 0.2960048936140787790 ) ) ;
#1879 = ORIENTED_EDGE ( 'NONE', *, *, #1714, .F. ) ;
#1880 = CARTESIAN_POINT ( 'NONE',  ( -0.2283251576261070004, 0.1595833634175731486, -0.5326235747645923224 ) ) ;
#1881 = CARTESIAN_POINT ( 'NONE',  ( 0.4897472774217438984, -10.17333010605798549, -0.3097867883851545545 ) ) ;
#1882 = CARTESIAN_POINT ( 'NONE',  ( 0.5175456179079590546, 0.4154999999999999805, -2.955020563952858392 ) ) ;
#1883 = AXIS2_PLACEMENT_3D ( 'NONE', #1818, #1557, #3438 ) ;
#1884 = CARTESIAN_POINT ( 'NONE',  ( -4.001042448051045535E-18, -0.2749999999999999112, -2.173061600400136948E-18 ) ) ;
#1885 = ORIENTED_EDGE ( 'NONE', *, *, #2680, .T. ) ;
#1886 = ORIENTED_EDGE ( 'NONE', *, *, #2821, .F. ) ;
#1887 = CARTESIAN_POINT ( 'NONE',  ( -0.7475289246740444149, -0.4154999999999999805, 0.3672290678791527152 ) ) ;
#1888 = EDGE_CURVE ( 'NONE', #589, #115, #1896, .T. ) ;
#1889 = VECTOR ( 'NONE', #631, 39.37007874015748143 ) ;
#1890 = VECTOR ( 'NONE', #1913, 39.37007874015748143 ) ;
#1891 = CARTESIAN_POINT ( 'NONE',  ( -0.1978523637488247833, 0.2144287324377291137, 0.5633091665104947854 ) ) ;
#1892 = CARTESIAN_POINT ( 'NONE',  ( -1.286020158370497324, 0.4154999999999999805, 0.9005239598504420906 ) ) ;
#1893 = VECTOR ( 'NONE', #466, 39.37007874015748143 ) ;
#1894 = DIRECTION ( 'NONE',  ( 0.000000000000000000, 1.000000000000000000, 0.000000000000000000 ) ) ;
#1895 = EDGE_CURVE ( 'NONE', #45, #1530, #1665, .T. ) ;
#1896 = CIRCLE ( 'NONE', #3353, 0.3564999999999993174 ) ;
#1897 = DIRECTION ( 'NONE',  ( 1.000000000000000000, 1.473170833511789972E-16, 0.000000000000000000 ) ) ;
#1898 = DIRECTION ( 'NONE',  ( -0.4772728802129689307, 0.000000000000000000, 0.8787551409882146114 ) ) ;
#1899 = CARTESIAN_POINT ( 'NONE',  ( 0.000000000000000000, 0.4154999999999999805, 0.000000000000000000 ) ) ;
#1900 = ORIENTED_EDGE ( 'NONE', *, *, #2171, .F. ) ;
#1901 = CARTESIAN_POINT ( 'NONE',  ( -0.3989228892913379565, 0.2749999999933937511, -0.5652745971416918147 ) ) ;
#1902 = CARTESIAN_POINT ( 'NONE',  ( -0.3510751116643409664, 0.2749999999999999112, 0.6107917124272975729 ) ) ;
#1903 = AXIS2_PLACEMENT_3D ( 'NONE', #1935, #57, #2489 ) ;
#1904 = CIRCLE ( 'NONE', #2461, 0.1250000000000000278 ) ;
#1905 = CARTESIAN_POINT ( 'NONE',  ( 0.4303933101151445340, 0.2749999999999999112, -0.7359034234246564221 ) ) ;
#1906 = AXIS2_PLACEMENT_3D ( 'NONE', #3324, #2476, #3085 ) ;
#1907 = EDGE_LOOP ( 'NONE', ( #409, #1588, #683, #3094 ) ) ;
#1908 = ORIENTED_EDGE ( 'NONE', *, *, #2532, .F. ) ;
#1909 = EDGE_CURVE ( 'NONE', #168, #1079, #1615, .T. ) ;
#1910 = FACE_OUTER_BOUND ( 'NONE', #903, .T. ) ;
#1911 = CYLINDRICAL_SURFACE ( 'NONE', #3237, 0.09499999999999994560 ) ;
#1912 = EDGE_CURVE ( 'NONE', #809, #1251, #4, .T. ) ;
#1913 = DIRECTION ( 'NONE',  ( -0.000000000000000000, 1.000000000000000000, -0.000000000000000000 ) ) ;
#1914 = AXIS2_PLACEMENT_3D ( 'NONE', #2945, #2118, #1605 ) ;
#1915 = DIRECTION ( 'NONE',  ( -0.000000000000000000, -1.000000000000000000, -0.000000000000000000 ) ) ;
#1916 = FACE_OUTER_BOUND ( 'NONE', #3387, .T. ) ;
#1917 = ADVANCED_FACE ( 'NONE', ( #2087 ), #3442, .F. ) ;
#1918 = CARTESIAN_POINT ( 'NONE',  ( 0.2217332220225491091, 0.2437570096950213983, -0.5355205902411032115 ) ) ;
#1919 = ORIENTED_EDGE ( 'NONE', *, *, #289, .F. ) ;
#1920 = DIRECTION ( 'NONE',  ( 1.000000000000000000, 1.707404996040164265E-16, 8.963876229210862515E-16 ) ) ;
#1921 = FACE_OUTER_BOUND ( 'NONE', #2413, .T. ) ;
#1922 = CARTESIAN_POINT ( 'NONE',  ( 0.2664992289208819587, -0.2586584436193754555, -0.5147836650213301057 ) ) ;
#1923 = CARTESIAN_POINT ( 'NONE',  ( -0.3483687536793195760, -0.1499999999999993283, -0.4630976802575430540 ) ) ;
#1924 = ORIENTED_EDGE ( 'NONE', *, *, #1005, .T. ) ;
#1925 = EDGE_LOOP ( 'NONE', ( #3463, #1197, #3087, #82 ) ) ;
#1926 = EDGE_CURVE ( 'NONE', #1352, #661, #2395, .T. ) ;
#1927 = CARTESIAN_POINT ( 'NONE',  ( -1.391545902943916557, -0.4154999999999999805, 0.5600000000000000533 ) ) ;
#1928 = CYLINDRICAL_SURFACE ( 'NONE', #2388, 0.5178653734296587707 ) ;
#1929 = ORIENTED_EDGE ( 'NONE', *, *, #1851, .T. ) ;
#1930 = CARTESIAN_POINT ( 'NONE',  ( -0.8531120060896512092, -0.4154999999999999805, 0.5452568438687594998 ) ) ;
#1931 = CARTESIAN_POINT ( 'NONE',  ( 2.400625468830792027E-17, 0.1499999999999992173, 1.303836960240157203E-17 ) ) ;
#1932 = ORIENTED_EDGE ( 'NONE', *, *, #822, .F. ) ;
#1933 = EDGE_CURVE ( 'NONE', #539, #2985, #1359, .T. ) ;
#1934 = DIRECTION ( 'NONE',  ( 0.000000000000000000, 1.000000000000000000, 0.000000000000000000 ) ) ;
#1935 = CARTESIAN_POINT ( 'NONE',  ( -0.8531120060896512092, 0.2750000000000000777, 0.2952568438687595553 ) ) ;
#1936 = CARTESIAN_POINT ( 'NONE',  ( 0.2042694101456607736, 0.4154999999999999805, -3.125168345748781551 ) ) ;
#1937 = ADVANCED_FACE ( 'NONE', ( #2124 ), #1308, .F. ) ;
#1938 = DIRECTION ( 'NONE',  ( 0.000000000000000000, 0.000000000000000000, 1.000000000000000000 ) ) ;
#1939 = ORIENTED_EDGE ( 'NONE', *, *, #2508, .T. ) ;
#1940 = CIRCLE ( 'NONE', #424, 0.2795000000000000262 ) ;
#1941 = ORIENTED_EDGE ( 'NONE', *, *, #167, .F. ) ;
#1942 = AXIS2_PLACEMENT_3D ( 'NONE', #1104, #53, #583 ) ;
#1943 = CARTESIAN_POINT ( 'NONE',  ( 0.6657779560113399331, -0.4154999999999999805, -2.503723074551017724 ) ) ;
#1944 = CARTESIAN_POINT ( 'NONE',  ( 0.5282201337055527635, 0.2464805120425568596, -0.3341225695882836799 ) ) ;
#1945 = ORIENTED_EDGE ( 'NONE', *, *, #3053, .T. ) ;
#1946 = AXIS2_PLACEMENT_3D ( 'NONE', #2543, #2324, #3123 ) ;
#1947 = DIRECTION ( 'NONE',  ( 1.000000000000000000, 1.138269997360109921E-16, -2.731847993664264007E-15 ) ) ;
#1948 = AXIS2_PLACEMENT_3D ( 'NONE', #1435, #2509, #2437 ) ;
#1949 = VERTEX_POINT ( 'NONE', #1877 ) ;
#1950 = CIRCLE ( 'NONE', #3294, 0.1500000000000000500 ) ;
#1951 = FACE_OUTER_BOUND ( 'NONE', #2079, .T. ) ;
#1952 = CARTESIAN_POINT ( 'NONE',  ( -0.2586634443167200592, -0.4154999999999999805, -0.6033949557082916026 ) ) ;
#1953 = LINE ( 'NONE', #3059, #2565 ) ;
#1954 = EDGE_CURVE ( 'NONE', #274, #1831, #794, .T. ) ;
#1955 = ORIENTED_EDGE ( 'NONE', *, *, #1590, .F. ) ;
#1956 = CARTESIAN_POINT ( 'NONE',  ( 0.1419343464879508354, -0.4154999999999999805, 0.4580118898970182983 ) ) ;
#1957 = ADVANCED_FACE ( 'NONE', ( #1822 ), #250, .F. ) ;
#1958 = EDGE_LOOP ( 'NONE', ( #1092, #2831, #414, #2084 ) ) ;
#1959 = ORIENTED_EDGE ( 'NONE', *, *, #2514, .F. ) ;
#1960 = CIRCLE ( 'NONE', #2806, 0.2000000000000000389 ) ;
#1961 = CARTESIAN_POINT ( 'NONE',  ( 0.2042694101456607736, 0.4154999999999999805, -3.125168345748781551 ) ) ;
#1962 = CARTESIAN_POINT ( 'NONE',  ( -0.5316192378543964647, 0.1511113479966840756, 0.2306539311243376855 ) ) ;
#1963 = ORIENTED_EDGE ( 'NONE', *, *, #1219, .T. ) ;
#1964 = CARTESIAN_POINT ( 'NONE',  ( -0.8531120060896512092, -0.2750000000000000222, 0.2952568438687595553 ) ) ;
#1965 = AXIS2_PLACEMENT_3D ( 'NONE', #401, #2501, #2248 ) ;
#1966 = DIRECTION ( 'NONE',  ( 1.600416979220540672E-16, -1.000000000000000000, 8.692246401601097529E-17 ) ) ;
#1967 = CARTESIAN_POINT ( 'NONE',  ( 0.2293114616485692481, 0.2749999999999999112, -0.6151491717921733215 ) ) ;
#1968 = VECTOR ( 'NONE', #2700, 39.37007874015748143 ) ;
#1969 = ORIENTED_EDGE ( 'NONE', *, *, #695, .F. ) ;
#1970 = EDGE_CURVE ( 'NONE', #2823, #1684, #1344, .T. ) ;
#1971 = CARTESIAN_POINT ( 'NONE',  ( 0.5282201337055527635, -0.2464805120425569152, -0.3341225695882836799 ) ) ;
#1972 = LINE ( 'NONE', #1649, #2857 ) ;
#1973 = CARTESIAN_POINT ( 'NONE',  ( -0.7475289246740444149, 0.2749999999999999112, 0.3672290678791527152 ) ) ;
#1974 = EDGE_CURVE ( 'NONE', #2383, #112, #3199, .T. ) ;
#1975 = VERTEX_POINT ( 'NONE', #2418 ) ;
#1976 = CARTESIAN_POINT ( 'NONE',  ( -0.4627043295926986377, 0.4154999999999999805, -1.079369600130906770 ) ) ;
#1977 = ORIENTED_EDGE ( 'NONE', *, *, #922, .T. ) ;
#1978 = EDGE_LOOP ( 'NONE', ( #596, #2605, #728, #712, #2151 ) ) ;
#1979 = EDGE_CURVE ( 'NONE', #2541, #280, #1013, .T. ) ;
#1980 = DIRECTION ( 'NONE',  ( 0.000000000000000000, 0.000000000000000000, 1.000000000000000000 ) ) ;
#1981 = SHAPE_DEFINITION_REPRESENTATION ( #292, #2699 ) ;
#1982 = ORIENTED_EDGE ( 'NONE', *, *, #2751, .F. ) ;
#1983 = EDGE_CURVE ( 'NONE', #1705, #2541, #666, .T. ) ;
#1984 = DIRECTION ( 'NONE',  ( 1.600416979220540672E-16, 1.000000000000000000, 8.692246401601097529E-17 ) ) ;
#1985 = CARTESIAN_POINT ( 'NONE',  ( -0.5467842266487036307, 0.1499999999999993006, 0.1919563999667088794 ) ) ;
#1986 = ORIENTED_EDGE ( 'NONE', *, *, #3243, .T. ) ;
#1987 = B_SPLINE_CURVE_WITH_KNOTS ( 'NONE', 3,
 ( #1304, #2661, #1609, #1322, #2948, #545, #2397, #1962 ),
 .UNSPECIFIED., .F., .F.,
 ( 4, 2, 2, 4 ),
 ( 0.000000000000000000, 0.001095774037260561704, 0.001643661055890843856, 0.002191548074521126009 ),
 .UNSPECIFIED. ) ;
#1988 = CARTESIAN_POINT ( 'NONE',  ( 0.2817055503725376386, -0.4154999999999999805, -0.7557011531612913835 ) ) ;
#1989 = CARTESIAN_POINT ( 'NONE',  ( 0.2817055503725376386, -0.4154999999999999805, -0.7557011531612913835 ) ) ;
#1990 = CARTESIAN_POINT ( 'NONE',  ( 0.2024158294369320654, -0.1595833634175723992, -0.5429991546893594423 ) ) ;
#1991 = ORIENTED_EDGE ( 'NONE', *, *, #1347, .T. ) ;
#1992 = CARTESIAN_POINT ( 'NONE',  ( 4.978189238533990241E-17, -0.2924999999999999822, 0.4064999999999999725 ) ) ;
#1993 = VERTEX_POINT ( 'NONE', #3178 ) ;
#1994 = ORIENTED_EDGE ( 'NONE', *, *, #195, .T. ) ;
#1995 = CIRCLE ( 'NONE', #3339, 0.4064999999999999725 ) ;
#1996 = ORIENTED_EDGE ( 'NONE', *, *, #2400, .T. ) ;
#1997 = ADVANCED_FACE ( 'NONE', ( #1293 ), #2366, .F. ) ;
#1998 = AXIS2_PLACEMENT_3D ( 'NONE', #1031, #3180, #2936 ) ;
#1999 = FACE_OUTER_BOUND ( 'NONE', #2255, .T. ) ;
#2000 = CARTESIAN_POINT ( 'NONE',  ( -0.5316192378543964647, 0.1511113479966840756, 0.2306539311243376855 ) ) ;
#2001 = EDGE_CURVE ( 'NONE', #589, #2592, #2919, .T. ) ;
#2002 = ORIENTED_EDGE ( 'NONE', *, *, #1780, .T. ) ;
#2003 = AXIS2_PLACEMENT_3D ( 'NONE', #644, #2554, #1980 ) ;
#2004 = VECTOR ( 'NONE', #693, 39.37007874015748143 ) ;
#2005 = CARTESIAN_POINT ( 'NONE',  ( 0.5172485120181743445, -0.4154999999999999805, -2.673520720741374035 ) ) ;
#2006 = CARTESIAN_POINT ( 'NONE',  ( -0.4969599384247703200, -0.2673624093506208332, 0.2981877165774381999 ) ) ;
#2007 = ORIENTED_EDGE ( 'NONE', *, *, #905, .T. ) ;
#2008 = CIRCLE ( 'NONE', #1948, 0.5178653734296587707 ) ;
#2009 = EDGE_LOOP ( 'NONE', ( #3399, #2800, #767, #1575, #2427, #2020, #572, #687, #148, #1389, #703, #1353, #1086, #1291, #3240, #2322, #1474, #2631, #2729, #1731, #3262, #1157, #1546, #2291, #2841, #2135 ) ) ;
#2010 = CARTESIAN_POINT ( 'NONE',  ( -0.2049813389049057466, -0.2212631967839211733, 0.5655183808392640898 ) ) ;
#2011 = DIRECTION ( 'NONE',  ( -1.000000000000000000, 1.473170833511789972E-16, 0.000000000000000000 ) ) ;
#2012 = CIRCLE ( 'NONE', #2453, 0.5178653734296587707 ) ;
#2013 = VERTEX_POINT ( 'NONE', #3460 ) ;
#2014 = LINE ( 'NONE', #3090, #2439 ) ;
#2015 = EDGE_CURVE ( 'NONE', #2500, #3208, #2012, .T. ) ;
#2016 = ORIENTED_EDGE ( 'NONE', *, *, #412, .T. ) ;
#2017 = CARTESIAN_POINT ( 'NONE',  ( 0.000000000000000000, 0.2924999999999999822, 0.000000000000000000 ) ) ;
#2018 = CIRCLE ( 'NONE', #3140, 0.4794999999999999818 ) ;
#2019 = VECTOR ( 'NONE', #2483, 39.37007874015748143 ) ;
#2020 = ORIENTED_EDGE ( 'NONE', *, *, #54, .T. ) ;
#2021 = ADVANCED_FACE ( 'NONE', ( #531 ), #1069, .F. ) ;
#2022 = DIRECTION ( 'NONE',  ( 0.000000000000000000, 1.000000000000000000, 0.000000000000000000 ) ) ;
#2023 = CYLINDRICAL_SURFACE ( 'NONE', #2507, 0.1500000000000004385 ) ;
#2024 = EDGE_LOOP ( 'NONE', ( #2477, #1279, #837, #1004 ) ) ;
#2025 = CARTESIAN_POINT ( 'NONE',  ( 0.000000000000000000, -0.2924999999999999822, -0.4064999999999999725 ) ) ;
#2026 = VERTEX_POINT ( 'NONE', #551 ) ;
#2027 = DIRECTION ( 'NONE',  ( 0.9173757340024099038, 0.000000000000000000, -0.3980223142784078405 ) ) ;
#2028 =( CONVERSION_BASED_UNIT ( 'INCH', #1500 ) LENGTH_UNIT ( ) NAMED_UNIT ( #3377 ) );
#2029 = EDGE_LOOP ( 'NONE', ( #2007, #889, #1959, #1783 ) ) ;
#2030 = LINE ( 'NONE', #1784, #2922 ) ;
#2031 = CARTESIAN_POINT ( 'NONE',  ( 0.5116669757091963922, 0.4154999999999999805, -0.2098026595841995245 ) ) ;
#2032 = DIRECTION ( 'NONE',  ( 1.600416979220540919E-16, 1.000000000000000000, 8.692246401601098762E-17 ) ) ;
#2033 = EDGE_LOOP ( 'NONE', ( #1287, #181 ) ) ;
#2034 = CARTESIAN_POINT ( 'NONE',  ( -0.5287602231732848601, 0.1514572605768763069, 0.2372434880348929798 ) ) ;
#2035 = DIRECTION ( 'NONE',  ( 0.000000000000000000, 1.000000000000000000, 0.000000000000000000 ) ) ;
#2036 = VERTEX_POINT ( 'NONE', #3020 ) ;
#2037 = EDGE_CURVE ( 'NONE', #870, #1975, #2715, .T. ) ;
#2038 = CARTESIAN_POINT ( 'NONE',  ( -0.4627043295926986377, -0.4154999999999999805, -1.079369600130906770 ) ) ;
#2039 = DIRECTION ( 'NONE',  ( -0.000000000000000000, -1.000000000000000000, -0.000000000000000000 ) ) ;
#2040 = EDGE_CURVE ( 'NONE', #6, #1740, #1498, .T. ) ;
#2041 = ORIENTED_EDGE ( 'NONE', *, *, #1429, .F. ) ;
#2042 = DIRECTION ( 'NONE',  ( 0.8787551409882146114, -0.000000000000000000, 0.4772728802129689862 ) ) ;
#2043 = DIRECTION ( 'NONE',  ( 1.000000000000000000, 0.000000000000000000, 0.000000000000000000 ) ) ;
#2044 = ORIENTED_EDGE ( 'NONE', *, *, #800, .T. ) ;
#2045 = DIRECTION ( 'NONE',  ( 1.600416979220540672E-16, -1.000000000000000000, 8.692246401601097529E-17 ) ) ;
#2046 = LINE ( 'NONE', #2861, #320 ) ;
#2047 = DIRECTION ( 'NONE',  ( -1.000000000000000000, 0.000000000000000000, 0.000000000000000000 ) ) ;
#2048 = ORIENTED_EDGE ( 'NONE', *, *, #2981, .T. ) ;
#2049 = AXIS2_PLACEMENT_3D ( 'NONE', #1077, #830, #2404 ) ;
#2050 = CARTESIAN_POINT ( 'NONE',  ( 0.2817055503725376386, 0.2749999999999999112, -0.7557011531612913835 ) ) ;
#2051 = DIRECTION ( 'NONE',  ( 0.000000000000000000, 1.000000000000000000, 0.000000000000000000 ) ) ;
#2052 = AXIS2_PLACEMENT_3D ( 'NONE', #686, #1256, #458 ) ;
#2053 = EDGE_CURVE ( 'NONE', #1396, #1418, #608, .T. ) ;
#2054 = EDGE_LOOP ( 'NONE', ( #2002, #143, #2930, #2077 ) ) ;
#2055 = VECTOR ( 'NONE', #1081, 39.37007874015748143 ) ;
#2056 = CARTESIAN_POINT ( 'NONE',  ( 0.4753052053105329966, 0.4154999999999999805, 0.06328674272477663454 ) ) ;
#2057 = CARTESIAN_POINT ( 'NONE',  ( -0.6441589689358399040, -0.2750000000000085709, 0.2573453953511511405 ) ) ;
#2058 = ADVANCED_FACE ( 'NONE', ( #2983 ), #2905, .F. ) ;
#2059 = AXIS2_PLACEMENT_3D ( 'NONE', #150, #2619, #201 ) ;
#2060 = VERTEX_POINT ( 'NONE', #1377 ) ;
#2061 = EDGE_CURVE ( 'NONE', #30, #1132, #1382, .T. ) ;
#2062 = CARTESIAN_POINT ( 'NONE',  ( 0.2158133938791698125, -0.1595833634175730653, -0.5380048943933893879 ) ) ;
#2063 = ORIENTED_EDGE ( 'NONE', *, *, #362, .F. ) ;
#2064 = FACE_OUTER_BOUND ( 'NONE', #2944, .T. ) ;
#2065 = AXIS2_PLACEMENT_3D ( 'NONE', #1401, #2474, #2215 ) ;
#2066 = DIRECTION ( 'NONE',  ( 1.600416979220540672E-16, 1.000000000000000000, 8.692246401601097529E-17 ) ) ;
#2067 = CARTESIAN_POINT ( 'NONE',  ( 0.4753052053105329411, 0.2749999999999998557, 0.06328674272477666229 ) ) ;
#2068 = ORIENTED_EDGE ( 'NONE', *, *, #2061, .T. ) ;
#2069 = AXIS2_PLACEMENT_3D ( 'NONE', #3210, #3172, #298 ) ;
#2070 = CARTESIAN_POINT ( 'NONE',  ( -0.9142730227309474600, 0.4154999999999999805, -0.2237551409882143905 ) ) ;
#2071 = CARTESIAN_POINT ( 'NONE',  ( -1.077459463112261817, -0.4154999999999999805, 0.4055664922567763786 ) ) ;
#2072 = EDGE_LOOP ( 'NONE', ( #3349, #2063, #1941, #71 ) ) ;
#2073 = VECTOR ( 'NONE', #2096, 39.37007874015748143 ) ;
#2074 = LINE ( 'NONE', #2056, #1496 ) ;
#2075 = ADVANCED_FACE ( 'NONE', ( #1148 ), #1214, .F. ) ;
#2076 = CARTESIAN_POINT ( 'NONE',  ( -0.6545124000254821661, -0.2750000000000000222, 0.2452729533018382646 ) ) ;
#2077 = ORIENTED_EDGE ( 'NONE', *, *, #1022, .F. ) ;
#2078 = ORIENTED_EDGE ( 'NONE', *, *, #691, .F. ) ;
#2079 = EDGE_LOOP ( 'NONE', ( #974, #2915, #745, #2816 ) ) ;
#2080 = CARTESIAN_POINT ( 'NONE',  ( 0.5434278096079476761, -0.2749999999999999112, -0.4483374462887394496 ) ) ;
#2081 = EDGE_CURVE ( 'NONE', #1949, #2730, #1325, .T. ) ;
#2082 = DIRECTION ( 'NONE',  ( -1.000000000000000000, 1.951319995474474714E-16, -1.756187995927027538E-15 ) ) ;
#2083 = CARTESIAN_POINT ( 'NONE',  ( -0.2390050392323664064, -0.1595833634120831790, -0.5280453214413988183 ) ) ;
#2084 = ORIENTED_EDGE ( 'NONE', *, *, #1055, .F. ) ;
#2085 = EDGE_CURVE ( 'NONE', #343, #1532, #1397, .T. ) ;
#2086 = DIRECTION ( 'NONE',  ( 1.600416979220540672E-16, 1.000000000000000000, 8.692246401601097529E-17 ) ) ;
#2087 = FACE_OUTER_BOUND ( 'NONE', #234, .T. ) ;
#2088 = CYLINDRICAL_SURFACE ( 'NONE', #2327, 0.2795000000000000262 ) ;
#2089 = ORIENTED_EDGE ( 'NONE', *, *, #2707, .T. ) ;
#2090 = CARTESIAN_POINT ( 'NONE',  ( -0.9142730227309474600, -0.4154999999999999805, -0.4137551409882142539 ) ) ;
#2091 = DIRECTION ( 'NONE',  ( 0.000000000000000000, 0.000000000000000000, -1.000000000000000000 ) ) ;
#2092 = ORIENTED_EDGE ( 'NONE', *, *, #2128, .T. ) ;
#2093 = CARTESIAN_POINT ( 'NONE',  ( 0.3629792159665913287, -0.1499999999999992173, -0.2296003893208343472 ) ) ;
#2094 = ORIENTED_EDGE ( 'NONE', *, *, #481, .F. ) ;
#2095 = ADVANCED_FACE ( 'NONE', ( #875 ), #345, .F. ) ;
#2096 = DIRECTION ( 'NONE',  ( -0.000000000000000000, -1.000000000000000000, -0.000000000000000000 ) ) ;
#2097 = VECTOR ( 'NONE', #517, 39.37007874015748143 ) ;
#2098 = DIRECTION ( 'NONE',  ( -0.000000000000000000, 1.000000000000000000, -0.000000000000000000 ) ) ;
#2099 = ADVANCED_FACE ( 'NONE', ( #1916 ), #2194, .T. ) ;
#2100 = CARTESIAN_POINT ( 'NONE',  ( -0.2283251576261068339, -0.1595833634175723159, -0.5326235747645926555 ) ) ;
#2101 = ORIENTED_EDGE ( 'NONE', *, *, #1542, .T. ) ;
#2102 = LINE ( 'NONE', #2663, #1968 ) ;
#2103 = CARTESIAN_POINT ( 'NONE',  ( 0.000000000000000000, -0.2924999999999999822, 0.000000000000000000 ) ) ;
#2104 = EDGE_CURVE ( 'NONE', #930, #3041, #861, .T. ) ;
#2105 = FACE_OUTER_BOUND ( 'NONE', #2557, .T. ) ;
#2106 = AXIS2_PLACEMENT_3D ( 'NONE', #470, #2358, #2115 ) ;
#2107 = ORIENTED_EDGE ( 'NONE', *, *, #429, .F. ) ;
#2108 = CIRCLE ( 'NONE', #2725, 0.3564999999999998725 ) ;
#2109 = CARTESIAN_POINT ( 'NONE',  ( -0.3483687536793193540, 0.1499999999999993283, -0.4630976802575432760 ) ) ;
#2110 = DIRECTION ( 'NONE',  ( 0.000000000000000000, 0.000000000000000000, 1.000000000000000000 ) ) ;
#2111 = CIRCLE ( 'NONE', #2671, 0.3499999999999999778 ) ;
#2112 = AXIS2_PLACEMENT_3D ( 'NONE', #85, #2246, #2173 ) ;
#2113 = CARTESIAN_POINT ( 'NONE',  ( -0.7475289246740444149, -0.2750000000000000222, 0.3672290678791527152 ) ) ;
#2114 = CIRCLE ( 'NONE', #605, 0.2000000000000000389 ) ;
#2115 = DIRECTION ( 'NONE',  ( -1.000000000000000000, 2.276539994720219349E-16, 0.000000000000000000 ) ) ;
#2116 = ORIENTED_EDGE ( 'NONE', *, *, #3373, .T. ) ;
#2117 = ORIENTED_EDGE ( 'NONE', *, *, #1974, .T. ) ;
#2118 = DIRECTION ( 'NONE',  ( 0.000000000000000000, 1.000000000000000000, 0.000000000000000000 ) ) ;
#2119 = AXIS2_PLACEMENT_3D ( 'NONE', #2103, #2156, #3214 ) ;
#2120 = FACE_OUTER_BOUND ( 'NONE', #2961, .T. ) ;
#2121 = VECTOR ( 'NONE', #1733, 39.37007874015748143 ) ;
#2122 = PLANE ( 'NONE',  #764 ) ;
#2123 = CYLINDRICAL_SURFACE ( 'NONE', #296, 0.2500000000000000000 ) ;
#2124 = FACE_OUTER_BOUND ( 'NONE', #2597, .T. ) ;
#2125 = CARTESIAN_POINT ( 'NONE',  ( -0.9142730227309474600, -0.4154999999999999805, -0.3187551409882143361 ) ) ;
#2126 = AXIS2_PLACEMENT_3D ( 'NONE', #1277, #1509, #3424 ) ;
#2127 = VERTEX_POINT ( 'NONE', #1430 ) ;
#2128 = EDGE_CURVE ( 'NONE', #2283, #1373, #1774, .T. ) ;
#2129 = VECTOR ( 'NONE', #886, 39.37007874015748143 ) ;
#2130 = CARTESIAN_POINT ( 'NONE',  ( 0.5282201337055527635, 0.2464805120425568596, -0.3341225695882836799 ) ) ;
#2131 = CARTESIAN_POINT ( 'NONE',  ( 0.5175456179079590546, 0.4154999999999999805, -2.798520563952858531 ) ) ;
#2132 = CARTESIAN_POINT ( 'NONE',  ( 0.6657779560113400441, 0.2750000000000000222, -2.503723074551017724 ) ) ;
#2133 = CIRCLE ( 'NONE', #1067, 0.1250000000000000278 ) ;
#2134 = CARTESIAN_POINT ( 'NONE',  ( 0.2287513104716077383, -0.1571948271965771804, -0.5326250678683240869 ) ) ;
#2135 = ORIENTED_EDGE ( 'NONE', *, *, #293, .F. ) ;
#2136 = ORIENTED_EDGE ( 'NONE', *, *, #1974, .F. ) ;
#2137 = DIRECTION ( 'NONE',  ( -0.000000000000000000, -1.000000000000000000, -0.000000000000000000 ) ) ;
#2138 = LINE ( 'NONE', #1065, #988 ) ;
#2139 = CARTESIAN_POINT ( 'NONE',  ( -0.3294887363323373841, -0.1507003202418255305, -0.4768563417024850870 ) ) ;
#2140 = DIRECTION ( 'NONE',  ( -0.000000000000000000, -1.000000000000000000, -0.000000000000000000 ) ) ;
#2141 = DIRECTION ( 'NONE',  ( -0.000000000000000000, -1.000000000000000000, -0.000000000000000000 ) ) ;
#2142 = DIRECTION ( 'NONE',  ( 0.000000000000000000, 0.000000000000000000, -1.000000000000000000 ) ) ;
#2143 = CYLINDRICAL_SURFACE ( 'NONE', #1826, 0.5178653734296587707 ) ;
#2144 = EDGE_LOOP ( 'NONE', ( #384, #2044 ) ) ;
#2145 = CARTESIAN_POINT ( 'NONE',  ( -0.3104093745877470889, 0.1527263546277449202, -0.4898960955992839872 ) ) ;
#2146 = LINE ( 'NONE', #2131, #1621 ) ;
#2147 = EDGE_CURVE ( 'NONE', #853, #2782, #144, .T. ) ;
#2148 = LINE ( 'NONE', #2959, #2129 ) ;
#2149 = EDGE_CURVE ( 'NONE', #3208, #1224, #1660, .T. ) ;
#2150 = DIRECTION ( 'NONE',  ( 0.000000000000000000, 1.000000000000000000, 0.000000000000000000 ) ) ;
#2151 = ORIENTED_EDGE ( 'NONE', *, *, #1842, .F. ) ;
#2152 = VERTEX_POINT ( 'NONE', #2484 ) ;
#2153 = CARTESIAN_POINT ( 'NONE',  ( 0.2042694101456607736, 0.4154999999999999805, -3.125168345748781551 ) ) ;
#2154 = DIRECTION ( 'NONE',  ( 1.600416979220540672E-16, -1.000000000000000000, 8.692246401601097529E-17 ) ) ;
#2155 = DIRECTION ( 'NONE',  ( -1.600416979220540672E-16, 1.000000000000000000, -8.692246401601097529E-17 ) ) ;
#2156 = DIRECTION ( 'NONE',  ( -0.000000000000000000, 1.000000000000000000, -0.000000000000000000 ) ) ;
#2157 = CYLINDRICAL_SURFACE ( 'NONE', #3232, 0.1564999999999998059 ) ;
#2158 = EDGE_LOOP ( 'NONE', ( #869, #153, #2533, #1879 ) ) ;
#2159 = DIRECTION ( 'NONE',  ( -1.600416979220540919E-16, -1.000000000000000000, -8.692246401601098762E-17 ) ) ;
#2160 = FACE_OUTER_BOUND ( 'NONE', #2024, .T. ) ;
#2161 = CIRCLE ( 'NONE', #1202, 0.5795000000000000151 ) ;
#2162 = CIRCLE ( 'NONE', #3398, 0.1499999999999999667 ) ;
#2163 = EDGE_CURVE ( 'NONE', #3147, #1300, #2502, .T. ) ;
#2164 = CARTESIAN_POINT ( 'NONE',  ( 0.5175456179079590546, 0.4154999999999999805, -3.111520563952858254 ) ) ;
#2165 = CIRCLE ( 'NONE', #247, 0.5178653734296587707 ) ;
#2166 = ORIENTED_EDGE ( 'NONE', *, *, #565, .F. ) ;
#2167 = EDGE_LOOP ( 'NONE', ( #996, #2615, #2078, #620 ) ) ;
#2168 = DIRECTION ( 'NONE',  ( 1.600416979220540672E-16, -1.000000000000000000, 8.692246401601097529E-17 ) ) ;
#2169 = CIRCLE ( 'NONE', #3402, 0.1500000000000000500 ) ;
#2170 = ADVANCED_FACE ( 'NONE', ( #635 ), #1699, .T. ) ;
#2171 = EDGE_CURVE ( 'NONE', #2274, #1507, #382, .T. ) ;
#2172 = LINE ( 'NONE', #579, #374 ) ;
#2173 = DIRECTION ( 'NONE',  ( 0.000000000000000000, 0.000000000000000000, 1.000000000000000000 ) ) ;
#2174 = VECTOR ( 'NONE', #2159, 39.37007874015748143 ) ;
#2175 = ORIENTED_EDGE ( 'NONE', *, *, #2876, .T. ) ;
#2176 = VECTOR ( 'NONE', #1578, 39.37007874015748143 ) ;
#2177 = FACE_OUTER_BOUND ( 'NONE', #1587, .T. ) ;
#2178 = DIRECTION ( 'NONE',  ( 1.600416979220540672E-16, -1.000000000000000000, 8.692246401601097529E-17 ) ) ;
#2179 = CARTESIAN_POINT ( 'NONE',  ( 0.2120707689614682312, 0.2429768869436300660, -0.5394000467126732756 ) ) ;
#2180 = ORIENTED_EDGE ( 'NONE', *, *, #2442, .F. ) ;
#2181 = DIRECTION ( 'NONE',  ( -1.600416979220540672E-16, 1.000000000000000000, -8.692246401601097529E-17 ) ) ;
#2182 = DIRECTION ( 'NONE',  ( -1.000000000000000000, 2.276539994720219842E-16, 0.000000000000000000 ) ) ;
#2183 = AXIS2_PLACEMENT_3D ( 'NONE', #1887, #1627, #2911 ) ;
#2184 = ADVANCED_FACE ( 'NONE', ( #2561 ), #3352, .T. ) ;
#2185 = LINE ( 'NONE', #1852, #2355 ) ;
#2186 = VECTOR ( 'NONE', #1192, 39.37007874015748143 ) ;
#2187 = ORIENTED_EDGE ( 'NONE', *, *, #1450, .T. ) ;
#2188 = EDGE_LOOP ( 'NONE', ( #279, #91, #2316, #347 ) ) ;
#2189 = CARTESIAN_POINT ( 'NONE',  ( -0.8044449265882076539, 0.2750000000000000777, -0.8488753606778003391 ) ) ;
#2190 = CARTESIAN_POINT ( 'NONE',  ( -0.5976408402761856919, -0.1499999999999999944, 0.3730223532631455341 ) ) ;
#2191 = VERTEX_POINT ( 'NONE', #175 ) ;
#2192 = EDGE_CURVE ( 'NONE', #904, #204, #2046, .T. ) ;
#2193 = CYLINDRICAL_SURFACE ( 'NONE', #211, 0.2500000000000000000 ) ;
#2194 = CYLINDRICAL_SURFACE ( 'NONE', #3124, 0.3499999999999999778 ) ;
#2195 = CARTESIAN_POINT ( 'NONE',  ( -1.286020158370497324, -0.4154999999999999805, 0.9005239598504419796 ) ) ;
#2196 = ADVANCED_FACE ( 'NONE', ( #1999 ), #3072, .F. ) ;
#2197 = EDGE_LOOP ( 'NONE', ( #741, #214, #3365, #1091 ) ) ;
#2198 = CARTESIAN_POINT ( 'NONE',  ( -1.847147448710424736E-17, 0.1595833634175731208, -1.003229844018501178E-17 ) ) ;
#2199 = CARTESIAN_POINT ( 'NONE',  ( -1.391545902943916557, 0.4154999999999999805, 0.4350000000000001643 ) ) ;
#2200 = DIRECTION ( 'NONE',  ( 1.000000000000000000, 1.213076373740793100E-16, 0.000000000000000000 ) ) ;
#2201 = ORIENTED_EDGE ( 'NONE', *, *, #1828, .F. ) ;
#2202 = CARTESIAN_POINT ( 'NONE',  ( 0.5175456179079590546, 0.4154999999999999805, -2.955020563952858392 ) ) ;
#2203 = VERTEX_POINT ( 'NONE', #121 ) ;
#2204 = ORIENTED_EDGE ( 'NONE', *, *, #2085, .F. ) ;
#2205 = CARTESIAN_POINT ( 'NONE',  ( 0.5175456179079590546, -0.2750000000000001887, -2.955020563952858392 ) ) ;
#2206 = ADVANCED_FACE ( 'NONE', ( #107 ), #1786, .F. ) ;
#2207 = CARTESIAN_POINT ( 'NONE',  ( 0.5175456179079590546, -0.4154999999999999805, -2.798520563952858531 ) ) ;
#2208 = ORIENTED_EDGE ( 'NONE', *, *, #3318, .T. ) ;
#2209 = ADVANCED_FACE ( 'NONE', ( #457 ), #1485, .T. ) ;
#2210 = DIRECTION ( 'NONE',  ( -1.000000000000000000, 1.600416979220540672E-16, -4.021603506636084879E-34 ) ) ;
#2211 = CARTESIAN_POINT ( 'NONE',  ( 0.2764658129056715152, 0.2749999998522154043, -0.6053401733571458498 ) ) ;
#2212 = VERTEX_POINT ( 'NONE', #1451 ) ;
#2213 = CARTESIAN_POINT ( 'NONE',  ( 0.5175456179079590546, -0.2750000000000001887, -3.111520563952858254 ) ) ;
#2214 = ADVANCED_FACE ( 'NONE', ( #1255 ), #2580, .T. ) ;
#2215 = DIRECTION ( 'NONE',  ( 0.9435448259684273697, 0.000000000000000000, -0.3312448662065728411 ) ) ;
#2216 = CARTESIAN_POINT ( 'NONE',  ( -0.4916009466856622878, -0.2750000000000000777, 0.3068366979645032466 ) ) ;
#2217 = ORIENTED_EDGE ( 'NONE', *, *, #2529, .T. ) ;
#2218 = CARTESIAN_POINT ( 'NONE',  ( -0.5257716480429676098, -0.1517480300934424542, 0.2437949057326822822 ) ) ;
#2219 = ORIENTED_EDGE ( 'NONE', *, *, #2357, .T. ) ;
#2220 = CIRCLE ( 'NONE', #1428, 0.7045000000000001261 ) ;
#2221 = ORIENTED_EDGE ( 'NONE', *, *, #2485, .F. ) ;
#2222 = AXIS2_PLACEMENT_3D ( 'NONE', #1341, #2154, #3227 ) ;
#2223 = LINE ( 'NONE', #1117, #1375 ) ;
#2224 = EDGE_CURVE ( 'NONE', #1530, #45, #3468, .T. ) ;
#2225 = DIRECTION ( 'NONE',  ( 0.000000000000000000, 0.000000000000000000, 1.000000000000000000 ) ) ;
#2226 = ORIENTED_EDGE ( 'NONE', *, *, #207, .F. ) ;
#2227 = AXIS2_PLACEMENT_3D ( 'NONE', #669, #2066, #1199 ) ;
#2228 = DIRECTION ( 'NONE',  ( -1.600416979220540672E-16, 1.000000000000000000, -8.692246401601097529E-17 ) ) ;
#2229 = CIRCLE ( 'NONE', #2672, 0.1500000000000004385 ) ;
#2230 = DIRECTION ( 'NONE',  ( 0.000000000000000000, 0.000000000000000000, 1.000000000000000000 ) ) ;
#2231 = ORIENTED_EDGE ( 'NONE', *, *, #3176, .F. ) ;
#2232 = AXIS2_PLACEMENT_3D ( 'NONE', #2613, #2035, #406 ) ;
#2233 = DIRECTION ( 'NONE',  ( -0.000000000000000000, -1.000000000000000000, -0.000000000000000000 ) ) ;
#2234 = DIRECTION ( 'NONE',  ( 1.000000000000000000, 1.365923996832132102E-16, 0.000000000000000000 ) ) ;
#2235 = CARTESIAN_POINT ( 'NONE',  ( 0.2764658129056751790, -0.2749999998522155154, -0.6053401733571457388 ) ) ;
#2236 = ORIENTED_EDGE ( 'NONE', *, *, #2553, .F. ) ;
#2237 = EDGE_CURVE ( 'NONE', #1018, #2667, #2111, .T. ) ;
#2238 = VECTOR ( 'NONE', #3148, 39.37007874015748143 ) ;
#2239 = DIRECTION ( 'NONE',  ( 0.7590818561677389331, 0.000000000000000000, -0.6509951886434646173 ) ) ;
#2240 = VECTOR ( 'NONE', #1334, 39.37007874015748143 ) ;
#2241 = ORIENTED_EDGE ( 'NONE', *, *, #226, .F. ) ;
#2242 = AXIS2_PLACEMENT_3D ( 'NONE', #653, #2776, #2234 ) ;
#2243 = EDGE_CURVE ( 'NONE', #3257, #2657, #3009, .T. ) ;
#2244 = ORIENTED_EDGE ( 'NONE', *, *, #585, .F. ) ;
#2245 = LINE ( 'NONE', #2965, #1889 ) ;
#2246 = DIRECTION ( 'NONE',  ( -0.000000000000000000, 1.000000000000000000, -0.000000000000000000 ) ) ;
#2247 = ORIENTED_EDGE ( 'NONE', *, *, #269, .T. ) ;
#2248 = DIRECTION ( 'NONE',  ( -1.000000000000000000, 1.454141941269125039E-16, 0.000000000000000000 ) ) ;
#2249 = CARTESIAN_POINT ( 'NONE',  ( -1.628157023695070784E-15, -10.17333010605798549, -8.842909200668265274E-16 ) ) ;
#2250 = CARTESIAN_POINT ( 'NONE',  ( 0.2024158294369320099, 0.2429768869597888070, -0.5429991546893588872 ) ) ;
#2251 = VERTEX_POINT ( 'NONE', #2825 ) ;
#2252 = DIRECTION ( 'NONE',  ( 1.000000000000000000, 2.276539994720212939E-16, 0.000000000000000000 ) ) ;
#2253 = DIRECTION ( 'NONE',  ( 0.000000000000000000, 0.000000000000000000, 1.000000000000000000 ) ) ;
#2254 = LINE ( 'NONE', #389, #772 ) ;
#2255 = EDGE_LOOP ( 'NONE', ( #2068, #3131, #1854, #396 ) ) ;
#2256 = DIRECTION ( 'NONE',  ( 1.000000000000000000, 1.454141941269125039E-16, 0.000000000000000000 ) ) ;
#2257 = EDGE_CURVE ( 'NONE', #1300, #123, #1153, .T. ) ;
#2258 = ORIENTED_EDGE ( 'NONE', *, *, #3095, .F. ) ;
#2259 = ORIENTED_EDGE ( 'NONE', *, *, #1926, .F. ) ;
#2260 = EDGE_CURVE ( 'NONE', #2283, #3170, #2276, .T. ) ;
#2261 = VERTEX_POINT ( 'NONE', #2595 ) ;
#2262 = DIRECTION ( 'NONE',  ( -0.000000000000000000, -1.000000000000000000, -0.000000000000000000 ) ) ;
#2263 = CARTESIAN_POINT ( 'NONE',  ( -0.5976408402761856919, -0.2749999999999999667, 0.3730223532631455341 ) ) ;
#2264 = VERTEX_POINT ( 'NONE', #2812 ) ;
#2265 = CARTESIAN_POINT ( 'NONE',  ( -0.7045000000000001261, 0.2749999999999996891, 2.390367760440297167E-17 ) ) ;
#2266 = CARTESIAN_POINT ( 'NONE',  ( 0.3063827416005492910, -0.2749999998654195088, -0.6074350361624095695 ) ) ;
#2267 = ORIENTED_EDGE ( 'NONE', *, *, #32, .T. ) ;
#2268 = EDGE_CURVE ( 'NONE', #2823, #239, #3287, .T. ) ;
#2269 = CYLINDRICAL_SURFACE ( 'NONE', #3088, 0.3564999999999993174 ) ;
#2270 = VERTEX_POINT ( 'NONE', #1803 ) ;
#2271 = EDGE_CURVE ( 'NONE', #1381, #204, #612, .T. ) ;
#2272 = CARTESIAN_POINT ( 'NONE',  ( -0.6462912046046976888, -0.1511113479966841033, 0.2804067204091384991 ) ) ;
#2273 = AXIS2_PLACEMENT_3D ( 'NONE', #3138, #1269, #1060 ) ;
#2274 = VERTEX_POINT ( 'NONE', #1765 ) ;
#2275 = EDGE_CURVE ( 'NONE', #863, #584, #3146, .T. ) ;
#2276 = LINE ( 'NONE', #2031, #2121 ) ;
#2277 = AXIS2_PLACEMENT_3D ( 'NONE', #791, #2098, #3173 ) ;
#2278 = CARTESIAN_POINT ( 'NONE',  ( 0.3063827416005493465, 0.2749999998654195088, -0.6074350361624095695 ) ) ;
#2279 = ORIENTED_EDGE ( 'NONE', *, *, #1134, .T. ) ;
#2280 = AXIS2_PLACEMENT_3D ( 'NONE', #2490, #2777, #1139 ) ;
#2281 = CARTESIAN_POINT ( 'NONE',  ( -0.5077256333273794109, 0.2594826205094299953, 0.2795008418118785642 ) ) ;
#2282 = DIRECTION ( 'NONE',  ( 0.000000000000000000, 1.000000000000000000, 0.000000000000000000 ) ) ;
#2283 = VERTEX_POINT ( 'NONE', #1273 ) ;
#2284 = AXIS2_PLACEMENT_3D ( 'NONE', #1662, #582, #2791 ) ;
#2285 = LINE ( 'NONE', #2302, #1610 ) ;
#2286 = DIRECTION ( 'NONE',  ( -1.000000000000000000, 1.454141941269125039E-16, 0.000000000000000000 ) ) ;
#2287 = AXIS2_PLACEMENT_3D ( 'NONE', #3144, #2294, #721 ) ;
#2288 = ORIENTED_EDGE ( 'NONE', *, *, #985, .F. ) ;
#2289 = AXIS2_PLACEMENT_3D ( 'NONE', #1190, #2458, #926 ) ;
#2290 = DIRECTION ( 'NONE',  ( 3.902639990948947455E-15, 0.000000000000000000, 1.000000000000000000 ) ) ;
#2291 = ORIENTED_EDGE ( 'NONE', *, *, #450, .F. ) ;
#2292 = FACE_OUTER_BOUND ( 'NONE', #736, .T. ) ;
#2293 = CIRCLE ( 'NONE', #3195, 0.4064999999999999725 ) ;
#2294 = DIRECTION ( 'NONE',  ( 0.5294852423891349691, 1.150934859524112964E-16, 0.8483191487241809048 ) ) ;
#2295 = EDGE_CURVE ( 'NONE', #3011, #831, #2572, .T. ) ;
#2296 = CARTESIAN_POINT ( 'NONE',  ( 0.3345387446077761617, 0.2749999999999999112, -0.6152099304994184115 ) ) ;
#2297 = EDGE_LOOP ( 'NONE', ( #59, #773, #3038, #1399 ) ) ;
#2298 = CARTESIAN_POINT ( 'NONE',  ( -0.6117969723617088240, 0.2750000000111223475, 0.3025774438956704837 ) ) ;
#2299 = CARTESIAN_POINT ( 'NONE',  ( -0.5316192378543964647, -0.1511113479966842699, 0.2306539311243375745 ) ) ;
#2300 = EDGE_CURVE ( 'NONE', #597, #3222, #513, .T. ) ;
#2301 = ORIENTED_EDGE ( 'NONE', *, *, #392, .F. ) ;
#2302 = CARTESIAN_POINT ( 'NONE',  ( 0.5175456179079590546, 0.4154999999999999805, -3.311520563952857987 ) ) ;
#2303 = CARTESIAN_POINT ( 'NONE',  ( 0.2667603625946109447, 0.1499999999999999112, -0.5146486636212687094 ) ) ;
#2304 = ORIENTED_EDGE ( 'NONE', *, *, #2616, .T. ) ;
#2305 = CARTESIAN_POINT ( 'NONE',  ( -0.2283251576261070281, -0.1595833634175730376, -0.5326235747645925445 ) ) ;
#2306 = ORIENTED_EDGE ( 'NONE', *, *, #1473, .T. ) ;
#2307 = DIRECTION ( 'NONE',  ( -0.000000000000000000, -1.000000000000000000, -0.000000000000000000 ) ) ;
#2308 = EDGE_CURVE ( 'NONE', #2859, #554, #2896, .T. ) ;
#2309 = CARTESIAN_POINT ( 'NONE',  ( -0.2736072382031176087, 0.2614431793532173143, 0.5867850168893230522 ) ) ;
#2310 = CARTESIAN_POINT ( 'NONE',  ( 0.2473887993002804042, 0.2491404370307039873, -0.5242678301067537072 ) ) ;
#2311 = ORIENTED_EDGE ( 'NONE', *, *, #2300, .T. ) ;
#2312 = EDGE_CURVE ( 'NONE', #2607, #3005, #1873, .T. ) ;
#2313 = DIRECTION ( 'NONE',  ( -1.000000000000000000, 1.454141941269125039E-16, 0.000000000000000000 ) ) ;
#2314 = CARTESIAN_POINT ( 'NONE',  ( -0.5062496454459630701, 0.1509748910320134196, 0.2821047772996814751 ) ) ;
#2315 = CARTESIAN_POINT ( 'NONE',  ( -0.6336666462488836915, -0.2750000000000000222, 0.2695797895826328450 ) ) ;
#2316 = ORIENTED_EDGE ( 'NONE', *, *, #2295, .F. ) ;
#2317 = EDGE_CURVE ( 'NONE', #2954, #3041, #80, .T. ) ;
#2318 = LINE ( 'NONE', #3393, #2004 ) ;
#2319 = FACE_OUTER_BOUND ( 'NONE', #3491, .T. ) ;
#2320 = ORIENTED_EDGE ( 'NONE', *, *, #710, .T. ) ;
#2321 = DIRECTION ( 'NONE',  ( 0.000000000000000000, 1.000000000000000000, 0.000000000000000000 ) ) ;
#2322 = ORIENTED_EDGE ( 'NONE', *, *, #2295, .T. ) ;
#2323 = CARTESIAN_POINT ( 'NONE',  ( 0.5175456179079590546, -0.2750000000000001887, -2.955020563952858392 ) ) ;
#2324 = DIRECTION ( 'NONE',  ( -0.2960048936140787235, 0.000000000000000000, -0.9551864231428951468 ) ) ;
#2325 = CARTESIAN_POINT ( 'NONE',  ( 0.2609803771174645792, 0.2550420470123062611, -0.5176666722852534264 ) ) ;
#2326 = ORIENTED_EDGE ( 'NONE', *, *, #1026, .T. ) ;
#2327 = AXIS2_PLACEMENT_3D ( 'NONE', #1899, #3231, #1014 ) ;
#2328 = CARTESIAN_POINT ( 'NONE',  ( 0.5143030373689009283, -0.1681439479571601170, -0.2296003893208343472 ) ) ;
#2329 = CARTESIAN_POINT ( 'NONE',  ( 0.000000000000000000, 0.2924999999999999822, -0.2795000000000000262 ) ) ;
#2330 = CARTESIAN_POINT ( 'NONE',  ( -0.5303865127642861665, -0.2588803715677890915, 0.2336293618785020287 ) ) ;
#2331 = AXIS2_PLACEMENT_3D ( 'NONE', #2190, #15, #3313 ) ;
#2332 = EDGE_LOOP ( 'NONE', ( #601, #3310, #498, #1767, #788, #1806, #2241 ) ) ;
#2333 = CIRCLE ( 'NONE', #2617, 0.3564999999999998725 ) ;
#2334 = CIRCLE ( 'NONE', #3071, 0.2499999999999999167 ) ;
#2335 = LINE ( 'NONE', #708, #139 ) ;
#2336 = CYLINDRICAL_SURFACE ( 'NONE', #1730, 0.09499999999999994560 ) ;
#2337 = CIRCLE ( 'NONE', #3405, 0.5795000000000000151 ) ;
#2338 = EDGE_CURVE ( 'NONE', #3396, #960, #2907, .T. ) ;
#2339 = ORIENTED_EDGE ( 'NONE', *, *, #2695, .F. ) ;
#2340 = CIRCLE ( 'NONE', #833, 0.1500000000000004385 ) ;
#2341 = EDGE_CURVE ( 'NONE', #3337, #863, #2947, .T. ) ;
#2342 = DIRECTION ( 'NONE',  ( 0.000000000000000000, 1.000000000000000000, 0.000000000000000000 ) ) ;
#2343 = ORIENTED_EDGE ( 'NONE', *, *, #944, .T. ) ;
#2344 = DIRECTION ( 'NONE',  ( -0.000000000000000000, 1.000000000000000000, -0.000000000000000000 ) ) ;
#2345 = AXIS2_PLACEMENT_3D ( 'NONE', #349, #1155, #3001 ) ;
#2346 = DIRECTION ( 'NONE',  ( -0.000000000000000000, 1.000000000000000000, -0.000000000000000000 ) ) ;
#2347 = CARTESIAN_POINT ( 'NONE',  ( -0.8531120060896512092, -0.4154999999999999805, 0.2952568438687595553 ) ) ;
#2348 = VERTEX_POINT ( 'NONE', #227 ) ;
#2349 = CARTESIAN_POINT ( 'NONE',  ( -0.7475289246740444149, -0.4154999999999999805, 0.3672290678791527152 ) ) ;
#2350 = CARTESIAN_POINT ( 'NONE',  ( -0.5163720322698217569, -0.1518518905016733866, 0.2631189818019922244 ) ) ;
#2351 = ORIENTED_EDGE ( 'NONE', *, *, #2598, .F. ) ;
#2352 = AXIS2_PLACEMENT_3D ( 'NONE', #158, #2344, #1288 ) ;
#2353 = CARTESIAN_POINT ( 'NONE',  ( -0.2283251576261066673, 0.2429768869597890013, -0.5326235747645922114 ) ) ;
#2354 = CARTESIAN_POINT ( 'NONE',  ( 0.2542286068104174235, 0.1522895233417312089, -0.5209457173674135744 ) ) ;
#2355 = VECTOR ( 'NONE', #2991, 39.37007874015748854 ) ;
#2356 = ORIENTED_EDGE ( 'NONE', *, *, #1236, .F. ) ;
#2357 = EDGE_CURVE ( 'NONE', #1949, #2060, #2138, .T. ) ;
#2358 = DIRECTION ( 'NONE',  ( 1.600416979220540672E-16, 1.000000000000000000, 8.692246401601097529E-17 ) ) ;
#2359 = ORIENTED_EDGE ( 'NONE', *, *, #3050, .T. ) ;
#2360 = CYLINDRICAL_SURFACE ( 'NONE', #2686, 0.1249999999999999029 ) ;
#2361 = ADVANCED_FACE ( 'NONE', ( #2120 ), #942, .F. ) ;
#2362 = DIRECTION ( 'NONE',  ( 0.000000000000000000, 0.000000000000000000, 1.000000000000000000 ) ) ;
#2363 = CARTESIAN_POINT ( 'NONE',  ( 0.000000000000000000, 0.2924999999999999822, 0.000000000000000000 ) ) ;
#2364 = ORIENTED_EDGE ( 'NONE', *, *, #1365, .F. ) ;
#2365 = FACE_OUTER_BOUND ( 'NONE', #2297, .T. ) ;
#2366 = CYLINDRICAL_SURFACE ( 'NONE', #774, 0.09499999999999994560 ) ;
#2367 = DIRECTION ( 'NONE',  ( -0.000000000000000000, -1.000000000000000000, -0.000000000000000000 ) ) ;
#2368 = VERTEX_POINT ( 'NONE', #823 ) ;
#2369 = FACE_OUTER_BOUND ( 'NONE', #3314, .T. ) ;
#2370 = CARTESIAN_POINT ( 'NONE',  ( -0.4627043295926986377, -0.4154999999999999805, -0.5615042267012479993 ) ) ;
#2371 = DIRECTION ( 'NONE',  ( -0.000000000000000000, -1.000000000000000000, -0.000000000000000000 ) ) ;
#2372 = ORIENTED_EDGE ( 'NONE', *, *, #2300, .F. ) ;
#2373 = ORIENTED_EDGE ( 'NONE', *, *, #1462, .F. ) ;
#2374 = DIRECTION ( 'NONE',  ( -0.000000000000000000, -1.000000000000000000, -0.000000000000000000 ) ) ;
#2375 = DIRECTION ( 'NONE',  ( 0.000000000000000000, -1.000000000000000000, 0.000000000000000000 ) ) ;
#2376 = CARTESIAN_POINT ( 'NONE',  ( -0.3101426056477686322, -0.1526756052141371445, -0.4896594348664901064 ) ) ;
#2377 = EDGE_CURVE ( 'NONE', #1018, #1809, #2629, .T. ) ;
#2378 = DIRECTION ( 'NONE',  ( 0.000000000000000000, -1.000000000000000000, 0.000000000000000000 ) ) ;
#2379 = CYLINDRICAL_SURFACE ( 'NONE', #3204, 0.09499999999999994560 ) ;
#2380 = DIRECTION ( 'NONE',  ( -0.000000000000000000, -1.000000000000000000, -0.000000000000000000 ) ) ;
#2381 = CARTESIAN_POINT ( 'NONE',  ( -0.5371339488737023604, -0.1504441229256616441, 0.2179434325224725300 ) ) ;
#2382 = AXIS2_PLACEMENT_3D ( 'NONE', #1286, #3169, #2908 ) ;
#2383 = VERTEX_POINT ( 'NONE', #3454 ) ;
#2384 = CIRCLE ( 'NONE', #2222, 0.3564999999999995950 ) ;
#2385 = CARTESIAN_POINT ( 'NONE',  ( -0.2283251576261067228, 0.1595833634175724547, -0.5326235747645925445 ) ) ;
#2386 = DIRECTION ( 'NONE',  ( 0.000000000000000000, 0.000000000000000000, 1.000000000000000000 ) ) ;
#2387 = CIRCLE ( 'NONE', #2447, 0.1564999999999998059 ) ;
#2388 = AXIS2_PLACEMENT_3D ( 'NONE', #580, #34, #2225 ) ;
#2389 = CARTESIAN_POINT ( 'NONE',  ( -0.4627043295926986377, 0.2750000000000000222, -0.5615042267012479993 ) ) ;
#2390 = AXIS2_PLACEMENT_3D ( 'NONE', #2719, #1934, #3023 ) ;
#2391 = DIRECTION ( 'NONE',  ( 1.000000000000000000, 2.276539994720218363E-16, 0.000000000000000000 ) ) ;
#2392 = ORIENTED_EDGE ( 'NONE', *, *, #989, .T. ) ;
#2393 = EDGE_LOOP ( 'NONE', ( #97, #1028, #987, #1336, #2405, #917, #2208, #3165, #330, #127, #2910, #1646, #908 ) ) ;
#2394 = DIRECTION ( 'NONE',  ( 0.000000000000000000, 1.000000000000000000, 0.000000000000000000 ) ) ;
#2395 = CIRCLE ( 'NONE', #2119, 0.4064999999999999725 ) ;
#2396 = DIRECTION ( 'NONE',  ( 1.000000000000000000, 2.276539994720219842E-16, 0.000000000000000000 ) ) ;
#2397 = CARTESIAN_POINT ( 'NONE',  ( -0.5287552924871025128, 0.1514578568426430683, 0.2372548524526491009 ) ) ;
#2398 = DIRECTION ( 'NONE',  ( 0.000000000000000000, 0.000000000000000000, 1.000000000000000000 ) ) ;
#2399 = PRODUCT ( 'Bellcrank_project', 'Bellcrank_project', '', ( #682 ) ) ;
#2400 = EDGE_CURVE ( 'NONE', #2013, #3222, #549, .T. ) ;
#2401 = DIRECTION ( 'NONE',  ( 1.000000000000000000, 1.600416979220540672E-16, 4.021603506636084879E-34 ) ) ;
#2402 = APPLICATION_CONTEXT ( 'automotive_design' ) ;
#2403 = DIRECTION ( 'NONE',  ( 0.000000000000000000, 0.000000000000000000, -1.000000000000000000 ) ) ;
#2404 = DIRECTION ( 'NONE',  ( 1.000000000000000000, 1.318802208946746593E-16, 0.000000000000000000 ) ) ;
#2405 = ORIENTED_EDGE ( 'NONE', *, *, #2260, .T. ) ;
#2406 = DIRECTION ( 'NONE',  ( 0.000000000000000000, 0.000000000000000000, 1.000000000000000000 ) ) ;
#2407 = ADVANCED_FACE ( 'NONE', ( #3211, #1555 ), #3193, .T. ) ;
#2408 = CARTESIAN_POINT ( 'NONE',  ( 0.3266174455679263788, -0.4154999999999999805, 0.04348901298814159683 ) ) ;
#2409 = CARTESIAN_POINT ( 'NONE',  ( 0.2792778481236518617, -0.1499999999999999112, -0.5077638560860968653 ) ) ;
#2410 = CARTESIAN_POINT ( 'NONE',  ( -0.2704985760833819586, -0.1575675062900987189, -0.5130133593140278059 ) ) ;
#2411 = DIRECTION ( 'NONE',  ( 0.000000000000000000, 0.000000000000000000, 1.000000000000000000 ) ) ;
#2412 = ORIENTED_EDGE ( 'NONE', *, *, #3344, .T. ) ;
#2413 = EDGE_LOOP ( 'NONE', ( #1206, #1483, #2765, #1819 ) ) ;
#2414 = CARTESIAN_POINT ( 'NONE',  ( 0.6657779560113400441, -0.4154999999999999805, -2.503723074551018168 ) ) ;
#2415 = DIRECTION ( 'NONE',  ( 0.000000000000000000, -1.000000000000000000, 0.000000000000000000 ) ) ;
#2416 = CARTESIAN_POINT ( 'NONE',  ( -0.3725951665236172938, -0.2750000000066042949, -0.5692303222136166907 ) ) ;
#2417 = LINE ( 'NONE', #3162, #2097 ) ;
#2418 = CARTESIAN_POINT ( 'NONE',  ( 0.2817055503725376386, 0.4154999999999999805, -0.6057011531612913613 ) ) ;
#2419 = CARTESIAN_POINT ( 'NONE',  ( -0.7791107826861316532, 0.4154999999999999805, 0.5340534496544833143 ) ) ;
#2420 = ORIENTED_EDGE ( 'NONE', *, *, #1350, .F. ) ;
#2421 = ADVANCED_FACE ( 'NONE', ( #3437 ), #1024, .F. ) ;
#2422 = CARTESIAN_POINT ( 'NONE',  ( -1.391545902943916557, 0.2750000000000000777, 0.4350000000000001643 ) ) ;
#2423 = DIRECTION ( 'NONE',  ( -0.000000000000000000, 1.000000000000000000, -0.000000000000000000 ) ) ;
#2424 = EDGE_CURVE ( 'NONE', #611, #45, #1838, .T. ) ;
#2425 = DIRECTION ( 'NONE',  ( 1.000000000000000000, 1.915741931040860000E-16, 0.000000000000000000 ) ) ;
#2426 = VERTEX_POINT ( 'NONE', #1320 ) ;
#2427 = ORIENTED_EDGE ( 'NONE', *, *, #1647, .T. ) ;
#2428 = PLANE ( 'NONE',  #1168 ) ;
#2429 = B_SPLINE_CURVE_WITH_KNOTS ( 'NONE', 3,
 ( #2080, #3419, #2627, #2888, #488, #210, #1764, #3434 ),
 .UNSPECIFIED., .F., .F.,
 ( 4, 2, 2, 4 ),
 ( 3.576224061345498009E-18, 0.001515421514257866411, 0.002273132271386798641, 0.003030843028515730654 ),
 .UNSPECIFIED. ) ;
#2430 = DIRECTION ( 'NONE',  ( -0.9551864231428950358, 0.000000000000000000, 0.2960048936140790010 ) ) ;
#2431 = DIRECTION ( 'NONE',  ( -0.3492939248264572139, 0.000000000000000000, 0.9370132091274536723 ) ) ;
#2432 = CARTESIAN_POINT ( 'NONE',  ( -1.286020158370497324, 0.4154999999999999805, 0.9005239598504420906 ) ) ;
#2433 = CARTESIAN_POINT ( 'NONE',  ( 0.4303933101151443674, -0.4154999999999999805, -0.7359034234246564221 ) ) ;
#2434 = CARTESIAN_POINT ( 'NONE',  ( 0.3059138289139928801, -0.4154999999999999805, -2.578983018105089453 ) ) ;
#2435 = EDGE_CURVE ( 'NONE', #274, #483, #47, .T. ) ;
#2436 = ORIENTED_EDGE ( 'NONE', *, *, #3160, .T. ) ;
#2437 = DIRECTION ( 'NONE',  ( -1.000000000000000000, 1.318802208946746593E-16, 0.000000000000000000 ) ) ;
#2438 = DIRECTION ( 'NONE',  ( -0.000000000000000000, -1.000000000000000000, -0.000000000000000000 ) ) ;
#2439 = VECTOR ( 'NONE', #1761, 39.37007874015748143 ) ;
#2440 = AXIS2_PLACEMENT_3D ( 'NONE', #2434, #1171, #1122 ) ;
#2441 = DIRECTION ( 'NONE',  ( -0.000000000000000000, -1.000000000000000000, -0.000000000000000000 ) ) ;
#2442 = EDGE_CURVE ( 'NONE', #657, #418, #1208, .T. ) ;
#2443 = AXIS2_PLACEMENT_3D ( 'NONE', #1573, #2679, #2396 ) ;
#2444 = AXIS2_PLACEMENT_3D ( 'NONE', #717, #1253, #2043 ) ;
#2445 = ORIENTED_EDGE ( 'NONE', *, *, #386, .F. ) ;
#2446 = FACE_OUTER_BOUND ( 'NONE', #1408, .T. ) ;
#2447 = AXIS2_PLACEMENT_3D ( 'NONE', #2205, #341, #300 ) ;
#2448 = AXIS2_PLACEMENT_3D ( 'NONE', #1400, #2473, #1137 ) ;
#2449 = EDGE_CURVE ( 'NONE', #820, #1309, #1493, .T. ) ;
#2450 = CARTESIAN_POINT ( 'NONE',  ( -0.7582311740451548321, -0.2750000000000000222, -0.6541068234793239178 ) ) ;
#2451 = DIRECTION ( 'NONE',  ( 3.902639990948947455E-15, 0.000000000000000000, 1.000000000000000000 ) ) ;
#2452 = ORIENTED_EDGE ( 'NONE', *, *, #2514, .T. ) ;
#2453 = AXIS2_PLACEMENT_3D ( 'NONE', #1050, #1861, #2935 ) ;
#2454 = DIRECTION ( 'NONE',  ( 0.000000000000000000, 0.000000000000000000, 1.000000000000000000 ) ) ;
#2455 = CARTESIAN_POINT ( 'NONE',  ( 4.978189238533990241E-17, 0.4154999999999999805, -0.4064999999999999725 ) ) ;
#2456 = ORIENTED_EDGE ( 'NONE', *, *, #649, .T. ) ;
#2457 = CYLINDRICAL_SURFACE ( 'NONE', #2960, 0.1499999999999999667 ) ;
#2458 = DIRECTION ( 'NONE',  ( -0.000000000000000000, -1.000000000000000000, -0.000000000000000000 ) ) ;
#2459 = FACE_OUTER_BOUND ( 'NONE', #2656, .T. ) ;
#2460 = AXIS2_PLACEMENT_3D ( 'NONE', #1989, #388, #110 ) ;
#2461 = AXIS2_PLACEMENT_3D ( 'NONE', #2694, #3452, #1114 ) ;
#2462 = CARTESIAN_POINT ( 'NONE',  ( -0.5287547920413402380, -0.1514579173915927279, 0.2372560058975238806 ) ) ;
#2463 = CIRCLE ( 'NONE', #622, 0.3564999999999993174 ) ;
#2464 = ORIENTED_EDGE ( 'NONE', *, *, #2128, .F. ) ;
#2465 = ORIENTED_EDGE ( 'NONE', *, *, #1244, .T. ) ;
#2466 = EDGE_CURVE ( 'NONE', #2026, #1558, #2387, .T. ) ;
#2467 = CARTESIAN_POINT ( 'NONE',  ( -1.391545902943916557, 0.4154999999999999805, 0.5600000000000000533 ) ) ;
#2468 = ORIENTED_EDGE ( 'NONE', *, *, #3308, .F. ) ;
#2469 = EDGE_CURVE ( 'NONE', #2693, #2212, #2767, .T. ) ;
#2470 = DIRECTION ( 'NONE',  ( 0.000000000000000000, 1.000000000000000000, 0.000000000000000000 ) ) ;
#2471 = DIRECTION ( 'NONE',  ( -0.000000000000000000, 1.000000000000000000, -0.000000000000000000 ) ) ;
#2472 = ORIENTED_EDGE ( 'NONE', *, *, #3455, .T. ) ;
#2473 = DIRECTION ( 'NONE',  ( 1.391121872869104226E-32, -8.692246401601097529E-17, -1.000000000000000000 ) ) ;
#2474 = DIRECTION ( 'NONE',  ( 0.3312448662065729521, 6.142398347504942688E-16, 0.9435448259684273697 ) ) ;
#2475 = CARTESIAN_POINT ( 'NONE',  ( 0.2873176706212857701, -0.2750000001345803691, -0.6055002575603486425 ) ) ;
#2476 = DIRECTION ( 'NONE',  ( 1.600416979220540672E-16, -1.000000000000000000, 8.692246401601097529E-17 ) ) ;
#2477 = ORIENTED_EDGE ( 'NONE', *, *, #2338, .T. ) ;
#2478 = ADVANCED_FACE ( 'NONE', ( #871 ), #1911, .F. ) ;
#2479 = ORIENTED_EDGE ( 'NONE', *, *, #989, .F. ) ;
#2480 = LINE ( 'NONE', #63, #192 ) ;
#2481 = FACE_OUTER_BOUND ( 'NONE', #1191, .T. ) ;
#2482 = ORIENTED_EDGE ( 'NONE', *, *, #2037, .T. ) ;
#2483 = DIRECTION ( 'NONE',  ( -0.1319848649109000849, -6.503896109196677496E-17, 0.9912517316173784510 ) ) ;
#2484 = CARTESIAN_POINT ( 'NONE',  ( -0.3510751116643409664, -0.2749999999999999112, 0.6107917124272975729 ) ) ;
#2485 = EDGE_CURVE ( 'NONE', #3444, #921, #1434, .T. ) ;
#2486 = DIRECTION ( 'NONE',  ( -1.600416979220540672E-16, -1.000000000000000000, -8.692246401601097529E-17 ) ) ;
#2487 = ORIENTED_EDGE ( 'NONE', *, *, #834, .F. ) ;
#2488 = LINE ( 'NONE', #3000, #1554 ) ;
#2489 = DIRECTION ( 'NONE',  ( -1.000000000000000000, 1.365923996832131363E-16, 0.000000000000000000 ) ) ;
#2490 = CARTESIAN_POINT ( 'NONE',  ( 2.400625468830792027E-17, 0.1499999999999992173, 1.303836960240157203E-17 ) ) ;
#2491 = ORIENTED_EDGE ( 'NONE', *, *, #3202, .T. ) ;
#2492 = DIRECTION ( 'NONE',  ( 1.600416979220540672E-16, -1.000000000000000000, 8.692246401601097529E-17 ) ) ;
#2493 = ORIENTED_EDGE ( 'NONE', *, *, #2704, .T. ) ;
#2494 = ORIENTED_EDGE ( 'NONE', *, *, #1979, .F. ) ;
#2495 = EDGE_CURVE ( 'NONE', #1448, #2900, #2788, .T. ) ;
#2496 = AXIS2_PLACEMENT_3D ( 'NONE', #2754, #872, #2431 ) ;
#2497 =( BOUNDED_SURFACE ( )  B_SPLINE_SURFACE ( 3, 2, ( 
 ( #2109, #3445, #275 ),
 ( #761, #501, #2652 ),
 ( #534, #781, #1901 ),
 ( #1310, #1635, #254 ),
 ( #2956, #2705, #3465 ),
 ( #1848, #1598, #1331 ),
 ( #3217, #814, #556 ),
 ( #2923, #2974, #1619 ),
 ( #1296, #574, #290 ),
 ( #2385, #2353, #3429 ) ),
 .UNSPECIFIED., .F., .F., .F. ) 
 B_SPLINE_SURFACE_WITH_KNOTS ( ( 4, 2, 2, 2, 4 ),
 ( 3, 3 ),
 ( 0.006075833246253665131, 0.007155686659514538112, 0.008235540072775410225, 0.009315393486036282339, 0.01039524689929715619 ),
 ( 0.000000000000000000, 1.000000000000000000 ),
 .UNSPECIFIED. ) 
 GEOMETRIC_REPRESENTATION_ITEM ( )  RATIONAL_B_SPLINE_SURFACE ( (
 ( 1.000000000000000000, 0.7071067811865457964, 1.000000000000000000),
 ( 1.000000000000000000, 0.7254002031192993138, 1.000000000000000000),
 ( 1.000000000000000000, 0.7425148275280281096, 1.000000000000000000),
 ( 1.000000000000000000, 0.7730688011776963853, 1.000000000000000000),
 ( 1.000000000000000000, 0.7865043070045383278, 1.000000000000000000),
 ( 1.000000000000000000, 0.8085771248678237377, 1.000000000000000000),
 ( 1.000000000000000000, 0.8172105470626860324, 1.000000000000000000),
 ( 1.000000000000000000, 0.8288567934492887535, 1.000000000000000000),
 ( 1.000000000000000000, 0.8318730315001313658, 1.000000000000000000),
 ( 1.000000000000000000, 0.8318653737234150691, 1.000000000000000000) ) ) 
 REPRESENTATION_ITEM ( '' )  SURFACE ( )  );
#2498 = CARTESIAN_POINT ( 'NONE',  ( 0.5175456179079590546, -0.4154999999999999805, -2.955020563952858392 ) ) ;
#2499 = CARTESIAN_POINT ( 'NONE',  ( -0.4627043295926986377, 0.4154999999999999805, -0.5615042267012479993 ) ) ;
#2500 = VERTEX_POINT ( 'NONE', #1406 ) ;
#2501 = DIRECTION ( 'NONE',  ( 1.600416979220540672E-16, 1.000000000000000000, 8.692246401601097529E-17 ) ) ;
#2502 = CIRCLE ( 'NONE', #2958, 0.1499999999999999944 ) ;
#2503 = DIRECTION ( 'NONE',  ( 0.000000000000000000, 0.000000000000000000, 1.000000000000000000 ) ) ;
#2504 = CIRCLE ( 'NONE', #436, 0.3564999999999995395 ) ;
#2505 = CARTESIAN_POINT ( 'NONE',  ( 0.2817055503725376386, -0.4154999999999999805, -0.6057011531612913613 ) ) ;
#2506 = EDGE_LOOP ( 'NONE', ( #645, #1207, #3201, #1254 ) ) ;
#2507 = AXIS2_PLACEMENT_3D ( 'NONE', #2567, #675, #1739 ) ;
#2508 = EDGE_CURVE ( 'NONE', #1444, #2693, #594, .T. ) ;
#2509 = DIRECTION ( 'NONE',  ( 1.600416979220540672E-16, 1.000000000000000000, 8.692246401601097529E-17 ) ) ;
#2510 = FACE_OUTER_BOUND ( 'NONE', #3288, .T. ) ;
#2511 = CARTESIAN_POINT ( 'NONE',  ( -0.4939109217712185362, -0.2709996932954294446, 0.3031357527598892432 ) ) ;
#2512 = ORIENTED_EDGE ( 'NONE', *, *, #2508, .F. ) ;
#2513 = ORIENTED_EDGE ( 'NONE', *, *, #51, .F. ) ;
#2514 = EDGE_CURVE ( 'NONE', #2607, #2954, #2480, .T. ) ;
#2515 = AXIS2_PLACEMENT_3D ( 'NONE', #2924, #2939, #2690 ) ;
#2516 = CARTESIAN_POINT ( 'NONE',  ( -0.9142730227309474600, 0.4154999999999999805, -0.4137551409882142539 ) ) ;
#2517 = AXIS2_PLACEMENT_3D ( 'NONE', #1572, #225, #1301 ) ;
#2518 = ORIENTED_EDGE ( 'NONE', *, *, #2268, .T. ) ;
#2519 = ORIENTED_EDGE ( 'NONE', *, *, #317, .T. ) ;
#2520 = AXIS2_PLACEMENT_3D ( 'NONE', #354, #1127, #2011 ) ;
#2521 = SURFACE_STYLE_FILL_AREA ( #1781 ) ;
#2522 = APPLICATION_PROTOCOL_DEFINITION ( 'draft international standard', 'automotive_design', 1998, #2402 ) ;
#2523 = VERTEX_POINT ( 'NONE', #2450 ) ;
#2524 = DIRECTION ( 'NONE',  ( -0.000000000000000000, 1.000000000000000000, -0.000000000000000000 ) ) ;
#2525 = DIRECTION ( 'NONE',  ( -0.3492939248264572139, 0.000000000000000000, 0.9370132091274536723 ) ) ;
#2526 = AXIS2_PLACEMENT_3D ( 'NONE', #1094, #2137, #2963 ) ;
#2527 = CARTESIAN_POINT ( 'NONE',  ( 0.2667485807973147827, 0.1505563555585260060, -0.5145050724676125675 ) ) ;
#2528 = EDGE_LOOP ( 'NONE', ( #199, #1708, #35, #896 ) ) ;
#2529 = EDGE_CURVE ( 'NONE', #2589, #404, #935, .T. ) ;
#2530 = CARTESIAN_POINT ( 'NONE',  ( -0.9142730227309474600, -0.4154999999999999805, -0.2237551409882143905 ) ) ;
#2531 = CARTESIAN_POINT ( 'NONE',  ( 0.2749054852455179998, -0.2665540209057989940, -0.5102427747274378422 ) ) ;
#2532 = EDGE_CURVE ( 'NONE', #2264, #2730, #2223, .T. ) ;
#2533 = ORIENTED_EDGE ( 'NONE', *, *, #2243, .F. ) ;
#2534 = ORIENTED_EDGE ( 'NONE', *, *, #2081, .F. ) ;
#2535 = LINE ( 'NONE', #113, #511 ) ;
#2536 = EDGE_CURVE ( 'NONE', #168, #960, #2169, .T. ) ;
#2537 = EDGE_LOOP ( 'NONE', ( #493, #3413, #2279, #2041 ) ) ;
#2538 = ORIENTED_EDGE ( 'NONE', *, *, #386, .T. ) ;
#2539 = CARTESIAN_POINT ( 'NONE',  ( -1.178638338124658347, -0.2750000000000001332, 0.2822044477628676828 ) ) ;
#2540 = FACE_BOUND ( 'NONE', #1136, .T. ) ;
#2541 = VERTEX_POINT ( 'NONE', #1657 ) ;
#2542 = DIRECTION ( 'NONE',  ( 0.4772728802129689862, -6.162975822039154730E-32, -0.8787551409882146114 ) ) ;
#2543 = CARTESIAN_POINT ( 'NONE',  ( 0.08273336776513505464, -0.4154999999999999805, 0.2669746052684394133 ) ) ;
#2544 = DIRECTION ( 'NONE',  ( -1.000000000000000000, 1.318802208946746593E-16, 0.000000000000000000 ) ) ;
#2545 = ORIENTED_EDGE ( 'NONE', *, *, #2061, .F. ) ;
#2546 = FACE_OUTER_BOUND ( 'NONE', #1978, .T. ) ;
#2547 = CARTESIAN_POINT ( 'NONE',  ( -0.7475289246740444149, 0.2749999999999999112, 0.3672290678791527152 ) ) ;
#2548 = VERTEX_POINT ( 'NONE', #1355 ) ;
#2549 = ORIENTED_EDGE ( 'NONE', *, *, #1478, .F. ) ;
#2550 = CARTESIAN_POINT ( 'NONE',  ( -0.3312022431541817857, -0.2749999999999992450, 0.6046332639960471100 ) ) ;
#2551 = DIRECTION ( 'NONE',  ( -0.000000000000000000, -1.000000000000000000, -0.000000000000000000 ) ) ;
#2552 = ORIENTED_EDGE ( 'NONE', *, *, #780, .F. ) ;
#2553 = EDGE_CURVE ( 'NONE', #960, #2769, #2245, .T. ) ;
#2554 = DIRECTION ( 'NONE',  ( 0.000000000000000000, 1.000000000000000000, 0.000000000000000000 ) ) ;
#2555 = AXIS2_PLACEMENT_3D ( 'NONE', #1039, #1315, #1602 ) ;
#2556 = DIRECTION ( 'NONE',  ( 1.776356839400250465E-15, 0.000000000000000000, 1.000000000000000000 ) ) ;
#2557 = EDGE_LOOP ( 'NONE', ( #218, #308, #3091, #778 ) ) ;
#2558 = DIRECTION ( 'NONE',  ( 0.000000000000000000, 1.000000000000000000, 0.000000000000000000 ) ) ;
#2559 = AXIS2_PLACEMENT_3D ( 'NONE', #346, #1398, #2230 ) ;
#2560 = EDGE_CURVE ( 'NONE', #3126, #1184, #1097, .T. ) ;
#2561 = FACE_OUTER_BOUND ( 'NONE', #3317, .T. ) ;
#2562 = AXIS2_PLACEMENT_3D ( 'NONE', #1695, #1641, #2979 ) ;
#2563 = CARTESIAN_POINT ( 'NONE',  ( -0.3483687536793189099, -0.2749999999999999667, -0.4630976802575426654 ) ) ;
#2564 = ORIENTED_EDGE ( 'NONE', *, *, #1365, .T. ) ;
#2565 = VECTOR ( 'NONE', #882, 39.37007874015748143 ) ;
#2566 = CARTESIAN_POINT ( 'NONE',  ( -0.5097029312265353163, 0.1513634640782975938, 0.2758162362770919529 ) ) ;
#2567 = CARTESIAN_POINT ( 'NONE',  ( -0.6726316554399787151, -0.4154999999999999805, -0.7772844286458566732 ) ) ;
#2568 = EDGE_LOOP ( 'NONE', ( #3323, #2359, #515, #925, #1900 ) ) ;
#2569 = VECTOR ( 'NONE', #232, 39.37007874015748143 ) ;
#2570 = DIRECTION ( 'NONE',  ( -0.000000000000000000, -1.000000000000000000, -0.000000000000000000 ) ) ;
#2571 = CARTESIAN_POINT ( 'NONE',  ( -0.2283251576261070004, 0.1595833634175731486, -0.5326235747645923224 ) ) ;
#2572 = CIRCLE ( 'NONE', #2443, 0.1499999999999999667 ) ;
#2573 = ORIENTED_EDGE ( 'NONE', *, *, #1249, .T. ) ;
#2574 = LINE ( 'NONE', #3347, #1147 ) ;
#2575 = CIRCLE ( 'NONE', #2801, 0.4064999999999999725 ) ;
#2576 = ORIENTED_EDGE ( 'NONE', *, *, #1805, .T. ) ;
#2577 = EDGE_CURVE ( 'NONE', #1061, #3045, #2172, .T. ) ;
#2578 = CARTESIAN_POINT ( 'NONE',  ( -1.704822110706214922, 0.4154999999999999805, 0.3898522182040766726 ) ) ;
#2579 = CIRCLE ( 'NONE', #94, 0.1500000000000000500 ) ;
#2580 = PLANE ( 'NONE',  #1946 ) ;
#2581 = AXIS2_PLACEMENT_3D ( 'NONE', #1529, #1829, #1233 ) ;
#2582 = CARTESIAN_POINT ( 'NONE',  ( -0.5421888224328406114, 0.1499999999999999944, 0.2050463232031557170 ) ) ;
#2583 = ADVANCED_FACE ( 'NONE', ( #322 ), #1100, .F. ) ;
#2584 = EDGE_LOOP ( 'NONE', ( #1626, #314, #2692, #1841 ) ) ;
#2585 = DIRECTION ( 'NONE',  ( 0.000000000000000000, 0.000000000000000000, 1.000000000000000000 ) ) ;
#2586 = LINE ( 'NONE', #2070, #2238 ) ;
#2587 = CARTESIAN_POINT ( 'NONE',  ( 0.4753052053105329411, -0.2749999999999999112, 0.06328674272477671781 ) ) ;
#2588 = AXIS2_PLACEMENT_3D ( 'NONE', #270, #1843, #2969 ) ;
#2589 = VERTEX_POINT ( 'NONE', #2189 ) ;
#2590 = DIRECTION ( 'NONE',  ( -0.000000000000000000, 1.000000000000000000, -0.000000000000000000 ) ) ;
#2591 = CARTESIAN_POINT ( 'NONE',  ( -0.2586634443167200592, -0.4154999999999999805, -0.6033949557082916026 ) ) ;
#2592 = VERTEX_POINT ( 'NONE', #3259 ) ;
#2593 = ORIENTED_EDGE ( 'NONE', *, *, #1436, .T. ) ;
#2594 = FACE_OUTER_BOUND ( 'NONE', #1958, .T. ) ;
#2595 = CARTESIAN_POINT ( 'NONE',  ( 0.3395189715325500623, -0.2749999999999999112, -0.6172901408328822503 ) ) ;
#2596 = CYLINDRICAL_SURFACE ( 'NONE', #2843, 0.3564999999999998725 ) ;
#2597 = EDGE_LOOP ( 'NONE', ( #1000, #533, #766, #892 ) ) ;
#2598 = EDGE_CURVE ( 'NONE', #400, #1011, #2333, .T. ) ;
#2599 = CARTESIAN_POINT ( 'NONE',  ( -0.6217424599071065261, 0.2749999999888775304, 0.2848836934975282342 ) ) ;
#2600 = CARTESIAN_POINT ( 'NONE',  ( -0.5269135888349056884, -0.2575038852520990518, 0.2413744028735599900 ) ) ;
#2601 = ORIENTED_EDGE ( 'NONE', *, *, #3327, .T. ) ;
#2602 = CARTESIAN_POINT ( 'NONE',  ( -0.1716057524188372707, -0.1705274515012648595, 0.5551755444172282727 ) ) ;
#2603 = EDGE_CURVE ( 'NONE', #1015, #1536, #3070, .T. ) ;
#2604 = CARTESIAN_POINT ( 'NONE',  ( -0.5421962757204922267, -0.1500000001004805905, 0.2050250926522324268 ) ) ;
#2605 = ORIENTED_EDGE ( 'NONE', *, *, #2312, .F. ) ;
#2606 = DIRECTION ( 'NONE',  ( 1.000000000000000000, 1.138269997360109921E-16, 0.000000000000000000 ) ) ;
#2607 = VERTEX_POINT ( 'NONE', #432 ) ;
#2608 = CARTESIAN_POINT ( 'NONE',  ( -0.9211465990787121028, -0.4154999999999999805, -0.06563131491079049473 ) ) ;
#2609 = CARTESIAN_POINT ( 'NONE',  ( -0.2291788567638309015, 0.2396938300561367030, 0.5730170046953155794 ) ) ;
#2610 = FACE_OUTER_BOUND ( 'NONE', #3049, .T. ) ;
#2611 = ORIENTED_EDGE ( 'NONE', *, *, #2495, .T. ) ;
#2612 = CARTESIAN_POINT ( 'NONE',  ( 0.08273336776513505464, -0.4154999999999999805, 0.2669746052684394133 ) ) ;
#2613 = CARTESIAN_POINT ( 'NONE',  ( -1.026561506110902577, -0.4154999999999999805, 0.08377905330777313253 ) ) ;
#2614 = VECTOR ( 'NONE', #228, 39.37007874015748143 ) ;
#2615 = ORIENTED_EDGE ( 'NONE', *, *, #1912, .T. ) ;
#2616 = EDGE_CURVE ( 'NONE', #2900, #1448, #1369, .T. ) ;
#2617 = AXIS2_PLACEMENT_3D ( 'NONE', #1394, #3312, #1130 ) ;
#2618 = AXIS2_PLACEMENT_3D ( 'NONE', #1482, #2858, #1196 ) ;
#2619 = DIRECTION ( 'NONE',  ( 1.600416979220540672E-16, 1.000000000000000000, 8.692246401601097529E-17 ) ) ;
#2620 = LINE ( 'NONE', #2591, #2912 ) ;
#2621 = AXIS2_PLACEMENT_3D ( 'NONE', #586, #1648, #602 ) ;
#2622 = EDGE_CURVE ( 'NONE', #343, #112, #1710, .T. ) ;
#2623 = ORIENTED_EDGE ( 'NONE', *, *, #2728, .F. ) ;
#2624 = VECTOR ( 'NONE', #3390, 39.37007874015748143 ) ;
#2625 = DIRECTION ( 'NONE',  ( 0.000000000000000000, 1.000000000000000000, 8.692246401601097529E-17 ) ) ;
#2626 = ORIENTED_EDGE ( 'NONE', *, *, #894, .T. ) ;
#2627 = CARTESIAN_POINT ( 'NONE',  ( 0.5381591614252332345, -0.2724508234924613026, -0.4087680862873180887 ) ) ;
#2628 = VECTOR ( 'NONE', #2670, 39.37007874015748143 ) ;
#2629 = LINE ( 'NONE', #490, #779 ) ;
#2630 = CARTESIAN_POINT ( 'NONE',  ( -1.391545902943916557, -0.2750000000000001887, 0.5600000000000000533 ) ) ;
#2631 = ORIENTED_EDGE ( 'NONE', *, *, #2837, .T. ) ;
#2632 = VECTOR ( 'NONE', #2658, 39.37007874015748143 ) ;
#2633 = DIRECTION ( 'NONE',  ( -0.000000000000000000, 1.000000000000000000, -0.000000000000000000 ) ) ;
#2634 = DIRECTION ( 'NONE',  ( 0.000000000000000000, 0.000000000000000000, 1.000000000000000000 ) ) ;
#2635 = ORIENTED_EDGE ( 'NONE', *, *, #2718, .T. ) ;
#2636 = CARTESIAN_POINT ( 'NONE',  ( 0.5168601368011521702, 0.1853565717938838175, -0.2488050855702710062 ) ) ;
#2637 = CARTESIAN_POINT ( 'NONE',  ( 0.5175456179079590546, -0.4154999999999999805, -2.955020563952858392 ) ) ;
#2638 = ADVANCED_FACE ( 'NONE', ( #2856 ), #1516, .F. ) ;
#2639 = ADVANCED_FACE ( 'NONE', ( #2784 ), #3103, .T. ) ;
#2640 = MANIFOLD_SOLID_BREP ( 'Fillet7', #1735 ) ;
#2641 = DIRECTION ( 'NONE',  ( 1.600416979220540672E-16, -1.000000000000000000, 8.692246401601097529E-17 ) ) ;
#2642 = ORIENTED_EDGE ( 'NONE', *, *, #2762, .F. ) ;
#2643 = EDGE_LOOP ( 'NONE', ( #49, #1463, #762, #1932 ) ) ;
#2644 = CYLINDRICAL_SURFACE ( 'NONE', #3364, 0.2814999999999996949 ) ;
#2645 = CARTESIAN_POINT ( 'NONE',  ( -0.8531120060896512092, 0.4154999999999999805, 0.2952568438687595553 ) ) ;
#2646 = CARTESIAN_POINT ( 'NONE',  ( 0.1741005577657608605, 0.2750000000000001332, -2.650573950137034895 ) ) ;
#2647 = CARTESIAN_POINT ( 'NONE',  ( -0.9142730227309474600, -0.2750000000000000777, -0.2237551409882143905 ) ) ;
#2648 = DIRECTION ( 'NONE',  ( -0.000000000000000000, -1.000000000000000000, -0.000000000000000000 ) ) ;
#2649 = DIRECTION ( 'NONE',  ( -0.000000000000000000, 1.000000000000000000, -0.000000000000000000 ) ) ;
#2650 = DIRECTION ( 'NONE',  ( -0.000000000000000000, -1.000000000000000000, -0.000000000000000000 ) ) ;
#2651 = ORIENTED_EDGE ( 'NONE', *, *, #2149, .F. ) ;
#2652 = CARTESIAN_POINT ( 'NONE',  ( -0.4115513126241024944, 0.2750000000000000222, -0.5638971757935055118 ) ) ;
#2653 = CARTESIAN_POINT ( 'NONE',  ( 0.5175456179079590546, 0.4154999999999999805, -3.111520563952858254 ) ) ;
#2654 = CARTESIAN_POINT ( 'NONE',  ( 0.5116669757091963922, -0.1499999999999992173, -0.2098026595841995523 ) ) ;
#2655 = DIRECTION ( 'NONE',  ( 1.391121872869104226E-32, 8.692246401601097529E-17, -1.000000000000000000 ) ) ;
#2656 = EDGE_LOOP ( 'NONE', ( #1634, #718, #116, #2326, #957 ) ) ;
#2657 = VERTEX_POINT ( 'NONE', #1481 ) ;
#2658 = DIRECTION ( 'NONE',  ( 0.000000000000000000, 1.000000000000000000, 0.000000000000000000 ) ) ;
#2659 = EDGE_CURVE ( 'NONE', #724, #3208, #2722, .T. ) ;
#2660 = CARTESIAN_POINT ( 'NONE',  ( 0.000000000000000000, -0.2924999999999999822, 0.000000000000000000 ) ) ;
#2661 = CARTESIAN_POINT ( 'NONE',  ( -0.4992152161492817708, 0.1499999999999992728, 0.2946374333346002961 ) ) ;
#2662 = EDGE_CURVE ( 'NONE', #504, #3376, #2574, .T. ) ;
#2663 = CARTESIAN_POINT ( 'NONE',  ( -0.9211465990787121028, -0.4154999999999999805, -0.06563131491079049473 ) ) ;
#2664 = DIRECTION ( 'NONE',  ( -0.000000000000000000, -1.000000000000000000, -0.000000000000000000 ) ) ;
#2665 = CARTESIAN_POINT ( 'NONE',  ( -0.7031281906319325481, 0.2750000000000000222, 0.5105070313505869484 ) ) ;
#2666 = CIRCLE ( 'NONE', #2049, 0.5178653734296587707 ) ;
#2667 = VERTEX_POINT ( 'NONE', #2539 ) ;
#2668 = AXIS2_PLACEMENT_3D ( 'NONE', #977, #2032, #2047 ) ;
#2669 = DIRECTION ( 'NONE',  ( 1.600416979220540672E-16, 1.000000000000000000, 8.692246401601097529E-17 ) ) ;
#2670 = DIRECTION ( 'NONE',  ( -0.9551864231428950358, 1.261678694929809781E-16, 0.2960048936140786680 ) ) ;
#2671 = AXIS2_PLACEMENT_3D ( 'NONE', #3370, #739, #1221 ) ;
#2672 = AXIS2_PLACEMENT_3D ( 'NONE', #1383, #912, #2252 ) ;
#2673 = DIRECTION ( 'NONE',  ( 0.000000000000000000, -1.000000000000000000, 0.000000000000000000 ) ) ;
#2674 = ORIENTED_EDGE ( 'NONE', *, *, #1194, .F. ) ;
#2675 = ORIENTED_EDGE ( 'NONE', *, *, #1072, .T. ) ;
#2676 = FACE_OUTER_BOUND ( 'NONE', #86, .T. ) ;
#2677 = CIRCLE ( 'NONE', #316, 0.2814999999999996949 ) ;
#2678 = UNCERTAINTY_MEASURE_WITH_UNIT (LENGTH_MEASURE( 1.000000000000000082E-05 ), #2028, 'distance_accuracy_value', 'NONE');
#2679 = DIRECTION ( 'NONE',  ( 1.600416979220540672E-16, -1.000000000000000000, 8.692246401601097529E-17 ) ) ;
#2680 = EDGE_CURVE ( 'NONE', #3032, #1684, #1995, .T. ) ;
#2681 = CARTESIAN_POINT ( 'NONE',  ( -0.3003125998705146737, -0.1539517728095372573, -0.4957478591266954449 ) ) ;
#2682 = CARTESIAN_POINT ( 'NONE',  ( 0.5175456179079590546, -0.4154999999999999805, -2.955020563952858392 ) ) ;
#2683 = AXIS2_PLACEMENT_3D ( 'NONE', #1203, #949, #966 ) ;
#2684 = CARTESIAN_POINT ( 'NONE',  ( -0.6336666462488835805, 0.2749999999999999112, 0.2695797895826330670 ) ) ;
#2685 = EDGE_CURVE ( 'NONE', #112, #1041, #302, .T. ) ;
#2686 = AXIS2_PLACEMENT_3D ( 'NONE', #1023, #684, #415 ) ;
#2687 = DIRECTION ( 'NONE',  ( 0.9435448259684283689, 0.000000000000000000, -0.3312448662065695659 ) ) ;
#2688 = ORIENTED_EDGE ( 'NONE', *, *, #178, .F. ) ;
#2689 = CARTESIAN_POINT ( 'NONE',  ( -0.8531120060896512092, 0.2750000000000000777, 0.2952568438687595553 ) ) ;
#2690 = DIRECTION ( 'NONE',  ( -1.000000000000000000, 1.213076373740792607E-16, 0.000000000000000000 ) ) ;
#2691 = DIRECTION ( 'NONE',  ( 1.000000000000000000, 2.276539994720219842E-16, 0.000000000000000000 ) ) ;
#2692 = ORIENTED_EDGE ( 'NONE', *, *, #1909, .T. ) ;
#2693 = VERTEX_POINT ( 'NONE', #940 ) ;
#2694 = CARTESIAN_POINT ( 'NONE',  ( -0.4235130059828828286, -0.1500000000000000500, -0.5629893282854859793 ) ) ;
#2695 = EDGE_CURVE ( 'NONE', #371, #2667, #2014, .T. ) ;
#2696 = EDGE_CURVE ( 'NONE', #391, #2274, #2838, .T. ) ;
#2697 = DIRECTION ( 'NONE',  ( -1.000000000000000000, 2.276539994720212939E-16, 0.000000000000000000 ) ) ;
#2698 = CARTESIAN_POINT ( 'NONE',  ( 0.5434278096079476761, 0.2749999999999999112, -0.4483374462887394496 ) ) ;
#2699 = ADVANCED_BREP_SHAPE_REPRESENTATION ( 'Bellcrank_project', ( #2640, #2444 ), #932 ) ;
#2700 = DIRECTION ( 'NONE',  ( -0.000000000000000000, 1.000000000000000000, -0.000000000000000000 ) ) ;
#2701 = CARTESIAN_POINT ( 'NONE',  ( -0.8044449265882076539, -0.4154999999999999805, -0.8488753606778003391 ) ) ;
#2702 = CARTESIAN_POINT ( 'NONE',  ( 0.5282201337055527635, 0.2464805120425568596, -0.3341225695882836799 ) ) ;
#2703 = VERTEX_POINT ( 'NONE', #2305 ) ;
#2704 = EDGE_CURVE ( 'NONE', #376, #123, #230, .T. ) ;
#2705 = CARTESIAN_POINT ( 'NONE',  ( -0.3079056929623717465, 0.2517448763394871669, -0.4911626921382308275 ) ) ;
#2706 = DIRECTION ( 'NONE',  ( 1.600416979220540672E-16, 1.000000000000000000, 8.692246401601097529E-17 ) ) ;
#2707 = EDGE_CURVE ( 'NONE', #2782, #589, #735, .T. ) ;
#2708 = DIRECTION ( 'NONE',  ( -0.000000000000000000, -1.000000000000000000, -0.000000000000000000 ) ) ;
#2709 = ORIENTED_EDGE ( 'NONE', *, *, #51, .T. ) ;
#2710 = CARTESIAN_POINT ( 'NONE',  ( -0.6336666462488835805, -0.4154999999999999805, 0.2695797895826329560 ) ) ;
#2711 = DIRECTION ( 'NONE',  ( 0.000000000000000000, 0.000000000000000000, 1.000000000000000000 ) ) ;
#2712 = CARTESIAN_POINT ( 'NONE',  ( 0.6657779560113399331, -0.2750000000000000222, -2.503723074551017724 ) ) ;
#2713 = ORIENTED_EDGE ( 'NONE', *, *, #2469, .T. ) ;
#2714 = DIRECTION ( 'NONE',  ( -1.000000000000000000, 2.731847993664265191E-16, 0.000000000000000000 ) ) ;
#2715 = LINE ( 'NONE', #52, #939 ) ;
#2716 = CARTESIAN_POINT ( 'NONE',  ( 0.2393460200024918882, 0.2468108390607760272, -0.5279761094471520089 ) ) ;
#2717 = EDGE_LOOP ( 'NONE', ( #1316, #413, #1497, #364, #2846, #2836, #2267, #696, #508, #650, #188 ) ) ;
#2718 = EDGE_CURVE ( 'NONE', #1604, #1062, #2161, .T. ) ;
#2719 = CARTESIAN_POINT ( 'NONE',  ( 0.2817055503725376386, -0.4154999999999999805, -0.7557011531612913835 ) ) ;
#2720 = DIRECTION ( 'NONE',  ( -0.000000000000000000, -1.000000000000000000, -0.000000000000000000 ) ) ;
#2721 = CARTESIAN_POINT ( 'NONE',  ( 0.3286743232468246068, -0.2749999999465018163, -0.6130577013076045079 ) ) ;
#2722 = CIRCLE ( 'NONE', #1540, 0.1249999999999999861 ) ;
#2723 = ADVANCED_FACE ( 'NONE', ( #2872 ), #803, .F. ) ;
#2724 = ORIENTED_EDGE ( 'NONE', *, *, #860, .T. ) ;
#2725 = AXIS2_PLACEMENT_3D ( 'NONE', #1633, #5, #1294 ) ;
#2726 = DIRECTION ( 'NONE',  ( -0.000000000000000000, -1.000000000000000000, -0.000000000000000000 ) ) ;
#2727 = VECTOR ( 'NONE', #1424, 39.37007874015748143 ) ;
#2728 = EDGE_CURVE ( 'NONE', #1418, #1396, #3453, .T. ) ;
#2729 = ORIENTED_EDGE ( 'NONE', *, *, #1436, .F. ) ;
#2730 = VERTEX_POINT ( 'NONE', #2928 ) ;
#2731 = CIRCLE ( 'NONE', #2059, 0.1564999999999997504 ) ;
#2732 = DIRECTION ( 'NONE',  ( -0.000000000000000000, -1.000000000000000000, -0.000000000000000000 ) ) ;
#2733 = DIRECTION ( 'NONE',  ( 1.600416979220540672E-16, -1.000000000000000000, 8.692246401601097529E-17 ) ) ;
#2734 = EDGE_LOOP ( 'NONE', ( #3482, #1201, #1655, #359 ) ) ;
#2735 = AXIS2_PLACEMENT_3D ( 'NONE', #1595, #3480, #2142 ) ;
#2736 = AXIS2_PLACEMENT_3D ( 'NONE', #2660, #1289, #2362 ) ;
#2737 = CARTESIAN_POINT ( 'NONE',  ( 2.400625468830792027E-17, 0.1499999999999992173, 1.303836960240157203E-17 ) ) ;
#2738 = ORIENTED_EDGE ( 'NONE', *, *, #1979, .T. ) ;
#2739 = DIRECTION ( 'NONE',  ( 1.000000000000000000, 1.473170833511789972E-16, -1.776356839400250465E-15 ) ) ;
#2740 = CARTESIAN_POINT ( 'NONE',  ( -1.286020158370497324, 0.4154999999999999805, 0.9005239598504419796 ) ) ;
#2741 = CARTESIAN_POINT ( 'NONE',  ( 0.2024158294369318711, -0.2429768869597888070, -0.5429991546893588872 ) ) ;
#2742 = VECTOR ( 'NONE', #2720, 39.37007874015748143 ) ;
#2743 = EDGE_CURVE ( 'NONE', #418, #559, #1824, .T. ) ;
#2744 = ORIENTED_EDGE ( 'NONE', *, *, #3322, .F. ) ;
#2745 = CIRCLE ( 'NONE', #3086, 0.1499999999999999667 ) ;
#2746 = DIRECTION ( 'NONE',  ( 0.000000000000000000, 0.000000000000000000, -1.000000000000000000 ) ) ;
#2747 = AXIS2_PLACEMENT_3D ( 'NONE', #60, #3306, #901 ) ;
#2748 = AXIS2_PLACEMENT_3D ( 'NONE', #1324, #246, #2398 ) ;
#2749 = ORIENTED_EDGE ( 'NONE', *, *, #2435, .F. ) ;
#2750 = EDGE_LOOP ( 'NONE', ( #2814, #109, #3283, #2576 ) ) ;
#2751 = EDGE_CURVE ( 'NONE', #870, #418, #242, .T. ) ;
#2752 = AXIS2_PLACEMENT_3D ( 'NONE', #3, #2155, #1897 ) ;
#2753 = DIRECTION ( 'NONE',  ( 1.000000000000000000, 1.473170833511789972E-16, 1.776356839400250465E-15 ) ) ;
#2754 = CARTESIAN_POINT ( 'NONE',  ( 0.2460775700402391131, 0.1595833634175730098, -0.6601258058302912346 ) ) ;
#2755 = EDGE_LOOP ( 'NONE', ( #1929, #55, #1119, #408 ) ) ;
#2756 = DIRECTION ( 'NONE',  ( -1.595568550487269497E-16, -1.000000000000000000, -8.864269724929276077E-17 ) ) ;
#2757 = CARTESIAN_POINT ( 'NONE',  ( -0.5316192378543964647, 0.1511113479966844086, 0.2306539311243376855 ) ) ;
#2758 = EDGE_LOOP ( 'NONE', ( #1129, #2236, #3155, #2804 ) ) ;
#2759 = CARTESIAN_POINT ( 'NONE',  ( 0.5175456179079590546, 0.2750000000000001332, -2.955020563952858392 ) ) ;
#2760 = LINE ( 'NONE', #1138, #3303 ) ;
#2761 = DIRECTION ( 'NONE',  ( 0.4772728802129689307, -6.162975822039154730E-32, -0.8787551409882146114 ) ) ;
#2762 = EDGE_CURVE ( 'NONE', #1523, #2270, #1940, .T. ) ;
#2763 = ORIENTED_EDGE ( 'NONE', *, *, #3264, .F. ) ;
#2764 = CARTESIAN_POINT ( 'NONE',  ( 0.3794822376025093758, -0.4154999999999999805, -2.709702906580559567 ) ) ;
#2765 = ORIENTED_EDGE ( 'NONE', *, *, #2257, .F. ) ;
#2766 = ORIENTED_EDGE ( 'NONE', *, *, #8, .T. ) ;
#2767 = LINE ( 'NONE', #357, #826 ) ;
#2768 = DIRECTION ( 'NONE',  ( -1.000000000000000000, 1.365923996832132102E-16, 0.000000000000000000 ) ) ;
#2769 = VERTEX_POINT ( 'NONE', #3417 ) ;
#2770 = EDGE_CURVE ( 'NONE', #2589, #1079, #2942, .T. ) ;
#2771 = DIRECTION ( 'NONE',  ( 0.000000000000000000, 0.000000000000000000, 1.000000000000000000 ) ) ;
#2772 = LINE ( 'NONE', #910, #1772 ) ;
#2773 = ADVANCED_FACE ( 'NONE', ( #3470 ), #598, .F. ) ;
#2774 = ORIENTED_EDGE ( 'NONE', *, *, #2560, .T. ) ;
#2775 = DIRECTION ( 'NONE',  ( -0.000000000000000000, 1.000000000000000000, -0.000000000000000000 ) ) ;
#2776 = DIRECTION ( 'NONE',  ( 1.600416979220540672E-16, -1.000000000000000000, 8.692246401601097529E-17 ) ) ;
#2777 = DIRECTION ( 'NONE',  ( -1.600416979220540672E-16, -1.000000000000000000, -8.692246401601097529E-17 ) ) ;
#2778 = ORIENTED_EDGE ( 'NONE', *, *, #3029, .F. ) ;
#2779 = ORIENTED_EDGE ( 'NONE', *, *, #2876, .F. ) ;
#2780 = DIRECTION ( 'NONE',  ( 0.000000000000000000, 0.000000000000000000, 1.000000000000000000 ) ) ;
#2781 = ORIENTED_EDGE ( 'NONE', *, *, #1828, .T. ) ;
#2782 = VERTEX_POINT ( 'NONE', #259 ) ;
#2783 = AXIS2_PLACEMENT_3D ( 'NONE', #1222, #670, #2877 ) ;
#2784 = FACE_OUTER_BOUND ( 'NONE', #972, .T. ) ;
#2785 = FACE_BOUND ( 'NONE', #1689, .T. ) ;
#2786 = ORIENTED_EDGE ( 'NONE', *, *, #167, .T. ) ;
#2787 = LINE ( 'NONE', #88, #99 ) ;
#2788 = CIRCLE ( 'NONE', #1268, 0.1249999999999999029 ) ;
#2789 = AXIS2_PLACEMENT_3D ( 'NONE', #1216, #1782, #920 ) ;
#2790 = ADVANCED_FACE ( 'NONE', ( #3154 ), #1335, .F. ) ;
#2791 = DIRECTION ( 'NONE',  ( 0.000000000000000000, 0.000000000000000000, 1.000000000000000000 ) ) ;
#2792 = CIRCLE ( 'NONE', #3239, 0.2000000000000001776 ) ;
#2793 = CARTESIAN_POINT ( 'NONE',  ( -0.5333522264861775275, 0.2610268209137315276, 0.2266596783875786392 ) ) ;
#2794 = ORIENTED_EDGE ( 'NONE', *, *, #2662, .T. ) ;
#2795 = VECTOR ( 'NONE', #2633, 39.37007874015748143 ) ;
#2796 = DIRECTION ( 'NONE',  ( -1.600416979220540672E-16, 1.000000000000000000, -8.692246401601097529E-17 ) ) ;
#2797 = EDGE_CURVE ( 'NONE', #1373, #1146, #2162, .T. ) ;
#2798 = DIRECTION ( 'NONE',  ( -0.4772728802129689862, 0.000000000000000000, 0.8787551409882146114 ) ) ;
#2799 = CARTESIAN_POINT ( 'NONE',  ( 0.2293114616485691371, -0.2749999999999999112, -0.6151491717921733215 ) ) ;
#2800 = ORIENTED_EDGE ( 'NONE', *, *, #1459, .T. ) ;
#2801 = AXIS2_PLACEMENT_3D ( 'NONE', #1620, #522, #1364 ) ;
#2802 = DIRECTION ( 'NONE',  ( -0.6509951886434646173, 0.000000000000000000, -0.7590818561677389331 ) ) ;
#2803 = CIRCLE ( 'NONE', #328, 0.1499999999999999667 ) ;
#2804 = ORIENTED_EDGE ( 'NONE', *, *, #1115, .F. ) ;
#2805 = ORIENTED_EDGE ( 'NONE', *, *, #98, .T. ) ;
#2806 = AXIS2_PLACEMENT_3D ( 'NONE', #1421, #659, #2820 ) ;
#2807 = DIRECTION ( 'NONE',  ( 0.4772728802129689862, 0.000000000000000000, -0.8787551409882146114 ) ) ;
#2808 = DIRECTION ( 'NONE',  ( -0.000000000000000000, -1.000000000000000000, 0.000000000000000000 ) ) ;
#2809 = ORIENTED_EDGE ( 'NONE', *, *, #843, .F. ) ;
#2810 = CARTESIAN_POINT ( 'NONE',  ( -0.7582311740451548321, -0.4154999999999999805, -0.6541068234793239178 ) ) ;
#2811 = B_SPLINE_CURVE_WITH_KNOTS ( 'NONE', 3,
 ( #1596, #1329, #2381, #3215 ),
 .UNSPECIFIED., .F., .F.,
 ( 4, 4 ),
 ( 0.000000000000000000, 0.001056075339374804153 ),
 .UNSPECIFIED. ) ;
#2812 = CARTESIAN_POINT ( 'NONE',  ( -0.7031281906319325481, -0.4154999999999999805, 0.5105070313505869484 ) ) ;
#2813 = CARTESIAN_POINT ( 'NONE',  ( -0.4627043295926986377, 0.2750000000000000777, -1.079369600130906770 ) ) ;
#2814 = ORIENTED_EDGE ( 'NONE', *, *, #2662, .F. ) ;
#2815 = PLANE ( 'NONE',  #446 ) ;
#2816 = ORIENTED_EDGE ( 'NONE', *, *, #2616, .F. ) ;
#2817 = EDGE_CURVE ( 'NONE', #2261, #376, #1262, .T. ) ;
#2818 = ORIENTED_EDGE ( 'NONE', *, *, #1173, .T. ) ;
#2819 = CARTESIAN_POINT ( 'NONE',  ( -0.2732599266056688347, -0.2619836781529649716, 0.5866773877082932520 ) ) ;
#2820 = DIRECTION ( 'NONE',  ( 6.829619984160657060E-16, 0.000000000000000000, 1.000000000000000000 ) ) ;
#2821 = EDGE_CURVE ( 'NONE', #952, #1062, #874, .T. ) ;
#2822 = ORIENTED_EDGE ( 'NONE', *, *, #856, .T. ) ;
#2823 = VERTEX_POINT ( 'NONE', #208 ) ;
#2824 = FACE_OUTER_BOUND ( 'NONE', #2755, .T. ) ;
#2825 = CARTESIAN_POINT ( 'NONE',  ( -0.7791107826861316532, 0.2750000000000000222, 0.5340534496544833143 ) ) ;
#2826 = CYLINDRICAL_SURFACE ( 'NONE', #2668, 0.5795000000000000151 ) ;
#2827 = ORIENTED_EDGE ( 'NONE', *, *, #1926, .T. ) ;
#2828 = CARTESIAN_POINT ( 'NONE',  ( -0.7582311740451548321, 0.2750000000000000777, -0.6541068234793239178 ) ) ;
#2829 = CARTESIAN_POINT ( 'NONE',  ( -0.4916009466856623988, 0.2750000000000000777, 0.3068366979645031356 ) ) ;
#2830 = FACE_OUTER_BOUND ( 'NONE', #2188, .T. ) ;
#2831 = ORIENTED_EDGE ( 'NONE', *, *, #3080, .T. ) ;
#2832 = DIRECTION ( 'NONE',  ( 1.000000000000000000, 1.454141941269125039E-16, 0.000000000000000000 ) ) ;
#2833 = DIRECTION ( 'NONE',  ( 1.600416979220540919E-16, 1.000000000000000000, 8.692246401601098762E-17 ) ) ;
#2834 = EDGE_CURVE ( 'NONE', #952, #280, #2953, .T. ) ;
#2835 = B_SPLINE_CURVE_WITH_KNOTS ( 'NONE', 3,
 ( #131, #3379, #3134, #426 ),
 .UNSPECIFIED., .F., .F.,
 ( 4, 4 ),
 ( 0.000000000000000000, 0.003336063884538004263 ),
 .UNSPECIFIED. ) ;
#2836 = ORIENTED_EDGE ( 'NONE', *, *, #429, .T. ) ;
#2837 = EDGE_CURVE ( 'NONE', #224, #3418, #2839, .T. ) ;
#2838 = LINE ( 'NONE', #155, #2889 ) ;
#2839 = CIRCLE ( 'NONE', #76, 0.1500000000000000500 ) ;
#2840 = DIRECTION ( 'NONE',  ( 0.000000000000000000, -0.000000000000000000, 1.000000000000000000 ) ) ;
#2841 = ORIENTED_EDGE ( 'NONE', *, *, #98, .F. ) ;
#2842 = CARTESIAN_POINT ( 'NONE',  ( 0.3577127155826275717, 0.2750000000000001887, -3.591953280584710750 ) ) ;
#2843 = AXIS2_PLACEMENT_3D ( 'NONE', #723, #1200, #1734 ) ;
#2844 = CARTESIAN_POINT ( 'NONE',  ( -0.3117110642948569543, 0.2722861136247403113, 0.5985930982389964239 ) ) ;
#2845 = CARTESIAN_POINT ( 'NONE',  ( 0.3395189715325500623, 0.2749999999999999112, -0.6172901408328822503 ) ) ;
#2846 = ORIENTED_EDGE ( 'NONE', *, *, #1954, .T. ) ;
#2847 = CIRCLE ( 'NONE', #83, 0.3564999999999998725 ) ;
#2848 = FACE_OUTER_BOUND ( 'NONE', #2029, .T. ) ;
#2849 = CARTESIAN_POINT ( 'NONE',  ( -0.5257819936126725269, -0.1517471723558150853, 0.2437724021759970217 ) ) ;
#2850 = ORIENTED_EDGE ( 'NONE', *, *, #2577, .T. ) ;
#2851 = AXIS2_PLACEMENT_3D ( 'NONE', #2737, #1984, #2210 ) ;
#2852 = CARTESIAN_POINT ( 'NONE',  ( -0.4235130059828828286, -0.2750000000000000222, -0.5629893282854859793 ) ) ;
#2853 = CARTESIAN_POINT ( 'NONE',  ( -0.9142730227309474600, 0.4154999999999999805, -0.3187551409882143361 ) ) ;
#2854 = ORIENTED_EDGE ( 'NONE', *, *, #3176, .T. ) ;
#2855 = AXIS2_PLACEMENT_3D ( 'NONE', #1976, #3008, #1938 ) ;
#2856 = FACE_OUTER_BOUND ( 'NONE', #2054, .T. ) ;
#2857 = VECTOR ( 'NONE', #3043, 39.37007874015748143 ) ;
#2858 = DIRECTION ( 'NONE',  ( 1.600416979220540672E-16, -1.000000000000000000, 8.692246401601097529E-17 ) ) ;
#2859 = VERTEX_POINT ( 'NONE', #222 ) ;
#2860 = ADVANCED_FACE ( 'NONE', ( #3449, #3188 ), #1586, .T. ) ;
#2861 = CARTESIAN_POINT ( 'NONE',  ( -0.4627043295926986377, -0.4154999999999999805, -0.5615042267012479993 ) ) ;
#2862 = LINE ( 'NONE', #3125, #132 ) ;
#2863 = CIRCLE ( 'NONE', #272, 0.5178653734296587707 ) ;
#2864 = ORIENTED_EDGE ( 'NONE', *, *, #2224, .T. ) ;
#2865 = EDGE_CURVE ( 'NONE', #2383, #1381, #2220, .T. ) ;
#2866 = CARTESIAN_POINT ( 'NONE',  ( -0.6016492100823876976, 0.2749999999735115441, 0.3309352379500360430 ) ) ;
#2867 = DIRECTION ( 'NONE',  ( -1.000000000000000000, 0.000000000000000000, 0.000000000000000000 ) ) ;
#2868 = ORIENTED_EDGE ( 'NONE', *, *, #1521, .T. ) ;
#2869 = CARTESIAN_POINT ( 'NONE',  ( 0.5175456179079590546, 0.4154999999999999805, -2.798520563952858531 ) ) ;
#2870 = CARTESIAN_POINT ( 'NONE',  ( -0.5371419163893594861, -0.1504431588559628219, 0.2179250687140577847 ) ) ;
#2871 = ORIENTED_EDGE ( 'NONE', *, *, #2821, .T. ) ;
#2872 = FACE_OUTER_BOUND ( 'NONE', #2758, .T. ) ;
#2873 = ORIENTED_EDGE ( 'NONE', *, *, #450, .T. ) ;
#2874 = LINE ( 'NONE', #2608, #3422 ) ;
#2875 = CARTESIAN_POINT ( 'NONE',  ( -0.4627043295926986377, -0.2750000000000000777, -1.079369600130906770 ) ) ;
#2876 = EDGE_CURVE ( 'NONE', #2191, #1381, #2666, .T. ) ;
#2877 = DIRECTION ( 'NONE',  ( -0.1319848649109001959, 0.000000000000000000, 0.9912517316173784510 ) ) ;
#2878 = EDGE_LOOP ( 'NONE', ( #1439, #1040, #749, #1672 ) ) ;
#2879 = CARTESIAN_POINT ( 'NONE',  ( -0.4916009466856629539, 0.1499999999999992728, 0.3068366979645035797 ) ) ;
#2880 = CARTESIAN_POINT ( 'NONE',  ( -0.4627043295926986377, 0.4154999999999999805, -1.079369600130906770 ) ) ;
#2881 = ADVANCED_FACE ( 'NONE', ( #3462 ), #2157, .F. ) ;
#2882 = ORIENTED_EDGE ( 'NONE', *, *, #1194, .T. ) ;
#2883 = CARTESIAN_POINT ( 'NONE',  ( -0.1791955969053269371, -0.1898237616067027789, 0.5575275785912263693 ) ) ;
#2884 = CARTESIAN_POINT ( 'NONE',  ( 0.2158133938791699791, 0.1595833634175730376, -0.5380048943933892769 ) ) ;
#2885 = ORIENTED_EDGE ( 'NONE', *, *, #3484, .T. ) ;
#2886 = CARTESIAN_POINT ( 'NONE',  ( 0.3395189715325500068, -0.1499999999999999112, -0.6172901408328822503 ) ) ;
#2887 = ORIENTED_EDGE ( 'NONE', *, *, #1462, .T. ) ;
#2888 = CARTESIAN_POINT ( 'NONE',  ( 0.5343270210041597412, -0.2652680691827998816, -0.3799873936620372650 ) ) ;
#2889 = VECTOR ( 'NONE', #1237, 39.37007874015748854 ) ;
#2890 = EDGE_CURVE ( 'NONE', #2368, #3027, #3481, .T. ) ;
#2891 = DIRECTION ( 'NONE',  ( 1.600416979220540672E-16, 1.000000000000000000, 8.692246401601097529E-17 ) ) ;
#2892 = DIRECTION ( 'NONE',  ( 1.000000000000000000, 2.731847993664265191E-16, 0.000000000000000000 ) ) ;
#2893 = ORIENTED_EDGE ( 'NONE', *, *, #1566, .T. ) ;
#2894 = CIRCLE ( 'NONE', #307, 0.2500000000000000000 ) ;
#2895 = ADVANCED_FACE ( 'NONE', ( #3164 ), #655, .F. ) ;
#2896 = CIRCLE ( 'NONE', #1386, 0.4064999999999999725 ) ;
#2897 = DIRECTION ( 'NONE',  ( 0.000000000000000000, 0.000000000000000000, 1.000000000000000000 ) ) ;
#2898 = CARTESIAN_POINT ( 'NONE',  ( -2.121735207094348930, 0.2750000000000003553, -1.465557220608189049 ) ) ;
#2899 = DIRECTION ( 'NONE',  ( -0.000000000000000000, 1.000000000000000000, -0.000000000000000000 ) ) ;
#2900 = VERTEX_POINT ( 'NONE', #1085 ) ;
#2901 = AXIS2_PLACEMENT_3D ( 'NONE', #3273, #1144, #2697 ) ;
#2902 = EDGE_CURVE ( 'NONE', #978, #1041, #2811, .T. ) ;
#2903 = LINE ( 'NONE', #3183, #196 ) ;
#2904 = CARTESIAN_POINT ( 'NONE',  ( -0.5385431610557377402, -0.2648177741200333224, 0.2144289810869111357 ) ) ;
#2905 = TOROIDAL_SURFACE ( 'NONE', #3467, 0.2750000000000000222, 0.1250000000000000000 ) ;
#2906 = ORIENTED_EDGE ( 'NONE', *, *, #226, .T. ) ;
#2907 = CIRCLE ( 'NONE', #309, 0.2814999999999996949 ) ;
#2908 = DIRECTION ( 'NONE',  ( -1.000000000000000000, 1.454141941269125039E-16, 0.000000000000000000 ) ) ;
#2909 = EDGE_LOOP ( 'NONE', ( #2487, #2749, #1423, #1919 ) ) ;
#2910 = ORIENTED_EDGE ( 'NONE', *, *, #1392, .T. ) ;
#2911 = DIRECTION ( 'NONE',  ( 0.000000000000000000, 0.000000000000000000, 1.000000000000000000 ) ) ;
#2912 = VECTOR ( 'NONE', #170, 39.37007874015748143 ) ;
#2913 = DIRECTION ( 'NONE',  ( -0.000000000000000000, -1.000000000000000000, -0.000000000000000000 ) ) ;
#2914 = CARTESIAN_POINT ( 'NONE',  ( -0.3349012798260119217, -0.2633439602671134305, -0.4730901595340667454 ) ) ;
#2915 = ORIENTED_EDGE ( 'NONE', *, *, #649, .F. ) ;
#2916 = VECTOR ( 'NONE', #2374, 39.37007874015748143 ) ;
#2917 = CIRCLE ( 'NONE', #844, 0.7045000000000001261 ) ;
#2918 = DIRECTION ( 'NONE',  ( 0.000000000000000000, -1.000000000000000000, 0.000000000000000000 ) ) ;
#2919 = LINE ( 'NONE', #1327, #1443 ) ;
#2920 = LINE ( 'NONE', #1345, #1095 ) ;
#2921 = ORIENTED_EDGE ( 'NONE', *, *, #894, .F. ) ;
#2922 = VECTOR ( 'NONE', #2307, 39.37007874015748143 ) ;
#2923 = CARTESIAN_POINT ( 'NONE',  ( -0.2495067682666037012, 0.1591248884041968625, -0.5231636268661929989 ) ) ;
#2924 = CARTESIAN_POINT ( 'NONE',  ( 0.5175456179079590546, 0.2750000000000001887, -2.955020563952858392 ) ) ;
#2925 = ADVANCED_FACE ( 'NONE', ( #287 ), #2088, .F. ) ;
#2926 = DIRECTION ( 'NONE',  ( -0.000000000000000000, 1.000000000000000000, -0.000000000000000000 ) ) ;
#2927 = EDGE_CURVE ( 'NONE', #1536, #1015, #368, .T. ) ;
#2928 = CARTESIAN_POINT ( 'NONE',  ( -0.7791107826861316532, -0.4154999999999999805, 0.5340534496544833143 ) ) ;
#2929 = ORIENTED_EDGE ( 'NONE', *, *, #2902, .F. ) ;
#2930 = ORIENTED_EDGE ( 'NONE', *, *, #117, .F. ) ;
#2931 = DIRECTION ( 'NONE',  ( 0.8787551409882146114, -0.000000000000000000, 0.4772728802129689862 ) ) ;
#2932 = DIRECTION ( 'NONE',  ( 0.000000000000000000, 0.000000000000000000, 1.000000000000000000 ) ) ;
#2933 = DIRECTION ( 'NONE',  ( 1.600416979220540672E-16, -1.000000000000000000, 8.692246401601097529E-17 ) ) ;
#2934 = CARTESIAN_POINT ( 'NONE',  ( 0.5175456179079590546, 0.2750000000000001332, -2.955020563952858392 ) ) ;
#2935 = DIRECTION ( 'NONE',  ( -1.000000000000000000, 1.318802208946746593E-16, 0.000000000000000000 ) ) ;
#2936 = DIRECTION ( 'NONE',  ( 1.776356839400250465E-15, 0.000000000000000000, 1.000000000000000000 ) ) ;
#2937 = ORIENTED_EDGE ( 'NONE', *, *, #585, .T. ) ;
#2938 = CARTESIAN_POINT ( 'NONE',  ( 0.000000000000000000, -0.2924999999999999267, -0.2795000000000000262 ) ) ;
#2939 = DIRECTION ( 'NONE',  ( -1.600416979220540672E-16, -1.000000000000000000, -8.692246401601097529E-17 ) ) ;
#2940 = EDGE_CURVE ( 'NONE', #404, #1664, #1823, .T. ) ;
#2941 = DIRECTION ( 'NONE',  ( -0.4772728802129689307, 0.000000000000000000, 0.8787551409882146114 ) ) ;
#2942 = LINE ( 'NONE', #3432, #1600 ) ;
#2943 = EDGE_LOOP ( 'NONE', ( #2534, #2219, #352, #2166 ) ) ;
#2944 = EDGE_LOOP ( 'NONE', ( #690, #1846, #2464 ) ) ;
#2945 = CARTESIAN_POINT ( 'NONE',  ( 0.5175456179079590546, 0.4154999999999999805, -2.955020563952858392 ) ) ;
#2946 = ADVANCED_FACE ( 'NONE', ( #2971 ), #2143, .F. ) ;
#2947 = LINE ( 'NONE', #1817, #2055 ) ;
#2948 = CARTESIAN_POINT ( 'NONE',  ( -0.5195726875435463521, 0.1519457642083814064, 0.2567411063651663383 ) ) ;
#2949 = CARTESIAN_POINT ( 'NONE',  ( -1.391545902943916557, 0.4154999999999999805, 0.4350000000000001643 ) ) ;
#2950 = DIRECTION ( 'NONE',  ( 1.600416979220540672E-16, -1.000000000000000000, 8.692246401601097529E-17 ) ) ;
#2951 = DIRECTION ( 'NONE',  ( 0.6509951886434646173, 1.701676406575350820E-16, 0.7590818561677389331 ) ) ;
#2952 = DIRECTION ( 'NONE',  ( -0.000000000000000000, -1.000000000000000000, -0.000000000000000000 ) ) ;
#2953 = CIRCLE ( 'NONE', #2382, 0.7045000000000001261 ) ;
#2954 = VERTEX_POINT ( 'NONE', #2419 ) ;
#2955 = VECTOR ( 'NONE', #3016, 39.37007874015748143 ) ;
#2956 = CARTESIAN_POINT ( 'NONE',  ( -0.3003125998705146737, 0.1539517728095374516, -0.4957478591266955004 ) ) ;
#2957 = CARTESIAN_POINT ( 'NONE',  ( -0.9142730227309474600, 0.4154999999999999805, -0.4137551409882142539 ) ) ;
#2958 = AXIS2_PLACEMENT_3D ( 'NONE', #361, #1966, #3039 ) ;
#2959 = CARTESIAN_POINT ( 'NONE',  ( -0.7791107826861316532, -0.4154999999999999805, 0.5340534496544833143 ) ) ;
#2960 = AXIS2_PLACEMENT_3D ( 'NONE', #1988, #3319, #1175 ) ;
#2961 = EDGE_LOOP ( 'NONE', ( #62, #340, #2513, #2258, #915 ) ) ;
#2962 = ORIENTED_EDGE ( 'NONE', *, *, #3206, .T. ) ;
#2963 = DIRECTION ( 'NONE',  ( 0.000000000000000000, 0.000000000000000000, -1.000000000000000000 ) ) ;
#2964 = PRODUCT_DEFINITION_CONTEXT ( 'detailed design', #2402, 'design' ) ;
#2965 = CARTESIAN_POINT ( 'NONE',  ( 0.3794822376025093758, -0.4154999999999999805, -2.709702906580559567 ) ) ;
#2966 = CARTESIAN_POINT ( 'NONE',  ( -1.178638338124658347, -0.4154999999999999805, 0.2822044477628675718 ) ) ;
#2967 = ADVANCED_FACE ( 'NONE', ( #2105 ), #1360, .T. ) ;
#2968 = CIRCLE ( 'NONE', #3083, 0.2814999999999996949 ) ;
#2969 = DIRECTION ( 'NONE',  ( 0.000000000000000000, 0.000000000000000000, 1.000000000000000000 ) ) ;
#2970 = CARTESIAN_POINT ( 'NONE',  ( -0.8531120060896512092, -0.4154999999999999805, 0.2952568438687595553 ) ) ;
#2971 = FACE_OUTER_BOUND ( 'NONE', #2750, .T. ) ;
#2972 = EDGE_CURVE ( 'NONE', #2152, #1061, #2920, .T. ) ;
#2973 = ORIENTED_EDGE ( 'NONE', *, *, #1636, .T. ) ;
#2974 = CARTESIAN_POINT ( 'NONE',  ( -0.2527348612701393327, 0.2434445575170562093, -0.5216534292287299257 ) ) ;
#2975 = FACE_OUTER_BOUND ( 'NONE', #1162, .T. ) ;
#2976 = CIRCLE ( 'NONE', #948, 0.3564999999999993174 ) ;
#2977 = ORIENTED_EDGE ( 'NONE', *, *, #2466, .F. ) ;
#2978 = CARTESIAN_POINT ( 'NONE',  ( 0.5170901962687332043, -0.4154999999999999805, -2.523520804287652908 ) ) ;
#2979 = DIRECTION ( 'NONE',  ( -0.4819289872711852163, 0.000000000000000000, 0.8762102779742826364 ) ) ;
#2980 = DIRECTION ( 'NONE',  ( -1.000000000000000000, 1.915741931040860246E-16, 0.000000000000000000 ) ) ;
#2981 = EDGE_CURVE ( 'NONE', #3041, #597, #2894, .T. ) ;
#2982 = CARTESIAN_POINT ( 'NONE',  ( 0.3629792159665914397, 0.1499999999999992173, -0.2296003893208343472 ) ) ;
#2983 = FACE_OUTER_BOUND ( 'NONE', #1794, .T. ) ;
#2984 = LINE ( 'NONE', #636, #928 ) ;
#2985 = VERTEX_POINT ( 'NONE', #1616 ) ;
#2986 = CARTESIAN_POINT ( 'NONE',  ( -0.2586634443167200592, -0.4154999999999999805, -0.6033949557082916026 ) ) ;
#2987 = EDGE_CURVE ( 'NONE', #2212, #3045, #2108, .T. ) ;
#2988 = CARTESIAN_POINT ( 'NONE',  ( 0.2817055503725376386, -0.2749999999999999112, -0.7557011531612913835 ) ) ;
#2989 = CARTESIAN_POINT ( 'NONE',  ( 0.5175456179079590546, -0.2750000000000001332, -2.955020563952858392 ) ) ;
#2990 = ORIENTED_EDGE ( 'NONE', *, *, #1651, .T. ) ;
#2991 = DIRECTION ( 'NONE',  ( -0.4772728802129689862, 0.000000000000000000, 0.8787551409882146114 ) ) ;
#2992 = ORIENTED_EDGE ( 'NONE', *, *, #2577, .F. ) ;
#2993 = ORIENTED_EDGE ( 'NONE', *, *, #1022, .T. ) ;
#2994 = DIRECTION ( 'NONE',  ( -0.9551864231428950358, 0.000000000000000000, 0.2960048936140786680 ) ) ;
#2995 = CYLINDRICAL_SURFACE ( 'NONE', #135, 0.1249999999999999029 ) ;
#2996 = ORIENTED_EDGE ( 'NONE', *, *, #1933, .F. ) ;
#2997 = CARTESIAN_POINT ( 'NONE',  ( 0.3629792159665913287, -0.1499999999999992173, -0.2296003893208343472 ) ) ;
#2998 = CARTESIAN_POINT ( 'NONE',  ( 0.2532994699844273168, 0.2750000001477844735, -0.6079548386218235345 ) ) ;
#2999 = ORIENTED_EDGE ( 'NONE', *, *, #565, .T. ) ;
#3000 = CARTESIAN_POINT ( 'NONE',  ( -1.391545902943916557, 0.4154999999999999805, 0.6849999999999999423 ) ) ;
#3001 = DIRECTION ( 'NONE',  ( 0.000000000000000000, 0.000000000000000000, 1.000000000000000000 ) ) ;
#3002 = DIRECTION ( 'NONE',  ( -0.000000000000000000, -1.000000000000000000, -0.000000000000000000 ) ) ;
#3003 = AXIS2_PLACEMENT_3D ( 'NONE', #990, #2371, #1020 ) ;
#3004 = EDGE_CURVE ( 'NONE', #2383, #978, #877, .T. ) ;
#3005 = VERTEX_POINT ( 'NONE', #2665 ) ;
#3006 = PRODUCT_RELATED_PRODUCT_CATEGORY ( 'part', '', ( #2399 ) ) ;
#3007 = AXIS2_PLACEMENT_3D ( 'NONE', #1241, #417, #122 ) ;
#3008 = DIRECTION ( 'NONE',  ( 0.000000000000000000, 1.000000000000000000, 0.000000000000000000 ) ) ;
#3009 = CIRCLE ( 'NONE', #2287, 0.1250000000000000000 ) ;
#3010 = AXIS2_PLACEMENT_3D ( 'NONE', #3274, #664, #2556 ) ;
#3011 = VERTEX_POINT ( 'NONE', #273 ) ;
#3012 = VERTEX_POINT ( 'NONE', #2702 ) ;
#3013 = CIRCLE ( 'NONE', #993, 0.1499999999999999667 ) ;
#3014 = CARTESIAN_POINT ( 'NONE',  ( 0.5134207836152709925, -0.1621301645699919913, -0.2229743601802809949 ) ) ;
#3015 = DIRECTION ( 'NONE',  ( 0.000000000000000000, 0.000000000000000000, 1.000000000000000000 ) ) ;
#3016 = DIRECTION ( 'NONE',  ( 0.6509951886434646173, 1.701676406575350820E-16, 0.7590818561677389331 ) ) ;
#3017 = ORIENTED_EDGE ( 'NONE', *, *, #64, .T. ) ;
#3018 = VECTOR ( 'NONE', #2951, 39.37007874015748143 ) ;
#3019 = AXIS2_PLACEMENT_3D ( 'NONE', #1133, #1169, #895 ) ;
#3020 = CARTESIAN_POINT ( 'NONE',  ( -0.9211465990787121028, 0.2749999999999999112, -0.06563131491079049473 ) ) ;
#3021 = CARTESIAN_POINT ( 'NONE',  ( -0.6441589689358312443, 0.2750000000000071276, 0.2573453953511460890 ) ) ;
#3022 = ORIENTED_EDGE ( 'NONE', *, *, #362, .T. ) ;
#3023 = DIRECTION ( 'NONE',  ( 0.000000000000000000, 0.000000000000000000, 1.000000000000000000 ) ) ;
#3024 = DIRECTION ( 'NONE',  ( 0.6011540184285061317, 0.000000000000000000, 0.7991331842235432914 ) ) ;
#3025 = CARTESIAN_POINT ( 'NONE',  ( 0.2477525887900463852, -0.1535363132127618435, -0.5239166629462422842 ) ) ;
#3026 = AXIS2_PLACEMENT_3D ( 'NONE', #255, #2706, #2182 ) ;
#3027 = VERTEX_POINT ( 'NONE', #519 ) ;
#3028 = FACE_OUTER_BOUND ( 'NONE', #1825, .T. ) ;
#3029 = EDGE_CURVE ( 'NONE', #981, #858, #1491, .T. ) ;
#3030 = ADVANCED_FACE ( 'NONE', ( #532 ), #547, .F. ) ;
#3031 = ORIENTED_EDGE ( 'NONE', *, *, #3350, .F. ) ;
#3032 = VERTEX_POINT ( 'NONE', #2455 ) ;
#3033 = EDGE_CURVE ( 'NONE', #853, #656, #2772, .T. ) ;
#3034 = EDGE_CURVE ( 'NONE', #1763, #756, #3458, .T. ) ;
#3035 = VECTOR ( 'NONE', #1029, 39.37007874015748143 ) ;
#3036 = CARTESIAN_POINT ( 'NONE',  ( 0.3059138289139928801, 0.4154999999999999805, -2.578983018105089453 ) ) ;
#3037 = CARTESIAN_POINT ( 'NONE',  ( 0.5381591614252333455, 0.2724508234924613026, -0.4087680862873183107 ) ) ;
#3038 = ORIENTED_EDGE ( 'NONE', *, *, #1636, .F. ) ;
#3039 = DIRECTION ( 'NONE',  ( 1.000000000000000000, 2.276539994720219349E-16, 0.000000000000000000 ) ) ;
#3040 = CARTESIAN_POINT ( 'NONE',  ( 0.2154905432010392752, 0.1590492334532547236, -0.5379901787145691117 ) ) ;
#3041 = VERTEX_POINT ( 'NONE', #619 ) ;
#3042 = CARTESIAN_POINT ( 'NONE',  ( 2.553999244146052683E-17, 0.1595833634175723992, 1.387137916421795219E-17 ) ) ;
#3043 = DIRECTION ( 'NONE',  ( -0.000000000000000000, -1.000000000000000000, -0.000000000000000000 ) ) ;
#3044 = FACE_OUTER_BOUND ( 'NONE', #3423, .T. ) ;
#3045 = VERTEX_POINT ( 'NONE', #2195 ) ;
#3046 = EDGE_CURVE ( 'NONE', #1011, #3337, #2984, .T. ) ;
#3047 = CARTESIAN_POINT ( 'NONE',  ( 0.000000000000000000, -0.4154999999999999805, 0.000000000000000000 ) ) ;
#3048 = ORIENTED_EDGE ( 'NONE', *, *, #73, .T. ) ;
#3049 = EDGE_LOOP ( 'NONE', ( #1709, #526, #2868, #2187, #324, #2850, #2675, #1748, #2356, #1172 ) ) ;
#3050 = EDGE_CURVE ( 'NONE', #1247, #3147, #3251, .T. ) ;
#3051 = DIRECTION ( 'NONE',  ( 0.000000000000000000, 1.000000000000000000, 0.000000000000000000 ) ) ;
#3052 = ORIENTED_EDGE ( 'NONE', *, *, #2104, .F. ) ;
#3053 = EDGE_CURVE ( 'NONE', #1132, #30, #3284, .T. ) ;
#3054 = CARTESIAN_POINT ( 'NONE',  ( -1.391545902943916557, -0.4154999999999999805, 0.5600000000000000533 ) ) ;
#3055 = FACE_OUTER_BOUND ( 'NONE', #2878, .T. ) ;
#3056 = ORIENTED_EDGE ( 'NONE', *, *, #455, .F. ) ;
#3057 = LINE ( 'NONE', #1363, #1440 ) ;
#3058 = CARTESIAN_POINT ( 'NONE',  ( 0.3794822376025093758, 0.4154999999999999805, -2.709702906580559567 ) ) ;
#3059 = CARTESIAN_POINT ( 'NONE',  ( 0.4753052053105329411, -0.4154999999999999805, 0.06328674272477667617 ) ) ;
#3060 = ORIENTED_EDGE ( 'NONE', *, *, #944, .F. ) ;
#3061 = AXIS2_PLACEMENT_3D ( 'NONE', #716, #1746, #1499 ) ;
#3062 = DIRECTION ( 'NONE',  ( -0.000000000000000000, -1.000000000000000000, -0.000000000000000000 ) ) ;
#3063 = ORIENTED_EDGE ( 'NONE', *, *, #392, .T. ) ;
#3064 = VECTOR ( 'NONE', #2899, 39.37007874015748143 ) ;
#3065 = VERTEX_POINT ( 'NONE', #1431 ) ;
#3066 = FILL_AREA_STYLE_COLOUR ( '', #651 ) ;
#3067 = FACE_BOUND ( 'NONE', #680, .T. ) ;
#3068 = EDGE_LOOP ( 'NONE', ( #929, #2564, #240, #2351 ) ) ;
#3069 = DIRECTION ( 'NONE',  ( 1.000000000000000000, 1.365923996832131609E-16, 0.000000000000000000 ) ) ;
#3070 = CIRCLE ( 'NONE', #2003, 0.09499999999999994560 ) ;
#3071 = AXIS2_PLACEMENT_3D ( 'NONE', #1658, #1166, #2768 ) ;
#3072 = CYLINDRICAL_SURFACE ( 'NONE', #1502, 0.1249999999999999029 ) ;
#3073 = AXIS2_PLACEMENT_3D ( 'NONE', #3249, #1915, #845 ) ;
#3074 = ADVANCED_FACE ( 'NONE', ( #1135 ), #1019, .F. ) ;
#3075 = FACE_OUTER_BOUND ( 'NONE', #3068, .T. ) ;
#3076 = ORIENTED_EDGE ( 'NONE', *, *, #3483, .F. ) ;
#3077 = AXIS2_PLACEMENT_3D ( 'NONE', #726, #1793, #2867 ) ;
#3078 = CARTESIAN_POINT ( 'NONE',  ( -0.5976408402761856919, 0.2749999999999999112, 0.3730223532631454786 ) ) ;
#3079 = DIRECTION ( 'NONE',  ( -0.000000000000000000, 1.000000000000000000, -0.000000000000000000 ) ) ;
#3080 = EDGE_CURVE ( 'NONE', #848, #2900, #1412, .T. ) ;
#3081 = ORIENTED_EDGE ( 'NONE', *, *, #1888, .T. ) ;
#3082 = ORIENTED_EDGE ( 'NONE', *, *, #1429, .T. ) ;
#3083 = AXIS2_PLACEMENT_3D ( 'NONE', #2637, #220, #2110 ) ;
#3084 = CARTESIAN_POINT ( 'NONE',  ( -0.2206103241907970969, -0.2339180451843053121, 0.5703616826437685194 ) ) ;
#3085 = DIRECTION ( 'NONE',  ( 1.000000000000000000, 2.731847993664265191E-16, 0.000000000000000000 ) ) ;
#3086 = AXIS2_PLACEMENT_3D ( 'NONE', #576, #1037, #278 ) ;
#3087 = ORIENTED_EDGE ( 'NONE', *, *, #2424, .T. ) ;
#3088 = AXIS2_PLACEMENT_3D ( 'NONE', #2202, #3062, #2746 ) ;
#3089 = AXIS2_PLACEMENT_3D ( 'NONE', #1964, #3295, #3069 ) ;
#3090 = CARTESIAN_POINT ( 'NONE',  ( -1.178638338124658347, -0.4154999999999999805, 0.2822044477628675718 ) ) ;
#3091 = ORIENTED_EDGE ( 'NONE', *, *, #2147, .F. ) ;
#3092 = DIRECTION ( 'NONE',  ( 1.600416979220540672E-16, -1.000000000000000000, 8.692246401601097529E-17 ) ) ;
#3093 = DIRECTION ( 'NONE',  ( -0.6509951886434646173, 1.701676406575350820E-16, -0.7590818561677389331 ) ) ;
#3094 = ORIENTED_EDGE ( 'NONE', *, *, #2603, .F. ) ;
#3095 = EDGE_CURVE ( 'NONE', #657, #46, #1038, .T. ) ;
#3096 = CARTESIAN_POINT ( 'NONE',  ( -0.5155246869970925294, 0.2569608096911305539, 0.2648112297509724877 ) ) ;
#3097 = DIRECTION ( 'NONE',  ( 0.000000000000000000, 0.000000000000000000, 1.000000000000000000 ) ) ;
#3098 = EDGE_LOOP ( 'NONE', ( #11, #1189, #2343, #626, #1760, #2626, #1701, #2887, #3309, #3022, #2990 ) ) ;
#3099 = ADVANCED_FACE ( 'NONE', ( #3055 ), #3297, .F. ) ;
#3100 = LINE ( 'NONE', #1757, #720 ) ;
#3101 = FACE_OUTER_BOUND ( 'NONE', #2506, .T. ) ;
#3102 = ORIENTED_EDGE ( 'NONE', *, *, #3285, .F. ) ;
#3103 = CYLINDRICAL_SURFACE ( 'NONE', #3061, 0.6564999999999999725 ) ;
#3104 = FACE_BOUND ( 'NONE', #2033, .T. ) ;
#3105 = EDGE_LOOP ( 'NONE', ( #1551, #3056, #2763, #2175 ) ) ;
#3106 = DIRECTION ( 'NONE',  ( 1.000000000000000000, 1.600416979220540672E-16, 9.299662042148119532E-34 ) ) ;
#3107 = CARTESIAN_POINT ( 'NONE',  ( 0.5175456179079590546, 0.4154999999999999805, -2.955020563952858392 ) ) ;
#3108 = CARTESIAN_POINT ( 'NONE',  ( -0.3424561804041986735, -0.2686875068848052495, -0.4675454587362290471 ) ) ;
#3109 = ORIENTED_EDGE ( 'NONE', *, *, #590, .F. ) ;
#3110 = CARTESIAN_POINT ( 'NONE',  ( -0.5973617570414562206, 0.2749999999999999112, 0.3658017233196703133 ) ) ;
#3111 = DIRECTION ( 'NONE',  ( 1.600416979220540672E-16, 1.000000000000000000, 8.692246401601097529E-17 ) ) ;
#3112 = EDGE_LOOP ( 'NONE', ( #2201, #1071, #2288, #2339 ) ) ;
#3113 = DIRECTION ( 'NONE',  ( -1.000000000000000000, 1.707404996040163032E-16, 0.000000000000000000 ) ) ;
#3114 = DIRECTION ( 'NONE',  ( 1.600416979220540672E-16, 1.000000000000000000, 8.692246401601097529E-17 ) ) ;
#3115 = ADVANCED_FACE ( 'NONE', ( #90 ), #1379, .F. ) ;
#3116 = VERTEX_POINT ( 'NONE', #2263 ) ;
#3117 = DIRECTION ( 'NONE',  ( 0.000000000000000000, 0.000000000000000000, 1.000000000000000000 ) ) ;
#3118 = AXIS2_PLACEMENT_3D ( 'NONE', #973, #2042, #2807 ) ;
#3119 = APPLICATION_PROTOCOL_DEFINITION ( 'draft international standard', 'automotive_design', 1998, #1548 ) ;
#3120 = ORIENTED_EDGE ( 'NONE', *, *, #609, .F. ) ;
#3121 = CARTESIAN_POINT ( 'NONE',  ( 0.2024158294369318989, -0.1595833634175729820, -0.5429991546893594423 ) ) ;
#3122 = AXIS2_PLACEMENT_3D ( 'NONE', #792, #3159, #529 ) ;
#3123 = DIRECTION ( 'NONE',  ( -0.9551864231428950358, 0.000000000000000000, 0.2960048936140786680 ) ) ;
#3124 = AXIS2_PLACEMENT_3D ( 'NONE', #3054, #3263, #2503 ) ;
#3125 = CARTESIAN_POINT ( 'NONE',  ( -2.121735207094348930, 0.2750000000000003553, -1.465557220608189049 ) ) ;
#3126 = VERTEX_POINT ( 'NONE', #3145 ) ;
#3127 = AXIS2_PLACEMENT_3D ( 'NONE', #1210, #954, #2832 ) ;
#3128 = CARTESIAN_POINT ( 'NONE',  ( -1.704822110706214922, 0.4154999999999999805, 0.3898522182040766726 ) ) ;
#3129 = CARTESIAN_POINT ( 'NONE',  ( -0.5975737459125662898, 0.2749999999718983901, 0.3577153640105135146 ) ) ;
#3130 = DIRECTION ( 'NONE',  ( 0.000000000000000000, 0.000000000000000000, 1.000000000000000000 ) ) ;
#3131 = ORIENTED_EDGE ( 'NONE', *, *, #1537, .T. ) ;
#3132 = VECTOR ( 'NONE', #1030, 39.37007874015748854 ) ;
#3133 = CARTESIAN_POINT ( 'NONE',  ( 0.2293114616485691093, 0.4154999999999999805, -0.6151491717921733215 ) ) ;
#3134 = CARTESIAN_POINT ( 'NONE',  ( 0.5186115940621470743, -0.1975127395977844813, -0.2619591320133022316 ) ) ;
#3135 = ORIENTED_EDGE ( 'NONE', *, *, #481, .T. ) ;
#3136 = AXIS2_PLACEMENT_3D ( 'NONE', #1250, #1811, #694 ) ;
#3137 = EDGE_CURVE ( 'NONE', #1705, #1604, #965, .T. ) ;
#3138 = CARTESIAN_POINT ( 'NONE',  ( 0.3059138289139928801, -0.4154999999999999805, -2.578983018105089453 ) ) ;
#3139 = EDGE_LOOP ( 'NONE', ( #2642, #1479 ) ) ;
#3140 = AXIS2_PLACEMENT_3D ( 'NONE', #3047, #1181, #868 ) ;
#3141 = AXIS2_PLACEMENT_3D ( 'NONE', #3477, #2140, #1875 ) ;
#3142 = ADVANCED_FACE ( 'NONE', ( #3333 ), #1506, .F. ) ;
#3143 = UNCERTAINTY_MEASURE_WITH_UNIT (LENGTH_MEASURE( 1.000000000000000082E-05 ), #1215, 'distance_accuracy_value', 'NONE');
#3144 = CARTESIAN_POINT ( 'NONE',  ( -0.5976408402761855809, 0.1499999999999992728, 0.3730223532631454786 ) ) ;
#3145 = CARTESIAN_POINT ( 'NONE',  ( 0.8709268602295540118, -0.2750000000000001332, -2.907967959612122399 ) ) ;
#3146 = B_SPLINE_CURVE_WITH_KNOTS ( 'NONE', 3,
 ( #685, #1750, #2844, #1240, #2309, #3385, #1608, #2609, #753, #544, #1891, #1857, #1009, #1043, #807, #1 ),
 .UNSPECIFIED., .F., .F.,
 ( 4, 2, 2, 2, 2, 2, 2, 4 ),
 ( 0.000000000000000000, 0.001565009344515590336, 0.002347514016773384095, 0.003130018689031177637, 0.003912523361288971178, 0.004695028033546765588, 0.005477532705804558262, 0.006260037378062352671 ),
 .UNSPECIFIED. ) ;
#3147 = VERTEX_POINT ( 'NONE', #163 ) ;
#3148 = DIRECTION ( 'NONE',  ( -0.000000000000000000, -1.000000000000000000, -0.000000000000000000 ) ) ;
#3149 = CARTESIAN_POINT ( 'NONE',  ( 0.5175456179079590546, -0.4154999999999999805, -3.311520563952857987 ) ) ;
#3150 = ORIENTED_EDGE ( 'NONE', *, *, #2659, .T. ) ;
#3151 = CARTESIAN_POINT ( 'NONE',  ( 0.2042694101456608013, -0.2750000000000001887, -3.125168345748781551 ) ) ;
#3152 = LINE ( 'NONE', #1281, #264 ) ;
#3153 = EDGE_LOOP ( 'NONE', ( #3190, #261, #1717, #1653 ) ) ;
#3154 = FACE_OUTER_BOUND ( 'NONE', #2734, .T. ) ;
#3155 = ORIENTED_EDGE ( 'NONE', *, *, #2536, .F. ) ;
#3156 = EDGE_CURVE ( 'NONE', #2264, #343, #1716, .T. ) ;
#3157 = FACE_BOUND ( 'NONE', #1441, .T. ) ;
#3158 = CARTESIAN_POINT ( 'NONE',  ( -0.7031281906319325481, -0.4154999999999999805, 0.5105070313505869484 ) ) ;
#3159 = DIRECTION ( 'NONE',  ( -0.9191088434246634797, -3.607223763942396059E-16, 0.3940037232547144441 ) ) ;
#3160 = EDGE_CURVE ( 'NONE', #280, #2036, #2862, .T. ) ;
#3161 = EDGE_LOOP ( 'NONE', ( #1982, #2482, #2107, #1267, #423 ) ) ;
#3162 = CARTESIAN_POINT ( 'NONE',  ( -0.6336666462488835805, -0.4154999999999999805, 0.2695797895826329560 ) ) ;
#3163 = DIRECTION ( 'NONE',  ( 0.3977104069243274087, 0.03958120350549882566, 0.9166568390369115304 ) ) ;
#3164 = FACE_OUTER_BOUND ( 'NONE', #3439, .T. ) ;
#3165 = ORIENTED_EDGE ( 'NONE', *, *, #3202, .F. ) ;
#3166 = CARTESIAN_POINT ( 'NONE',  ( -0.3483687536793194650, 0.1499999999999993283, -0.4630976802575431650 ) ) ;
#3167 = DIRECTION ( 'NONE',  ( 0.000000000000000000, 0.000000000000000000, -1.000000000000000000 ) ) ;
#3168 = ORIENTED_EDGE ( 'NONE', *, *, #1183, .T. ) ;
#3169 = DIRECTION ( 'NONE',  ( 1.600416979220540672E-16, 1.000000000000000000, 8.692246401601097529E-17 ) ) ;
#3170 = VERTEX_POINT ( 'NONE', #924 ) ;
#3171 = ORIENTED_EDGE ( 'NONE', *, *, #2449, .F. ) ;
#3172 = DIRECTION ( 'NONE',  ( -0.9912517316173785620, 0.000000000000000000, -0.1319848649109001126 ) ) ;
#3173 = DIRECTION ( 'NONE',  ( 0.000000000000000000, 0.000000000000000000, 1.000000000000000000 ) ) ;
#3174 = CARTESIAN_POINT ( 'NONE',  ( -0.2759075433959915502, -0.2454612299442760492, -0.5098094576664167210 ) ) ;
#3175 = EDGE_LOOP ( 'NONE', ( #445, #379, #3233, #637 ) ) ;
#3176 = EDGE_CURVE ( 'NONE', #560, #1112, #1314, .T. ) ;
#3177 = CARTESIAN_POINT ( 'NONE',  ( -0.9142730227309474600, 0.4154999999999999805, -0.3187551409882143361 ) ) ;
#3178 = CARTESIAN_POINT ( 'NONE',  ( 0.5172485120181743445, -0.4154999999999999805, -2.673520720741374479 ) ) ;
#3179 = AXIS2_PLACEMENT_3D ( 'NONE', #2467, #48, #2451 ) ;
#3180 = DIRECTION ( 'NONE',  ( -0.000000000000000000, -1.000000000000000000, 0.000000000000000000 ) ) ;
#3181 = ORIENTED_EDGE ( 'NONE', *, *, #2834, .T. ) ;
#3182 = CIRCLE ( 'NONE', #1272, 0.1249999999999999029 ) ;
#3183 = CARTESIAN_POINT ( 'NONE',  ( 3.422887803616852647E-17, 0.4154999999999999805, 0.2795000000000000262 ) ) ;
#3184 = ADVANCED_FACE ( 'NONE', ( #3386 ), #2826, .T. ) ;
#3185 = CARTESIAN_POINT ( 'NONE',  ( -0.3483687536793194650, 0.1499999999999993283, -0.4630976802575431650 ) ) ;
#3186 = AXIS2_PLACEMENT_3D ( 'NONE', #962, #1520, #2525 ) ;
#3187 = CYLINDRICAL_SURFACE ( 'NONE', #785, 0.4064999999999999725 ) ;
#3188 = FACE_OUTER_BOUND ( 'NONE', #968, .T. ) ;
#3189 = ORIENTED_EDGE ( 'NONE', *, *, #2449, .T. ) ;
#3190 = ORIENTED_EDGE ( 'NONE', *, *, #1912, .F. ) ;
#3191 = CARTESIAN_POINT ( 'NONE',  ( 0.6657779560113399331, 0.4154999999999999805, -2.503723074551017724 ) ) ;
#3192 = VECTOR ( 'NONE', #851, 39.37007874015748143 ) ;
#3193 = PLANE ( 'NONE',  #2736 ) ;
#3194 = CARTESIAN_POINT ( 'NONE',  ( -0.3176203854300818641, -0.2549378246258878211, -0.4848876379093540190 ) ) ;
#3195 = AXIS2_PLACEMENT_3D ( 'NONE', #1058, #558, #28 ) ;
#3196 = ADVANCED_FACE ( 'NONE', ( #3075 ), #2596, .T. ) ;
#3197 = CIRCLE ( 'NONE', #1680, 0.7045000000000001261 ) ;
#3198 = CYLINDRICAL_SURFACE ( 'NONE', #160, 0.5178653734296587707 ) ;
#3199 = LINE ( 'NONE', #3425, #3018 ) ;
#3200 = CARTESIAN_POINT ( 'NONE',  ( 0.5175456179079590546, 0.4154999999999999805, -2.955020563952858392 ) ) ;
#3201 = ORIENTED_EDGE ( 'NONE', *, *, #2001, .T. ) ;
#3202 = EDGE_CURVE ( 'NONE', #2592, #3367, #3354, .T. ) ;
#3203 = DIRECTION ( 'NONE',  ( -1.000000000000000000, 1.365923996832131363E-16, 0.000000000000000000 ) ) ;
#3204 = AXIS2_PLACEMENT_3D ( 'NONE', #3177, #2141, #530 ) ;
#3205 = LINE ( 'NONE', #2957, #1057 ) ;
#3206 = EDGE_CURVE ( 'NONE', #404, #504, #2165, .T. ) ;
#3207 = CARTESIAN_POINT ( 'NONE',  ( 0.2024158294369318989, -0.1595833634175729820, -0.5429991546893594423 ) ) ;
#3208 = VERTEX_POINT ( 'NONE', #1751 ) ;
#3209 = ORIENTED_EDGE ( 'NONE', *, *, #2015, .F. ) ;
#3210 = CARTESIAN_POINT ( 'NONE',  ( 0.3266174455679263788, -0.4154999999999999805, 0.04348901298814159683 ) ) ;
#3211 = FACE_BOUND ( 'NONE', #3139, .T. ) ;
#3212 = LINE ( 'NONE', #1066, #2614 ) ;
#3213 = CARTESIAN_POINT ( 'NONE',  ( 0.2293114616485691093, 0.2749999999999999667, -0.6151491717921733215 ) ) ;
#3214 = DIRECTION ( 'NONE',  ( 0.000000000000000000, 0.000000000000000000, 1.000000000000000000 ) ) ;
#3215 = CARTESIAN_POINT ( 'NONE',  ( -0.5316192378543965757, -0.1511113479966841311, 0.2306539311243375745 ) ) ;
#3216 = ORIENTED_EDGE ( 'NONE', *, *, #1521, .F. ) ;
#3217 = CARTESIAN_POINT ( 'NONE',  ( -0.2701665551121595343, 0.1575179065247278298, -0.5128000003758408365 ) ) ;
#3218 = CARTESIAN_POINT ( 'NONE',  ( 0.4753052053105329966, -0.4154999999999999805, 0.06328674272477663454 ) ) ;
#3219 = ADVANCED_FACE ( 'NONE', ( #945 ), #325, .F. ) ;
#3220 =( BOUNDED_SURFACE ( )  B_SPLINE_SURFACE ( 3, 2, ( 
 ( #2879, #2829, #3078 ),
 ( #674, #1471, #3110 ),
 ( #165, #146, #3129 ),
 ( #2314, #725, #124 ),
 ( #2566, #2281, #2866 ),
 ( #3358, #3096, #704 ),
 ( #420, #1489, #2298 ),
 ( #462, #3374, #2599 ),
 ( #2034, #3459, #775 ),
 ( #3441, #495, #2684 ) ),
 .UNSPECIFIED., .F., .F., .F. ) 
 B_SPLINE_SURFACE_WITH_KNOTS ( ( 4, 2, 2, 2, 4 ),
 ( 3, 3 ),
 ( 0.005620628093112616484, 0.006283431760755591247, 0.006946235428398566877, 0.007609039096041542508, 0.008271842763684518138 ),
 ( 0.000000000000000000, 1.000000000000000000 ),
 .UNSPECIFIED. ) 
 GEOMETRIC_REPRESENTATION_ITEM ( )  RATIONAL_B_SPLINE_SURFACE ( (
 ( 1.000000000000000000, 0.7071067811865451302, 1.000000000000000000),
 ( 1.000000000000000000, 0.7185993206644926135, 1.000000000000000000),
 ( 1.000000000000000000, 0.7297223596798459999, 1.000000000000000000),
 ( 1.000000000000000000, 0.7485051079108961947, 1.000000000000000000),
 ( 1.000000000000000000, 0.7561248479779001386, 1.000000000000000000),
 ( 1.000000000000000000, 0.7653593966560310324, 1.000000000000000000),
 ( 1.000000000000000000, 0.7669233503731762713, 1.000000000000000000),
 ( 1.000000000000000000, 0.7633565094686476371, 1.000000000000000000),
 ( 1.000000000000000000, 0.7582766096635131792, 1.000000000000000000),
 ( 1.000000000000000000, 0.7507085281311771663, 1.000000000000000000) ) ) 
 REPRESENTATION_ITEM ( '' )  SURFACE ( )  );
#3221 = DIRECTION ( 'NONE',  ( 0.000000000000000000, -0.000000000000000000, 1.000000000000000000 ) ) ;
#3222 = VERTEX_POINT ( 'NONE', #1592 ) ;
#3223 = ORIENTED_EDGE ( 'NONE', *, *, #50, .T. ) ;
#3224 = FACE_OUTER_BOUND ( 'NONE', #1461, .T. ) ;
#3225 = ADVANCED_FACE ( 'NONE', ( #755 ), #1044, .F. ) ;
#3226 = CARTESIAN_POINT ( 'NONE',  ( 2.400625468830792027E-17, 0.1499999999999992173, 1.303836960240157203E-17 ) ) ;
#3227 = DIRECTION ( 'NONE',  ( 1.000000000000000000, 1.915741931040860000E-16, 0.000000000000000000 ) ) ;
#3228 = CARTESIAN_POINT ( 'NONE',  ( 0.5175456179079590546, -0.4154999999999999805, -2.955020563952858392 ) ) ;
#3229 = CARTESIAN_POINT ( 'NONE',  ( -1.391545902943916557, 0.4154999999999999805, 0.4350000000000001643 ) ) ;
#3230 = CARTESIAN_POINT ( 'NONE',  ( -0.6462912046046975778, 0.1511113479966840201, 0.2804067204091386101 ) ) ;
#3231 = DIRECTION ( 'NONE',  ( -0.000000000000000000, -1.000000000000000000, -0.000000000000000000 ) ) ;
#3232 = AXIS2_PLACEMENT_3D ( 'NONE', #3200, #2952, #217 ) ;
#3233 = ORIENTED_EDGE ( 'NONE', *, *, #3327, .F. ) ;
#3234 = CIRCLE ( 'NONE', #3122, 0.1249999999999999861 ) ;
#3235 = CARTESIAN_POINT ( 'NONE',  ( 0.5250978922524380810, 0.2339808262941479589, -0.3106734623818119267 ) ) ;
#3236 = CARTESIAN_POINT ( 'NONE',  ( -0.6726316554399787151, -0.4154999999999999805, -0.7772844286458566732 ) ) ;
#3237 = AXIS2_PLACEMENT_3D ( 'NONE', #282, #855, #613 ) ;
#3238 = FACE_OUTER_BOUND ( 'NONE', #734, .T. ) ;
#3239 = AXIS2_PLACEMENT_3D ( 'NONE', #1494, #746, #3113 ) ;
#3240 = ORIENTED_EDGE ( 'NONE', *, *, #1722, .T. ) ;
#3241 = ORIENTED_EDGE ( 'NONE', *, *, #2400, .F. ) ;
#3242 = DIRECTION ( 'NONE',  ( 1.000000000000000000, 2.276539994720219349E-16, 0.000000000000000000 ) ) ;
#3243 = EDGE_CURVE ( 'NONE', #2548, #3126, #2384, .T. ) ;
#3244 = CARTESIAN_POINT ( 'NONE',  ( -2.400625468830792027E-17, -0.1499999999999992173, -1.303836960240157203E-17 ) ) ;
#3245 = CARTESIAN_POINT ( 'NONE',  ( 0.5343270210041599633, 0.2652680691827998816, -0.3799873936620374315 ) ) ;
#3246 = EDGE_CURVE ( 'NONE', #848, #468, #1150, .T. ) ;
#3247 = AXIS2_PLACEMENT_3D ( 'NONE', #603, #898, #1667 ) ;
#3248 = AXIS2_PLACEMENT_3D ( 'NONE', #1358, #2950, #2401 ) ;
#3249 = CARTESIAN_POINT ( 'NONE',  ( -1.391545902943916557, 0.4154999999999999805, 0.5600000000000000533 ) ) ;
#3250 = CARTESIAN_POINT ( 'NONE',  ( 0.5175456179079590546, 0.4154999999999999805, -2.955020563952858392 ) ) ;
#3251 = LINE ( 'NONE', #2505, #1656 ) ;
#3252 = AXIS2_PLACEMENT_3D ( 'NONE', #2050, #688, #1792 ) ;
#3253 = ORIENTED_EDGE ( 'NONE', *, *, #2237, .F. ) ;
#3254 = FACE_OUTER_BOUND ( 'NONE', #991, .T. ) ;
#3255 = CARTESIAN_POINT ( 'NONE',  ( 0.5175456179079590546, -0.4154999999999999805, -2.955020563952858392 ) ) ;
#3256 = CARTESIAN_POINT ( 'NONE',  ( -0.9772243147623267401, -0.4154999999999999805, -0.5307538375209526205 ) ) ;
#3257 = VERTEX_POINT ( 'NONE', #3476 ) ;
#3258 = EDGE_LOOP ( 'NONE', ( #1006, #3109, #1870, #2094, #751 ) ) ;
#3259 = CARTESIAN_POINT ( 'NONE',  ( 0.8709268602295540118, 0.2750000000000000777, -2.907967959612122399 ) ) ;
#3260 = ADVANCED_FACE ( 'NONE', ( #2610 ), #2122, .F. ) ;
#3261 = FACE_OUTER_BOUND ( 'NONE', #677, .T. ) ;
#3262 = ORIENTED_EDGE ( 'NONE', *, *, #646, .T. ) ;
#3263 = DIRECTION ( 'NONE',  ( -0.000000000000000000, 1.000000000000000000, -0.000000000000000000 ) ) ;
#3264 = EDGE_CURVE ( 'NONE', #2191, #2703, #3234, .T. ) ;
#3265 = CARTESIAN_POINT ( 'NONE',  ( -0.5430155148975281953, 0.2694329771427902975, 0.2026915053634739949 ) ) ;
#3266 = EDGE_LOOP ( 'NONE', ( #2479, #1186, #1167, #642 ) ) ;
#3267 = DIRECTION ( 'NONE',  ( 1.600416979220540672E-16, -1.000000000000000000, 8.692246401601097529E-17 ) ) ;
#3268 = CARTESIAN_POINT ( 'NONE',  ( -0.5795000000000000151, 0.1499999999999993006, 0.000000000000000000 ) ) ;
#3269 = CARTESIAN_POINT ( 'NONE',  ( 0.3345387446077733307, -0.2749999999999999112, -0.6152099304994115281 ) ) ;
#3270 = CARTESIAN_POINT ( 'NONE',  ( -0.4916009466856629539, -0.1499999999999992728, 0.3068366979645035797 ) ) ;
#3271 = ORIENTED_EDGE ( 'NONE', *, *, #1413, .T. ) ;
#3272 = ORIENTED_EDGE ( 'NONE', *, *, #1075, .T. ) ;
#3273 = CARTESIAN_POINT ( 'NONE',  ( -0.6726316554399787151, 0.2750000000000000777, -0.7772844286458566732 ) ) ;
#3274 = CARTESIAN_POINT ( 'NONE',  ( 0.000000000000000000, 0.4154999999999999805, 0.000000000000000000 ) ) ;
#3275 = ORIENTED_EDGE ( 'NONE', *, *, #1159, .T. ) ;
#3276 = DIRECTION ( 'NONE',  ( -0.6509951886434646173, 0.000000000000000000, -0.7590818561677389331 ) ) ;
#3277 = DIRECTION ( 'NONE',  ( -0.000000000000000000, -1.000000000000000000, -0.000000000000000000 ) ) ;
#3278 = ORIENTED_EDGE ( 'NONE', *, *, #1970, .F. ) ;
#3279 = ADVANCED_FACE ( 'NONE', ( #193 ), #771, .T. ) ;
#3280 = CARTESIAN_POINT ( 'NONE',  ( 0.5434278096079476761, -0.2749999999999999112, -0.4483374462887394496 ) ) ;
#3281 = CARTESIAN_POINT ( 'NONE',  ( -0.8044449265882076539, 0.4154999999999999805, -0.8488753606778003391 ) ) ;
#3282 = CARTESIAN_POINT ( 'NONE',  ( -0.9142730227309474600, -0.2750000000000000777, -0.4137551409882142539 ) ) ;
#3283 = ORIENTED_EDGE ( 'NONE', *, *, #2940, .T. ) ;
#3284 = CIRCLE ( 'NONE', #2559, 0.1249999999999999029 ) ;
#3285 = EDGE_CURVE ( 'NONE', #1112, #560, #1543, .T. ) ;
#3286 = CARTESIAN_POINT ( 'NONE',  ( 0.8709268602295540118, 0.4154999999999999805, -2.907967959612122399 ) ) ;
#3287 = CIRCLE ( 'NONE', #1669, 0.4064999999999999725 ) ;
#3288 = EDGE_LOOP ( 'NONE', ( #3081, #2538, #2993, #1597, #260, #355, #2089 ) ) ;
#3289 = ORIENTED_EDGE ( 'NONE', *, *, #922, .F. ) ;
#3290 = CIRCLE ( 'NONE', #3127, 0.7045000000000001261 ) ;
#3291 = DIRECTION ( 'NONE',  ( -0.000000000000000000, -1.000000000000000000, -0.000000000000000000 ) ) ;
#3292 = DIRECTION ( 'NONE',  ( 1.000000000000000000, 1.318802208946746593E-16, 0.000000000000000000 ) ) ;
#3293 = ORIENTED_EDGE ( 'NONE', *, *, #816, .F. ) ;
#3294 = AXIS2_PLACEMENT_3D ( 'NONE', #1973, #1438, #1126 ) ;
#3295 = DIRECTION ( 'NONE',  ( 1.600416979220540672E-16, -1.000000000000000000, 8.692246401601097529E-17 ) ) ;
#3296 = DIRECTION ( 'NONE',  ( 1.000000000000000000, -1.560461534842496168E-16, 0.000000000000000000 ) ) ;
#3297 = CYLINDRICAL_SURFACE ( 'NONE', #1942, 0.4064999999999999725 ) ;
#3298 = VERTEX_POINT ( 'NONE', #2646 ) ;
#3299 = DIRECTION ( 'NONE',  ( -1.000000000000000000, 1.915741931040860246E-16, 0.000000000000000000 ) ) ;
#3300 = CIRCLE ( 'NONE', #563, 0.1564999999999998059 ) ;
#3301 = DIRECTION ( 'NONE',  ( 1.000000000000000000, 2.276539994720219349E-16, 0.000000000000000000 ) ) ;
#3302 = CARTESIAN_POINT ( 'NONE',  ( 0.3794822376025093758, -0.4154999999999999805, -2.709702906580559567 ) ) ;
#3303 = VECTOR ( 'NONE', #866, 39.37007874015748143 ) ;
#3304 = EDGE_CURVE ( 'NONE', #61, #3065, #3212, .T. ) ;
#3305 = ORIENTED_EDGE ( 'NONE', *, *, #3483, .T. ) ;
#3306 = DIRECTION ( 'NONE',  ( -0.000000000000000000, -1.000000000000000000, -0.000000000000000000 ) ) ;
#3307 = CIRCLE ( 'NONE', #3089, 0.2500000000000000000 ) ;
#3308 = EDGE_CURVE ( 'NONE', #3257, #1705, #1987, .T. ) ;
#3309 = ORIENTED_EDGE ( 'NONE', *, *, #3029, .T. ) ;
#3310 = ORIENTED_EDGE ( 'NONE', *, *, #1737, .F. ) ;
#3311 = TOROIDAL_SURFACE ( 'NONE', #394, 0.2750000000000000222, 0.1250000000000000000 ) ;
#3312 = DIRECTION ( 'NONE',  ( 0.000000000000000000, 1.000000000000000000, 0.000000000000000000 ) ) ;
#3313 = DIRECTION ( 'NONE',  ( 0.8483191487241809048, 0.000000000000000000, -0.5294852423891349691 ) ) ;
#3314 = EDGE_LOOP ( 'NONE', ( #1924, #671, #460, #3383 ) ) ;
#3315 = DIRECTION ( 'NONE',  ( 1.000000000000000000, 1.600416979220540672E-16, 9.299662042148119532E-34 ) ) ;
#3316 = CARTESIAN_POINT ( 'NONE',  ( -1.391545902943916557, 0.4154999999999999805, 0.6849999999999999423 ) ) ;
#3317 = EDGE_LOOP ( 'NONE', ( #2552, #1986, #2774, #2766 ) ) ;
#3318 = EDGE_CURVE ( 'NONE', #3012, #3367, #128, .T. ) ;
#3319 = DIRECTION ( 'NONE',  ( -0.000000000000000000, 1.000000000000000000, -0.000000000000000000 ) ) ;
#3320 = CARTESIAN_POINT ( 'NONE',  ( 0.2042694101456607736, 0.4154999999999999805, -3.125168345748781551 ) ) ;
#3321 = CARTESIAN_POINT ( 'NONE',  ( 0.2120707689614786118, -0.2429768869436005341, -0.5394000467126971454 ) ) ;
#3322 = EDGE_CURVE ( 'NONE', #3372, #1224, #78, .T. ) ;
#3323 = ORIENTED_EDGE ( 'NONE', *, *, #1651, .F. ) ;
#3324 = CARTESIAN_POINT ( 'NONE',  ( -1.391545902943916557, -0.2750000000000001887, 0.5600000000000000533 ) ) ;
#3325 = EDGE_LOOP ( 'NONE', ( #643, #964, #2674, #1123 ) ) ;
#3326 = ORIENTED_EDGE ( 'NONE', *, *, #1362, .T. ) ;
#3327 = EDGE_CURVE ( 'NONE', #3116, #509, #986, .T. ) ;
#3328 = CARTESIAN_POINT ( 'NONE',  ( -0.2775756230329463059, 0.1595833634175730376, -0.6475121801926753129 ) ) ;
#3329 = FACE_BOUND ( 'NONE', #2144, .T. ) ;
#3330 = ORIENTED_EDGE ( 'NONE', *, *, #2743, .T. ) ;
#3331 = EDGE_CURVE ( 'NONE', #2348, #2383, #301, .T. ) ;
#3332 = CARTESIAN_POINT ( 'NONE',  ( -1.391545902943916557, 0.4154999999999999805, 0.5600000000000000533 ) ) ;
#3333 = FACE_OUTER_BOUND ( 'NONE', #2393, .T. ) ;
#3334 = ORIENTED_EDGE ( 'NONE', *, *, #459, .T. ) ;
#3335 = CYLINDRICAL_SURFACE ( 'NONE', #3247, 0.2795000000000000262 ) ;
#3336 = CARTESIAN_POINT ( 'NONE',  ( 0.2410416673718367708, -0.2749999999888522728, -0.6107764590246319569 ) ) ;
#3337 = VERTEX_POINT ( 'NONE', #842 ) ;
#3338 = EDGE_LOOP ( 'NONE', ( #1788, #2871, #454, #3272 ) ) ;
#3339 = AXIS2_PLACEMENT_3D ( 'NONE', #3366, #118, #1195 ) ;
#3340 = CARTESIAN_POINT ( 'NONE',  ( 0.5175456179079590546, 0.4154999999999999805, -3.111520563952858254 ) ) ;
#3341 = FACE_OUTER_BOUND ( 'NONE', #2584, .T. ) ;
#3342 = AXIS2_PLACEMENT_3D ( 'NONE', #2630, #2933, #2892 ) ;
#3343 = ORIENTED_EDGE ( 'NONE', *, *, #276, .F. ) ;
#3344 = EDGE_CURVE ( 'NONE', #577, #1511, #1432, .T. ) ;
#3345 = AXIS2_PLACEMENT_3D ( 'NONE', #2645, #265, #1534 ) ;
#3346 = AXIS2_PLACEMENT_3D ( 'NONE', #1407, #1131, #2980 ) ;
#3347 = CARTESIAN_POINT ( 'NONE',  ( -0.4627043295926986377, -0.4154999999999999805, -0.5615042267012479993 ) ) ;
#3348 =( NAMED_UNIT ( * ) SI_UNIT ( $, .STERADIAN. ) SOLID_ANGLE_UNIT ( ) );
#3349 = ORIENTED_EDGE ( 'NONE', *, *, #3050, .F. ) ;
#3350 = EDGE_CURVE ( 'NONE', #471, #597, #658, .T. ) ;
#3351 = AXIS2_PLACEMENT_3D ( 'NONE', #3042, #638, #1702 ) ;
#3352 = CYLINDRICAL_SURFACE ( 'NONE', #134, 0.3564999999999993174 ) ;
#3353 = AXIS2_PLACEMENT_3D ( 'NONE', #980, #2051, #3130 ) ;
#3354 = LINE ( 'NONE', #2067, #427 ) ;
#3355 = ADVANCED_FACE ( 'NONE', ( #1678 ), #566, .F. ) ;
#3356 = ORIENTED_EDGE ( 'NONE', *, *, #692, .T. ) ;
#3357 = AXIS2_PLACEMENT_3D ( 'NONE', #3226, #2891, #1303 ) ;
#3358 = CARTESIAN_POINT ( 'NONE',  ( -0.5163720322698198695, 0.1518518905016734699, 0.2631189818019954441 ) ) ;
#3359 = CARTESIAN_POINT ( 'NONE',  ( -0.5287602231732848601, -0.1514572605768772784, 0.2372434880348927855 ) ) ;
#3360 = ORIENTED_EDGE ( 'NONE', *, *, #1895, .T. ) ;
#3361 = AXIS2_PLACEMENT_3D ( 'NONE', #42, #74, #2253 ) ;
#3362 = CARTESIAN_POINT ( 'NONE',  ( -0.1732072716588907157, -0.1755402559810890217, 0.5556718428578125701 ) ) ;
#3363 = DIRECTION ( 'NONE',  ( 0.000000000000000000, 1.000000000000000000, 0.000000000000000000 ) ) ;
#3364 = AXIS2_PLACEMENT_3D ( 'NONE', #1354, #1063, #1640 ) ;
#3365 = ORIENTED_EDGE ( 'NONE', *, *, #2837, .F. ) ;
#3366 = CARTESIAN_POINT ( 'NONE',  ( 0.000000000000000000, 0.4154999999999999805, 0.000000000000000000 ) ) ;
#3367 = VERTEX_POINT ( 'NONE', #2698 ) ;
#3368 = DIRECTION ( 'NONE',  ( 0.000000000000000000, 0.000000000000000000, 1.000000000000000000 ) ) ;
#3369 = CIRCLE ( 'NONE', #1454, 0.1564999999999998059 ) ;
#3370 = CARTESIAN_POINT ( 'NONE',  ( -1.391545902943916557, -0.2750000000000001332, 0.5600000000000000533 ) ) ;
#3371 = CARTESIAN_POINT ( 'NONE',  ( -0.4115513126241057140, -0.2750000000000000222, -0.5638971757935365980 ) ) ;
#3372 = VERTEX_POINT ( 'NONE', #1356 ) ;
#3373 = EDGE_CURVE ( 'NONE', #809, #2013, #2334, .T. ) ;
#3374 = CARTESIAN_POINT ( 'NONE',  ( -0.5269135888349055774, 0.2575038852520951105, 0.2413744028735452241 ) ) ;
#3375 = DIRECTION ( 'NONE',  ( -1.000000000000000000, 2.276539994720218363E-16, 0.000000000000000000 ) ) ;
#3376 = VERTEX_POINT ( 'NONE', #2499 ) ;
#3377 = DIMENSIONAL_EXPONENTS ( 1.000000000000000000, 0.000000000000000000, 0.000000000000000000, 0.000000000000000000, 0.000000000000000000, 0.000000000000000000, 0.000000000000000000 ) ;
#3378 = CARTESIAN_POINT ( 'NONE',  ( -1.391545902943916557, 0.2750000000000000777, 0.5600000000000000533 ) ) ;
#3379 = CARTESIAN_POINT ( 'NONE',  ( 0.5230369915167089045, -0.2257301474334268698, -0.2951953890105794009 ) ) ;
#3380 = ORIENTED_EDGE ( 'NONE', *, *, #780, .T. ) ;
#3381 = DIRECTION ( 'NONE',  ( 0.3977104069243271867, -0.03958120350549911015, 0.9166568390369117525 ) ) ;
#3382 = DIRECTION ( 'NONE',  ( 0.000000000000000000, 1.000000000000000000, 0.000000000000000000 ) ) ;
#3383 = ORIENTED_EDGE ( 'NONE', *, *, #1504, .F. ) ;
#3384 = DIRECTION ( 'NONE',  ( 1.600416979220540672E-16, -1.000000000000000000, 8.692246401601097529E-17 ) ) ;
#3385 = CARTESIAN_POINT ( 'NONE',  ( -0.2552031208658820938, 0.2539027851452242412, 0.5810817231003005956 ) ) ;
#3386 = FACE_OUTER_BOUND ( 'NONE', #629, .T. ) ;
#3387 = EDGE_LOOP ( 'NONE', ( #3076, #1284, #3253, #1229 ) ) ;
#3388 = CARTESIAN_POINT ( 'NONE',  ( 0.3395189715325501734, 0.2749999999999999112, -0.6172901408328822503 ) ) ;
#3389 = DIRECTION ( 'NONE',  ( 0.000000000000000000, 0.000000000000000000, 1.000000000000000000 ) ) ;
#3390 = DIRECTION ( 'NONE',  ( -0.1319848649109001959, 6.503896109196675031E-17, 0.9912517316173784510 ) ) ;
#3391 = EDGE_LOOP ( 'NONE', ( #2977, #2822, #2301, #133 ) ) ;
#3392 = ADVANCED_FACE ( 'NONE', ( #2481 ), #2995, .F. ) ;
#3393 = CARTESIAN_POINT ( 'NONE',  ( 0.000000000000000000, 0.4154999999999999805, -0.2795000000000000262 ) ) ;
#3394 = CARTESIAN_POINT ( 'NONE',  ( -0.6336666462488835805, -0.2750000000000000222, 0.2695797895826329005 ) ) ;
#3395 = ADVANCED_FACE ( 'NONE', ( #1372 ), #1098, .T. ) ;
#3396 = VERTEX_POINT ( 'NONE', #857 ) ;
#3397 = LENGTH_MEASURE_WITH_UNIT ( LENGTH_MEASURE( 0.02539999999999999897 ), #452 );
#3398 = AXIS2_PLACEMENT_3D ( 'NONE', #2093, #1531, #2606 ) ;
#3399 = ORIENTED_EDGE ( 'NONE', *, *, #2972, .F. ) ;
#3400 = DIRECTION ( 'NONE',  ( 1.600416979220540672E-16, 1.000000000000000000, 8.692246401601097529E-17 ) ) ;
#3401 = DIRECTION ( 'NONE',  ( 0.000000000000000000, 1.000000000000000000, 0.000000000000000000 ) ) ;
#3402 = AXIS2_PLACEMENT_3D ( 'NONE', #3036, #3291, #2711 ) ;
#3403 = CARTESIAN_POINT ( 'NONE',  ( 0.3146105704978265361, 0.2750000000534977285, -0.6091730690854161301 ) ) ;
#3404 = ORIENTED_EDGE ( 'NONE', *, *, #2243, .T. ) ;
#3405 = AXIS2_PLACEMENT_3D ( 'NONE', #1107, #2181, #850 ) ;
#3406 = CARTESIAN_POINT ( 'NONE',  ( -1.391545902943916557, 0.4154999999999999805, 0.6849999999999999423 ) ) ;
#3407 = DIRECTION ( 'NONE',  ( 0.000000000000000000, 1.000000000000000000, 0.000000000000000000 ) ) ;
#3408 = ORIENTED_EDGE ( 'NONE', *, *, #2890, .F. ) ;
#3409 = VECTOR ( 'NONE', #3002, 39.37007874015748143 ) ;
#3410 = CARTESIAN_POINT ( 'NONE',  ( 0.7674345116713867654, -0.2750000000000000777, -3.267198772285795805 ) ) ;
#3411 = CARTESIAN_POINT ( 'NONE',  ( -0.5467842266487042968, -0.1499999999999991618, 0.1919563999667071585 ) ) ;
#3412 = EDGE_CURVE ( 'NONE', #2013, #471, #907, .T. ) ;
#3413 = ORIENTED_EDGE ( 'NONE', *, *, #1478, .T. ) ;
#3414 = AXIS2_PLACEMENT_3D ( 'NONE', #1565, #1088, #832 ) ;
#3415 = EDGE_CURVE ( 'NONE', #2592, #319, #1209, .T. ) ;
#3416 = CIRCLE ( 'NONE', #387, 0.4064999999999999725 ) ;
#3417 = CARTESIAN_POINT ( 'NONE',  ( 0.3794822376025093758, 0.2750000000000001887, -2.709702906580559567 ) ) ;
#3418 = VERTEX_POINT ( 'NONE', #2712 ) ;
#3419 = CARTESIAN_POINT ( 'NONE',  ( 0.5407646256524631934, -0.2749999999999991895, -0.4283360187820953180 ) ) ;
#3420 = DIRECTION ( 'NONE',  ( -1.600416979220540672E-16, -1.000000000000000000, -8.692246401601097529E-17 ) ) ;
#3421 = CARTESIAN_POINT ( 'NONE',  ( -0.3164238391174486464, -0.2749999999924392369, -0.5823606299036747647 ) ) ;
#3422 = VECTOR ( 'NONE', #1553, 39.37007874015748143 ) ;
#3423 = EDGE_LOOP ( 'NONE', ( #2601, #3120, #1445, #3135 ) ) ;
#3424 = DIRECTION ( 'NONE',  ( 1.000000000000000000, 1.767805000214147818E-16, 0.000000000000000000 ) ) ;
#3425 = CARTESIAN_POINT ( 'NONE',  ( -1.665539968427128148, -0.2750000000000002998, -0.9336185295343093493 ) ) ;
#3426 = CARTESIAN_POINT ( 'NONE',  ( -1.248713998509903167, -0.4154999999999999805, -0.03088685322469146566 ) ) ;
#3427 = ORIENTED_EDGE ( 'NONE', *, *, #1537, .F. ) ;
#3428 =( BOUNDED_SURFACE ( )  B_SPLINE_SURFACE ( 3, 2, ( 
 ( #3394, #984, #202 ),
 ( #2057, #2904, #2870 ),
 ( #2076, #1758, #2604 ),
 ( #184, #1264, #3411 ) ),
 .UNSPECIFIED., .F., .F., .F. ) 
 B_SPLINE_SURFACE_WITH_KNOTS ( ( 4, 4 ),
 ( 3, 3 ),
 ( 0.01975156062703728455, 0.02104511142802989107 ),
 ( 0.000000000000000000, 1.000000000000000000 ),
 .UNSPECIFIED. ) 
 GEOMETRIC_REPRESENTATION_ITEM ( )  RATIONAL_B_SPLINE_SURFACE ( (
 ( 1.000000000000000000, 0.7507085281311767222, 1.000000000000000000),
 ( 1.000000000000000000, 0.7377242603000161436, 1.000000000000000000),
 ( 1.000000000000000000, 0.7232074585966861147, 1.000000000000000000),
 ( 1.000000000000000000, 0.7071067811865452413, 1.000000000000000000) ) ) 
 REPRESENTATION_ITEM ( '' )  SURFACE ( )  );
#3429 = CARTESIAN_POINT ( 'NONE',  ( -0.2586634443167201702, 0.2750000000000000222, -0.6033949557082917137 ) ) ;
#3430 = CARTESIAN_POINT ( 'NONE',  ( 4.401146692856478960E-17, 0.2749999999999999112, 2.390367760440300249E-17 ) ) ;
#3431 = EDGE_LOOP ( 'NONE', ( #21, #3326, #1885, #3278 ) ) ;
#3432 = CARTESIAN_POINT ( 'NONE',  ( -0.8044449265882076539, -0.4154999999999999805, -0.8488753606778003391 ) ) ;
#3433 = ORIENTED_EDGE ( 'NONE', *, *, #2696, .T. ) ;
#3434 = CARTESIAN_POINT ( 'NONE',  ( 0.5282201337055527635, -0.2464805120425569152, -0.3341225695882836799 ) ) ;
#3435 = ADVANCED_FACE ( 'NONE', ( #3261 ), #1928, .F. ) ;
#3436 = B_SPLINE_CURVE_WITH_KNOTS ( 'NONE', 3,
 ( #2328, #3014, #1694, #2654 ),
 .UNSPECIFIED., .F., .F.,
 ( 4, 4 ),
 ( 0.003336063884538004263, 0.004019182407521948962 ),
 .UNSPECIFIED. ) ;
#3437 = FACE_OUTER_BOUND ( 'NONE', #2943, .T. ) ;
#3438 = DIRECTION ( 'NONE',  ( -1.000000000000000000, 0.000000000000000000, 0.000000000000000000 ) ) ;
#3439 = EDGE_LOOP ( 'NONE', ( #878, #77, #2709 ) ) ;
#3440 = EDGE_CURVE ( 'NONE', #204, #2523, #1103, .T. ) ;
#3441 = CARTESIAN_POINT ( 'NONE',  ( -0.5316192378543964647, 0.1511113479966844086, 0.2306539311243376855 ) ) ;
#3442 = CYLINDRICAL_SURFACE ( 'NONE', #1161, 0.2500000000000000000 ) ;
#3443 = CARTESIAN_POINT ( 'NONE',  ( -0.6647273298947578013, -0.1500000000000000222, 0.2333620082425283959 ) ) ;
#3444 = VERTEX_POINT ( 'NONE', #2207 ) ;
#3445 = CARTESIAN_POINT ( 'NONE',  ( -0.3483687536793189654, 0.2749999999999999667, -0.4630976802575428319 ) ) ;
#3446 = DIRECTION ( 'NONE',  ( -0.1319848649109000849, 0.000000000000000000, 0.9912517316173784510 ) ) ;
#3447 = ORIENTED_EDGE ( 'NONE', *, *, #407, .T. ) ;
#3448 = DIRECTION ( 'NONE',  ( 0.000000000000000000, 0.000000000000000000, -1.000000000000000000 ) ) ;
#3449 = FACE_BOUND ( 'NONE', #1404, .T. ) ;
#3450 = ORIENTED_EDGE ( 'NONE', *, *, #2040, .T. ) ;
#3451 = ORIENTED_EDGE ( 'NONE', *, *, #816, .T. ) ;
#3452 = DIRECTION ( 'NONE',  ( -0.7991331842235434024, 0.000000000000000000, 0.6011540184285061317 ) ) ;
#3453 = CIRCLE ( 'NONE', #543, 0.1564999999999998059 ) ;
#3454 = CARTESIAN_POINT ( 'NONE',  ( -0.6647273298947578013, -0.2750000000000000222, 0.2333620082425283959 ) ) ;
#3455 = EDGE_CURVE ( 'NONE', #1433, #1414, #1661, .T. ) ;
#3456 = CARTESIAN_POINT ( 'NONE',  ( -0.2803246405009088837, -0.1563748743175278344, -0.5073181382502757186 ) ) ;
#3457 = DIRECTION ( 'NONE',  ( 0.000000000000000000, 0.000000000000000000, -1.000000000000000000 ) ) ;
#3458 = CIRCLE ( 'NONE', #2440, 0.1500000000000000500 ) ;
#3459 = CARTESIAN_POINT ( 'NONE',  ( -0.5303865127642697352, 0.2588803715678117401, 0.2336293618785126591 ) ) ;
#3460 = CARTESIAN_POINT ( 'NONE',  ( -1.178638338124658347, 0.2750000000000000777, 0.2822044477628676828 ) ) ;
#3461 = ADVANCED_FACE ( 'NONE', ( #453, #2785, #136, #3067 ), #1747, .F. ) ;
#3462 = FACE_OUTER_BOUND ( 'NONE', #3325, .T. ) ;
#3463 = ORIENTED_EDGE ( 'NONE', *, *, #1152, .F. ) ;
#3464 = VECTOR ( 'NONE', #933, 39.37007874015748143 ) ;
#3465 = CARTESIAN_POINT ( 'NONE',  ( -0.3588928893047553803, 0.2749999999904223502, -0.5718110196089726260 ) ) ;
#3466 = CARTESIAN_POINT ( 'NONE',  ( -0.3483687536793195760, -0.1499999999999993283, -0.4630976802575430540 ) ) ;
#3467 = AXIS2_PLACEMENT_3D ( 'NONE', #1102, #2178, #3315 ) ;
#3468 = CIRCLE ( 'NONE', #2227, 0.09499999999999994560 ) ;
#3469 = CARTESIAN_POINT ( 'NONE',  ( -0.4916009466856629539, -0.1499999999999992728, 0.3068366979645035797 ) ) ;
#3470 = FACE_OUTER_BOUND ( 'NONE', #2158, .T. ) ;
#3471 = VERTEX_POINT ( 'NONE', #1465 ) ;
#3472 = ORIENTED_EDGE ( 'NONE', *, *, #68, .F. ) ;
#3473 = CARTESIAN_POINT ( 'NONE',  ( 0.6107455982038001441, 0.2750000000000001332, -3.454525085807507612 ) ) ;
#3474 = AXIS2_PLACEMENT_3D ( 'NONE', #3255, #2423, #1865 ) ;
#3475 = CARTESIAN_POINT ( 'NONE',  ( 0.000000000000000000, -0.4154999999999999805, 0.000000000000000000 ) ) ;
#3476 = CARTESIAN_POINT ( 'NONE',  ( -0.4916009466856629539, 0.1499999999999992728, 0.3068366979645035797 ) ) ;
#3477 = CARTESIAN_POINT ( 'NONE',  ( 0.2817055503725376386, 0.4154999999999999805, -0.7557011531612913835 ) ) ;
#3478 = CIRCLE ( 'NONE', #1230, 0.2000000000000000389 ) ;
#3479 = DIRECTION ( 'NONE',  ( 0.000000000000000000, 0.000000000000000000, 1.000000000000000000 ) ) ;
#3480 = DIRECTION ( 'NONE',  ( -0.000000000000000000, -1.000000000000000000, -0.000000000000000000 ) ) ;
#3481 = LINE ( 'NONE', #3426, #1712 ) ;
#3482 = ORIENTED_EDGE ( 'NONE', *, *, #369, .F. ) ;
#3483 = EDGE_CURVE ( 'NONE', #371, #1809, #431, .T. ) ;
#3484 = EDGE_CURVE ( 'NONE', #2191, #1300, #1607, .T. ) ;
#3485 = DIRECTION ( 'NONE',  ( -0.000000000000000000, -1.000000000000000000, -0.000000000000000000 ) ) ;
#3486 = VECTOR ( 'NONE', #2648, 39.37007874015748143 ) ;
#3487 = DIRECTION ( 'NONE',  ( -0.000000000000000000, -1.000000000000000000, -0.000000000000000000 ) ) ;
#3488 = ADVANCED_FACE ( 'NONE', ( #399, #3104, #2540, #378, #3329, #433, #698 ), #1517, .F. ) ;
#3489 = CARTESIAN_POINT ( 'NONE',  ( 4.978189238533990241E-17, -0.4154999999999999805, 0.4064999999999999725 ) ) ;
#3490 = DIRECTION ( 'NONE',  ( 1.000000000000000000, 1.454141941269125039E-16, 0.000000000000000000 ) ) ;
#3491 = EDGE_LOOP ( 'NONE', ( #1368, #2929, #1593, #2117 ) ) ;
#3492 = ORIENTED_EDGE ( 'NONE', *, *, #1983, .F. ) ;
#3493 = CARTESIAN_POINT ( 'NONE',  ( 0.5175456179079590546, -0.4154999999999999805, -2.955020563952858392 ) ) ;
ENDSEC;
END-ISO-10303-21;
